name,wgms_id,rgi_id,cenlon,cenlat,rgi_reg_name,imageid,targetmonth,imagedate,cloudcover,cloudpct_roi,snowcoverarea_km2_gee,snowcoverarea_error_km2,totalarea_km2_gee,totalarea_error_km2,aar_gee,snowline_m_gee,snowline_error_m,bimodalok,rejectionreason,classbalance,peakbalance
Abramov,732,RGI2000-v7.0-G-13-02620,71.56986237,39.60969925,"13: Asia, Central",LC09_L2SP_152033_20220929_20230327_02_T1,9,9/29/22,0.35,2.337171942,9.251250598,0.647587542,20.35990114,0.610797034,0.454385831,4228.037662,42.28037662,1,ok,0.463259334,0.983247841
Abramov,732,RGI2000-v7.0-G-13-02620,71.56986237,39.60969925,"13: Asia, Central",LC08_L2SP_152033_20210918_20210925_02_T1,9,9/18/21,0.41,2.238425635,7.593591382,0.531551397,20.56225665,0.6168677,0.369297568,4268.057806,42.68057806,1,ok,0.371871322,0.780192754
Abramov,732,RGI2000-v7.0-G-13-02620,71.56986237,39.60969925,"13: Asia, Central",LC08_L2SP_152033_20230924_20231002_02_T1,9,9/24/23,1.22,1.683922502,19.82711333,1.387897933,22.05745646,0.661723694,0.898884845,3931.929801,39.31929801,0,secondary_peak_too_small,0.099554033,0.069950722
Abramov,732,RGI2000-v7.0-G-13-02620,71.56986237,39.60969925,"13: Asia, Central",LC08_L2SP_152033_20140915_20200910_02_T1,9,9/15/14,11.68,12.17554785,6.889635776,0.482274504,19.25267099,0.57758013,0.357853504,4244.042573,42.44042573,1,ok,0.362149659,0.758320546
Abramov,732,RGI2000-v7.0-G-13-02620,71.56986237,39.60969925,"13: Asia, Central",LT05_L2SP_152032_19940924_20200912_02_T1,9,9/24/94,5,3.846217677,20.24802977,1.417362084,22.51682634,0.67550479,0.899239949,3907.871837,39.07871837,0,secondary_peak_too_small,0.097781685,0.082572578
Abramov,732,RGI2000-v7.0-G-13-02620,71.56986237,39.60969925,"13: Asia, Central",LC08_L2SP_152032_20130912_20200912_02_T1,9,9/12/13,1.54,4.168361472,11.18315599,0.782820919,21.04835831,0.631450749,0.531307754,4195.995222,41.95995222,1,ok,0.465806472,0.768716578
Abramov,732,RGI2000-v7.0-G-13-02620,71.56986237,39.60969925,"13: Asia, Central",LC08_L2SP_152033_20180910_20200830_02_T1,9,9/10/18,4.34,12.30928158,8.80720469,0.616504328,19.46012525,0.583803757,0.452576979,4236.061909,42.36061909,1,ok,0.455216363,0.734824281
Abramov,732,RGI2000-v7.0-G-13-02620,71.56986237,39.60969925,"13: Asia, Central",LC08_L2SP_152032_20150918_20200908_02_T1,9,9/18/15,13.7,5.520529576,18.04268472,1.262987931,21.85537407,0.655661222,0.825549115,4020.096062,40.20096062,1,ok,0.171057413,0.111130621
Abramov,732,RGI2000-v7.0-G-13-02620,71.56986237,39.60969925,"13: Asia, Central",LT05_L2SP_152033_19880822_20200917_02_T1,9,8/22/88,13,2.243329004,15.86192716,1.110334901,21.90276866,0.65708306,0.724197356,4091.950453,40.91950453,1,ok,0.27411777,0.596118094
Abramov,732,RGI2000-v7.0-G-13-02620,71.56986237,39.60969925,"13: Asia, Central",LC08_L2SP_152032_20170907_20200903_02_T1,9,9/7/17,1.07,6.842704149,12.03128953,0.842190267,20.94751847,0.628425554,0.574353929,4179.80692,41.7980692,1,ok,0.423305388,0.870556245
Abramov,732,RGI2000-v7.0-G-13-02620,71.56986237,39.60969925,"13: Asia, Central",LC08_L2SP_152032_20200915_20200919_02_T1,9,9/15/20,0.79,5.483595892,9.805078974,0.686355528,21.01568971,0.630470691,0.466559942,4228.040157,42.28040157,1,ok,0.469511011,0.792763158
Abramov,732,RGI2000-v7.0-G-13-02620,71.56986237,39.60969925,"13: Asia, Central",LC08_L2SP_152033_20190913_20200826_02_T1,9,9/13/19,0.95,1.842157989,19.56739949,1.369717964,22.36030316,0.670809095,0.875095447,3964.228955,39.64228955,1,ok,0.121152005,0.128155593
Abramov,732,RGI2000-v7.0-G-13-02620,71.56986237,39.60969925,"13: Asia, Central",LT05_L2SP_152032_19930921_20200913_02_T1,9,9/21/93,1,2.941191558,20.52381394,1.436666976,22.61496687,0.678449006,0.907532346,3900.001912,39.00001912,0,secondary_peak_too_small,0.089921819,0.073444053
Abramov,732,RGI2000-v7.0-G-13-02620,71.56986237,39.60969925,"13: Asia, Central",LT05_L2SP_152032_19920817_20200914_02_T1,9,8/17/92,14,8.009464558,17.55702424,1.228991697,22.1393946,0.664181838,0.793021876,4043.998884,40.43998884,1,ok,0.20404351,0.258667102
Abramov,732,RGI2000-v7.0-G-13-02620,71.56986237,39.60969925,"13: Asia, Central",LC08_L2SP_152033_20160920_20200906_02_T1,9,9/20/16,0.54,2.082091147,11.58668389,0.811067872,20.96450947,0.628935284,0.552680896,4187.989075,41.87989075,1,ok,0.444238631,0.709359606
Abramov,732,RGI2000-v7.0-G-13-02620,71.56986237,39.60969925,"13: Asia, Central",LE07_L2SP_152032_20000916_20200917_02_T1,9,9/16/00,0,0.216593121,12.34911192,0.864437834,21.46696339,0.644008902,0.575261237,4172.335911,41.72335911,1,ok,0.418905117,0.743992657
Abramov,732,RGI2000-v7.0-G-13-02620,71.56986237,39.60969925,"13: Asia, Central",LE07_L2SP_152032_20010802_20200917_02_T1,9,8/2/01,1,2.280413561,1.10655579,0.077458905,22.51120416,0.675336125,0.04915578,4491.890504,44.91890504,0,secondary_peak_too_small,0.049165337,0.087351779
Abramov,732,RGI2000-v7.0-G-13-02620,71.56986237,39.60969925,"13: Asia, Central",LE07_L2SP_152032_20020922_20200916_02_T1,9,9/22/02,2,3.712604645,13.78877087,0.965213961,21.80812633,0.65424379,0.632276733,4148.067698,41.48067698,1,ok,0.365469023,0.382895141
Abramov,732,RGI2000-v7.0-G-13-02620,71.56986237,39.60969925,"13: Asia, Central",LT05_L2SP_152032_19971002_20200909_02_T1,9,10/2/97,0,3.532568026,15.58365888,1.090856122,21.28578027,0.638573408,0.732115933,4084.144134,40.84144134,1,ok,0.260887508,0.636363636
Abramov,732,RGI2000-v7.0-G-13-02620,71.56986237,39.60969925,"13: Asia, Central",LT05_L2SP_152032_19980903_20200908_02_T1,9,9/3/98,1,3.562893476,15.95709764,1.116996834,21.89027907,0.656708372,0.728958164,4099.959505,40.99959505,1,ok,0.26863622,0.391318852
Abramov,732,RGI2000-v7.0-G-13-02620,71.56986237,39.60969925,"13: Asia, Central",LT05_L2SP_152032_20080813_20200829_02_T1,9,8/13/08,1,2.767250203,8.565523393,0.599586638,20.92921164,0.627876349,0.409261636,4243.997882,42.43997882,1,ok,0.412087353,0.516721863
Abramov,732,RGI2000-v7.0-G-13-02620,71.56986237,39.60969925,"13: Asia, Central",LT05_L2SP_152032_20091019_20200825_02_T1,9,10/19/09,2,3.237777485,19.40910962,1.358637674,21.94368492,0.658310547,0.884496369,3931.995383,39.31995383,1,ok,0.112839198,0.128100873
Abramov,732,RGI2000-v7.0-G-13-02620,71.56986237,39.60969925,"13: Asia, Central",LT05_L2SP_152032_20100904_20200823_02_T1,9,9/4/10,1,3.516786721,15.83271728,1.10829021,21.43441337,0.643032401,0.738658764,4099.96305,40.9996305,1,ok,0.259865797,0.371244803
Abramov,732,RGI2000-v7.0-G-13-02620,71.56986237,39.60969925,"13: Asia, Central",LT05_L2SP_152032_20110907_20200820_02_T1,9,9/7/11,0,3.390611723,12.59519491,0.881663644,21.21364377,0.636409313,0.593730858,4172.326568,41.72326568,1,ok,0.403960396,0.750953978
Abramov,732,RGI2000-v7.0-G-13-02620,71.56986237,39.60969925,"13: Asia, Central",LT05_L2SP_152033_19990805_20200907_02_T1,9,8/5/99,1,1.305141024,19.68960995,1.378272697,22.33263436,0.669979031,0.88165192,3964.217193,39.64217193,1,ok,0.116645298,0.21583522
Alfotbreen,317,RGI2000-v7.0-G-08-01852,5.644,61.747,08: Scandinavia,LC08_L2SP_201017_20150909_20200908_02_T1,9,9/9/15,5.69,6.558717508,3.062517188,0.214376203,4.00671616,0.120201485,0.764345929,1133.09899,11.3309899,1,ok,0.223309692,0.397597793
Alfotbreen,317,RGI2000-v7.0-G-08-01852,5.644,61.747,08: Scandinavia,LC08_L2SP_201017_20191006_20200825_02_T1,9,10/6/19,2.84,0,3.055598977,0.213891928,4.186530755,0.125595923,0.729864213,1135.174298,11.35174298,1,ok,0.266975373,0.344166181
Alfotbreen,317,RGI2000-v7.0-G-08-01852,5.644,61.747,08: Scandinavia,LC08_L2SP_201017_20240901_20240906_02_T1,9,9/1/24,2.75,26.60228851,1.602890726,0.112202351,3.124911722,0.093747352,0.512939522,1243.10424,12.4310424,1,ok,0.484406079,0.569536424
Alfotbreen,317,RGI2000-v7.0-G-08-01852,5.644,61.747,08: Scandinavia,LC08_L2SP_202017_20130926_20200912_02_T1,9,9/26/13,13.38,11.12443652,2.625715339,0.183800074,3.784471929,0.113534158,0.693812872,1170.907046,11.70907046,1,ok,0.303181141,0.292075943
Alfotbreen,317,RGI2000-v7.0-G-08-01852,5.644,61.747,08: Scandinavia,LC08_L2SP_202017_20161004_20200906_02_T1,9,10/4/16,3.82,7.640802522,3.011749423,0.21082246,3.987282957,0.119618489,0.755338775,1138.917584,11.38917584,1,ok,0.242122456,0.210084034
Alfotbreen,317,RGI2000-v7.0-G-08-01852,5.644,61.747,08: Scandinavia,LC08_L2SP_202017_20200812_20200919_02_T1,9,8/12/20,11.21,8.122748755,3.734826759,0.261437873,4.02485394,0.120745618,0.927940943,1044.895642,10.44895642,0,secondary_peak_too_small,0.069593255,0.069361736
Alfotbreen,317,RGI2000-v7.0-G-08-01852,5.644,61.747,08: Scandinavia,LC09_L2SP_201017_20220920_20230328_02_T1,9,9/20/22,3.56,18.43739665,2.964871995,0.20754104,3.475922685,0.104277681,0.852974092,1135.182159,11.35182159,0,secondary_peak_too_small,0.146589771,0.060364214
Alfotbreen,317,RGI2000-v7.0-G-08-01852,5.644,61.747,08: Scandinavia,LE07_L2SP_202017_20010917_20200917_02_T1,9,9/17/01,18,2.893082489,2.377969047,0.166457833,4.145464412,0.124363932,0.573631519,1193.122167,11.93122167,1,ok,0.422502518,0.422234554
Alfotbreen,317,RGI2000-v7.0-G-08-01852,5.644,61.747,08: Scandinavia,LE07_L2SP_202017_20020803_20200916_02_T1,9,8/3/02,10,2.960692164,3.149666268,0.220476639,4.169971239,0.125099137,0.755320861,1125.074496,11.25074496,1,ok,0.240604646,0.284210526
Alfotbreen,317,RGI2000-v7.0-G-08-01852,5.644,61.747,08: Scandinavia,LT05_L2SP_201017_19960920_20200911_02_T1,9,9/20/96,3,1.9520967,1.506146535,0.105430257,4.139927024,0.124197811,0.363809924,1254.86588,12.5486588,1,ok,0.365105116,0.56
Alfotbreen,317,RGI2000-v7.0-G-08-01852,5.644,61.747,08: Scandinavia,LT05_L2SP_202017_19900810_20200915_02_T1,9,8/10/90,2,1.601390544,3.37384683,0.236169278,4.157515661,0.12472547,0.811505501,1100.944176,11.00944176,1,ok,0.170815989,0.342356799
Alfotbreen,317,RGI2000-v7.0-G-08-01852,5.644,61.747,08: Scandinavia,LT05_L2SP_202017_19930919_20200913_02_T1,9,9/19/93,2,1.012078824,3.057995108,0.214059658,4.171126648,0.125133799,0.733134082,1135.158968,11.35158968,1,ok,0.257057028,0.348527203
Alfotbreen,317,RGI2000-v7.0-G-08-01852,5.644,61.747,08: Scandinavia,LT05_L2SP_202017_19950909_20200912_02_T1,9,9/9/95,7,1.065720241,3.454711706,0.241829819,4.169554313,0.125086629,0.828556591,1092.916052,10.92916052,1,ok,0.166890415,0.274215886
Alfotbreen,317,RGI2000-v7.0-G-08-01852,5.644,61.747,08: Scandinavia,LT05_L2SP_202017_19970813_20200910_02_T1,9,8/13/97,4,1.141843116,3.906332043,0.273443243,4.178094908,0.125342847,0.934955316,1017.260191,10.17260191,0,secondary_peak_too_small,0.06406837,0.03428387
Alfotbreen,317,RGI2000-v7.0-G-08-01852,5.644,61.747,08: Scandinavia,LT05_L2SP_202017_19991006_20200907_02_T1,9,10/6/99,2,1.178375483,2.233712597,0.156359882,4.16613502,0.124984051,0.536159435,1205.103581,12.05103581,1,ok,0.455855259,0.943425312
Alfotbreen,317,RGI2000-v7.0-G-08-01852,5.644,61.747,08: Scandinavia,LT05_L2SP_202017_20100902_20200823_02_T1,9,9/2/10,1,8.794795543,2.237144741,0.156600132,3.895875251,0.116876258,0.574234183,1202.939254,12.02939254,1,ok,0.424945379,0.812533192
Allalin,394,RGI2000-v7.0-G-11-01182,7.90949,46.0336,11: Central Europe,LC08_L2SP_194028_20171015_20200902_02_T1,9,10/15/17,1.72,12.10731488,4.068409464,0.284788662,7.955837485,0.238675125,0.511374129,3323.921963,33.23921963,1,ok,0.484497802,0.978138578
Allalin,394,RGI2000-v7.0-G-11-01182,7.90949,46.0336,11: Central Europe,LC08_L2SP_195028_20220918_20220928_02_T1,9,9/18/22,4.24,16.6402965,3.976766562,0.278373659,8.247422196,0.247422666,0.482182974,3372.51203,33.7251203,1,ok,0.488052221,0.935264992
Allalin,394,RGI2000-v7.0-G-11-01182,7.90949,46.0336,11: Central Europe,LC09_L2SP_195028_20230929_20231002_02_T1,9,9/29/23,1.76,13.82307688,3.757685704,0.263037999,7.497214754,0.224916443,0.501210893,3387.959247,33.87959247,1,ok,0.494665102,0.882352941
Allalin,394,RGI2000-v7.0-G-11-01182,7.90949,46.0336,11: Central Europe,LT05_L2SP_195028_19870918_20211115_02_T1,9,9/18/87,8,20.5339241,5.031484933,0.352203945,8.447897342,0.25343692,0.595590208,3291.882884,32.91882884,1,ok,0.401303806,0.905333333
Allalin,394,RGI2000-v7.0-G-11-01182,7.90949,46.0336,11: Central Europe,LT05_L2SP_194028_19910906_20200915_02_T1,9,9/6/91,4,7.486867103,4.152073919,0.290645174,9.204542257,0.276136268,0.451089669,3363.861693,33.63861693,1,ok,0.454289949,0.8
Allalin,394,RGI2000-v7.0-G-11-01182,7.90949,46.0336,11: Central Europe,LC08_L2SP_195028_20181025_20200830_02_T1,9,10/25/18,7.44,7.630971736,5.114272246,0.357999057,8.131587405,0.243947622,0.628938975,3235.975527,32.35975527,1,ok,0.363563911,0.819354839
Allalin,394,RGI2000-v7.0-G-11-01182,7.90949,46.0336,11: Central Europe,LT05_L2SP_195028_20100901_20200823_02_T1,9,9/1/10,3,9.537235565,5.749967041,0.402497693,9.326991815,0.279809754,0.616486768,3260.05712,32.6005712,1,ok,0.373901513,0.762313657
Allalin,394,RGI2000-v7.0-G-11-01182,7.90949,46.0336,11: Central Europe,LT05_L2SP_194028_20110913_20200820_02_T1,9,9/13/11,2,12.44019139,3.601396103,0.252097727,8.428433089,0.252852993,0.427291297,3420.182616,34.20182616,1,ok,0.429309843,0.460606061
Allalin,394,RGI2000-v7.0-G-11-01182,7.90949,46.0336,11: Central Europe,LT05_L2SP_195028_20030914_20200904_02_T1,9,9/14/03,5,6.740982908,6.270870598,0.438960942,9.415064504,0.282451935,0.666046483,3228.08548,32.2808548,1,ok,0.324432387,0.749174198
Allalin,394,RGI2000-v7.0-G-11-01182,7.90949,46.0336,11: Central Europe,LT05_L2SP_195028_19900910_20200915_02_T1,9,9/10/90,2,6.516297317,3.308245642,0.231577195,9.18275115,0.275482535,0.360267374,3443.989126,34.43989126,1,ok,0.362658128,0.524886878
Allalin,394,RGI2000-v7.0-G-11-01182,7.90949,46.0336,11: Central Europe,LT05_L2SP_195028_20060922_20200831_02_T1,9,9/22/06,12,2.775839275,7.222365265,0.505565569,9.606139621,0.288184189,0.751848875,3155.798313,31.55798313,1,ok,0.244629628,0.351085105
Allalin,394,RGI2000-v7.0-G-11-01182,7.90949,46.0336,11: Central Europe,LT05_L2SP_195028_19940804_20200913_02_T1,9,8/4/94,3,6.126124942,7.38435282,0.516904697,9.581004301,0.287430129,0.770728474,3116.13008,31.1613008,1,ok,0.227633368,0.194805195
Allalin,394,RGI2000-v7.0-G-11-01182,7.90949,46.0336,11: Central Europe,LT05_L2SP_194028_19850921_20200918_02_T1,9,9/21/85,6,3.800867811,5.49778608,0.384845026,9.481373568,0.284441207,0.579851225,3275.88606,32.7588606,1,ok,0.416666853,0.652173913
Allalin,394,RGI2000-v7.0-G-11-01182,7.90949,46.0336,11: Central Europe,LT05_L2SP_195028_19860814_20200918_02_T1,9,8/14/86,14,28.91223319,5.905805535,0.413406387,7.93854381,0.238156314,0.743940662,3251.792441,32.51792441,1,ok,0.249974525,0.372173051
Allalin,394,RGI2000-v7.0-G-11-01182,7.90949,46.0336,11: Central Europe,LT05_L2SP_194028_20051030_20200901_02_T1,9,10/30/05,6,3.047129654,5.652593257,0.395681528,9.058384707,0.271751541,0.624017796,3235.974072,32.35974072,1,ok,0.365823662,0.90200747
Allalin,394,RGI2000-v7.0-G-11-01182,7.90949,46.0336,11: Central Europe,LC08_L2SP_194028_20190903_20200826_02_T1,9,9/3/19,8.2,14.37814786,3.566279421,0.249639559,8.039941166,0.241198235,0.443570338,3420.202305,34.20202305,1,ok,0.44655916,0.688280894
Allalin,394,RGI2000-v7.0-G-11-01182,7.90949,46.0336,11: Central Europe,LC08_L2SP_195028_20161003_20200906_02_T1,9,10/3/16,4.56,8.570229471,6.044293697,0.423100559,8.874177473,0.266225324,0.681110302,3228.080973,32.28080973,1,ok,0.311331467,0.646482586
Allalin,394,RGI2000-v7.0-G-11-01182,7.90949,46.0336,11: Central Europe,LT05_L2SP_194028_19890916_20200916_02_T1,9,9/16/89,8,2.264778164,4.883902553,0.341873179,9.729766532,0.291892996,0.501954753,3323.964709,33.23964709,1,ok,0.486237586,0.942956958
Allalin,394,RGI2000-v7.0-G-11-01182,7.90949,46.0336,11: Central Europe,LT05_L2SP_195028_19920915_20200914_02_T1,9,9/15/92,4,6.348042616,5.410147869,0.378710351,9.402711749,0.282081352,0.575381657,3275.88606,32.7588606,1,ok,0.421231673,0.674633596
Allalin,394,RGI2000-v7.0-G-11-01182,7.90949,46.0336,11: Central Europe,LC08_L2SP_194028_20210924_20210930_02_T1,9,9/24/21,1.92,9.858936615,6.92511388,0.484757972,9.036689063,0.271100672,0.766333093,3139.785586,31.39785586,1,ok,0.230989745,0.420850594
Allalin,394,RGI2000-v7.0-G-11-01182,7.90949,46.0336,11: Central Europe,LC08_L2SP_195028_20150830_20200908_02_T1,9,8/30/15,3.97,13.9741359,5.237195637,0.366603695,8.449615912,0.253488477,0.619814639,3284.117317,32.84117317,1,ok,0.378793567,0.645426646
Allalin,394,RGI2000-v7.0-G-11-01182,7.90949,46.0336,11: Central Europe,LT05_L2SP_195028_19960910_20200911_02_T1,9,9/10/96,8,3.739350875,7.340637263,0.513844608,9.70533141,0.291159942,0.756351015,3132.016094,31.32016094,1,ok,0.236349017,0.369961318
Allalin,394,RGI2000-v7.0-G-11-01182,7.90949,46.0336,11: Central Europe,LC08_L2SP_194028_20200905_20200918_02_T1,9,9/5/20,6.16,17.61906624,5.102103009,0.357147211,8.193225308,0.245796759,0.622722166,3284.075287,32.84075287,1,ok,0.375512766,0.453001309
Allalin,394,RGI2000-v7.0-G-11-01182,7.90949,46.0336,11: Central Europe,LT05_L2SP_195028_19970929_20200909_02_T1,9,9/29/97,5,5.64641048,3.87689907,0.271382935,9.213953704,0.276418611,0.420763897,3396.087796,33.96087796,1,ok,0.42420345,0.677683135
Allalin,394,RGI2000-v7.0-G-11-01182,7.90949,46.0336,11: Central Europe,LT05_L2SP_194028_20090907_20200825_02_T1,9,9/7/09,2,14.81907689,4.394971512,0.307648006,8.832187098,0.264965613,0.497608516,3347.971256,33.47971256,1,ok,0.497400243,0.960896816
Allalin,394,RGI2000-v7.0-G-11-01182,7.90949,46.0336,11: Central Europe,LC08_L2SP_195028_20141030_20200910_02_T1,9,10/30/14,8.15,7.534371463,4.565796082,0.319605726,8.047833359,0.241435001,0.567332334,3267.98349,32.6798349,1,ok,0.426894376,0.941431452
Allalin,394,RGI2000-v7.0-G-11-01182,7.90949,46.0336,11: Central Europe,LE07_L2SP_195028_20020818_20200916_02_T1,9,8/18/02,15,13.69146247,6.569267872,0.459848751,9.395566558,0.281866997,0.699188051,3212.025549,32.12025549,1,ok,0.299927157,0.329473737
Allalin,394,RGI2000-v7.0-G-11-01182,7.90949,46.0336,11: Central Europe,LT05_L2SP_195028_19951026_20200912_02_T1,9,10/26/95,11,2.03556011,5.728339958,0.400983797,9.029189859,0.270875696,0.634424577,3228.108075,32.28108075,1,ok,0.359589647,0.963923337
Allalin,394,RGI2000-v7.0-G-11-01182,7.90949,46.0336,11: Central Europe,LC08_L2SP_194028_20130801_20200912_02_T1,9,8/1/13,7.55,8.906911867,7.479228892,0.523546022,9.486920303,0.284607609,0.788372691,3099.886464,30.99886464,1,ok,0.206953837,0.186851211
Allalin,394,RGI2000-v7.0-G-11-01182,7.90949,46.0336,11: Central Europe,LE07_L2SP_194028_20011011_20200917_02_T1,9,10/11/01,2,10.37456479,0.869829854,0.06088809,9.469681503,0.284090445,0.091854183,3828.497298,38.28497298,1,ok,0.092084216,0.257575758
Allalin,394,RGI2000-v7.0-G-11-01182,7.90949,46.0336,11: Central Europe,LT05_L2SP_194028_19931029_20200913_02_T1,9,10/29/93,2,0.41971988,5.419567092,0.379369696,9.223293183,0.276698795,0.587595665,3260.025178,32.60025178,1,ok,0.408210107,0.866666667
Allalin,394,RGI2000-v7.0-G-11-01182,7.90949,46.0336,11: Central Europe,LC09_L2SP_195028_20240915_20240916_02_T1,9,9/15/24,8.32,15.60215496,5.170741396,0.361951898,8.477767583,0.254333027,0.609917805,3291.842454,32.91842454,1,ok,0.383564062,0.634873323
Allalin,394,RGI2000-v7.0-G-11-01182,7.90949,46.0336,11: Central Europe,LT05_L2SP_194028_19980909_20200908_02_T1,9,9/9/98,10,4.989687783,3.229504591,0.226065321,9.241927202,0.277257816,0.3494406,3468.165819,34.68165819,1,ok,0.355674353,0.463067227
Austdalsbreen,321,RGI2000-v7.0-G-08-02011,7.335,61.826,08: Scandinavia,LC08_L2SP_200017_20140915_20200911_02_T1,9,9/15/14,11.88,7.351954745,4.140276713,0.28981937,9.270586639,0.278117599,0.446603529,1509.992609,15.09992609,1,ok,0.446205947,0.873303167
Austdalsbreen,321,RGI2000-v7.0-G-08-02011,7.335,61.826,08: Scandinavia,LC08_L2SP_200017_20171009_20200903_02_T1,9,10/9/17,3.02,0.007775681,9.677993898,0.677459573,10.40566305,0.312169891,0.930069891,1290.013055,12.90013055,0,secondary_peak_too_small,0.068303155,0.024377201
Austdalsbreen,321,RGI2000-v7.0-G-08-02011,7.335,61.826,08: Scandinavia,LC08_L2SP_201017_20150909_20200908_02_T1,9,9/9/15,5.69,5.639358358,8.461762465,0.592323373,10.19953743,0.305986123,0.829622179,1361.999729,13.61999729,0,secondary_peak_too_small,0.169352523,0.064131646
Austdalsbreen,321,RGI2000-v7.0-G-08-02011,7.335,61.826,08: Scandinavia,LC08_L2SP_201017_20161013_20200906_02_T1,9,10/13/16,6.67,1.2374418,9.436305338,0.660541374,10.10789596,0.303236879,0.933557822,1290.013055,12.90013055,0,secondary_peak_too_small,0.065423078,0.028712302
Austdalsbreen,321,RGI2000-v7.0-G-08-02011,7.335,61.826,08: Scandinavia,LC08_L2SP_201017_20191006_20200825_02_T1,9,10/6/19,2.84,0.469148877,9.52105758,0.666474031,10.3735946,0.311207838,0.917816624,1305.99723,13.0599723,0,secondary_peak_too_small,0.080629369,0.028228139
Austdalsbreen,321,RGI2000-v7.0-G-08-02011,7.335,61.826,08: Scandinavia,LC08_L2SP_201017_20240901_20240906_02_T1,9,9/1/24,2.75,10.17205778,3.749454186,0.262461793,9.238061904,0.277141857,0.405870217,1517.000953,15.17000953,1,ok,0.408592669,0.886227068
Austdalsbreen,321,RGI2000-v7.0-G-08-02011,7.335,61.826,08: Scandinavia,LC09_L2SP_201017_20220920_20230328_02_T1,9,9/20/22,3.56,5.362709738,8.62844003,0.603990802,9.950219455,0.298506584,0.867160777,1359.029983,13.59029983,0,secondary_peak_too_small,0.130144685,0.092707137
Austdalsbreen,321,RGI2000-v7.0-G-08-02011,7.335,61.826,08: Scandinavia,LT05_L2SP_200017_19880806_20200917_02_T1,9,8/6/88,15,3.110917669,7.202100741,0.504147052,10.3863482,0.311590446,0.69341992,1422.058816,14.22058816,1,ok,0.305799154,0.182549222
Austdalsbreen,321,RGI2000-v7.0-G-08-02011,7.335,61.826,08: Scandinavia,LT05_L2SP_200017_19910831_20200915_02_T1,9,8/31/91,15,1.773210166,8.396899068,0.587782935,10.66743344,0.320023003,0.787152703,1373.992478,13.73992478,0,secondary_peak_too_small,0.211211416,0.0647686
Austdalsbreen,321,RGI2000-v7.0-G-08-02011,7.335,61.826,08: Scandinavia,LT05_L2SP_200017_19940823_20200913_02_T1,9,8/23/94,19,1.08201343,8.356572837,0.584960099,10.7074878,0.321224634,0.780441967,1377.976128,13.77976128,1,ok,0.217939231,0.147052209
Austdalsbreen,321,RGI2000-v7.0-G-08-02011,7.335,61.826,08: Scandinavia,LT05_L2SP_200017_19970815_20200910_02_T1,9,8/15/97,5,1.480670335,8.412525281,0.58887677,10.69102442,0.320730732,0.78687738,1373.992478,13.73992478,0,secondary_peak_too_small,0.212829013,0.068065844
Austdalsbreen,321,RGI2000-v7.0-G-08-02011,7.335,61.826,08: Scandinavia,LT05_L2SP_200017_19980903_20200908_02_T1,9,9/3/98,5,0.798023622,8.179375965,0.572556318,10.70117015,0.321035104,0.764344072,1386.157967,13.86157967,0,secondary_peak_too_small,0.234780578,0.066825551
Austdalsbreen,321,RGI2000-v7.0-G-08-02011,7.335,61.826,08: Scandinavia,LT05_L2SP_200017_20030901_20200904_02_T1,9,9/1/03,15,7.014890268,6.603745132,0.462262159,10.50198476,0.315059543,0.628809247,1442.027866,14.42027866,1,ok,0.3676127,0.534457563
Austdalsbreen,321,RGI2000-v7.0-G-08-02011,7.335,61.826,08: Scandinavia,LT05_L2SP_200017_20080914_20200829_02_T1,9,9/14/08,20,2.098691782,7.398200835,0.517874058,10.42951863,0.312885559,0.70935209,1414.010186,14.14010186,1,ok,0.289835426,0.128832053
Austdalsbreen,321,RGI2000-v7.0-G-08-02011,7.335,61.826,08: Scandinavia,LT05_L2SP_201017_19930827_20200913_02_T1,9,8/27/93,5,0.746635435,9.436366538,0.660545658,10.72061154,0.321618346,0.88020786,1314.00955,13.1400955,0,secondary_peak_too_small,0.117272765,0.046477533
Austdalsbreen,321,RGI2000-v7.0-G-08-02011,7.335,61.826,08: Scandinavia,LT05_L2SP_201017_19960920_20200911_02_T1,9,9/20/96,3,1.348404194,7.419460737,0.519362252,10.67364641,0.320209392,0.695119592,1418.054572,14.18054572,0,secondary_peak_too_small,0.30346682,0.090801571
Austdalsbreen,321,RGI2000-v7.0-G-08-02011,7.335,61.826,08: Scandinavia,LT05_L2SP_201017_20100927_20200823_02_T1,9,9/27/10,3,3.005653184,7.871279664,0.550989576,10.30876114,0.309262834,0.763552434,1397.981746,13.97981746,1,ok,0.230419622,0.149329605
Austre Brogger,292,RGI2000-v7.0-G-07-00271,11.8309,78.8876,07: Svalbard and Jan Mayen,LT05_L2SP_215004_19930813_20241104_02_T1,8,8/13/93,2,2.204539785,4.080018143,0.28560127,9.325763026,0.279772891,0.437499659,325.9024753,3.259024753,1,ok,0.444358556,0.955465587
Austre Brogger,292,RGI2000-v7.0-G-07-00271,11.8309,78.8876,07: Svalbard and Jan Mayen,LE07_L2SP_217003_20020711_20200916_02_T1,8,7/11/02,9,0.313201547,3.951956451,0.276636952,10.21826956,0.306548087,0.386753983,353.9532045,3.539532045,1,ok,0.391162616,0.477178423
Austre Brogger,292,RGI2000-v7.0-G-07-00271,11.8309,78.8876,07: Svalbard and Jan Mayen,LE07_L2SP_220003_20000726_20201008_02_T1,8,7/26/00,1,0.071557745,6.596897538,0.461782828,9.804407217,0.294132217,0.672850218,241.9952721,2.419952721,1,ok,0.324456536,0.721344538
Austre Brogger,292,RGI2000-v7.0-G-07-00271,11.8309,78.8876,07: Svalbard and Jan Mayen,LC08_L2SP_215004_20150709_20200909_02_T1,8,7/9/15,6.42,5.675043652,6.978602417,0.488502169,9.711948196,0.291358446,0.718558447,234.1161835,2.341161835,1,ok,0.276786893,0.344928874
Austre Brogger,292,RGI2000-v7.0-G-07-00271,11.8309,78.8876,07: Svalbard and Jan Mayen,LC08_L2SP_215004_20200823_20200905_02_T1,8,8/23/20,6.96,8.055344225,3.727916782,0.260954175,5.81239258,0.174371777,0.64137388,239.0682573,2.390682573,1,ok,0.352448853,0.746753247
Austre Brogger,292,RGI2000-v7.0-G-07-00271,11.8309,78.8876,07: Svalbard and Jan Mayen,LC08_L2SP_217004_20160709_20200906_02_T1,8,7/9/16,2.07,7.596969319,4.468204889,0.312774342,8.675945853,0.260278376,0.515010693,321.9885177,3.219885177,1,ok,0.481702493,0.885213758
Austre Brogger,292,RGI2000-v7.0-G-07-00271,11.8309,78.8876,07: Svalbard and Jan Mayen,LC08_L2SP_217004_20190803_20200827_02_T1,8,8/3/19,14.65,18.21114991,3.464639867,0.242524791,6.681837261,0.200455118,0.518516051,309.9674495,3.099674495,1,ok,0.480805644,0.935897436
Austre Brogger,292,RGI2000-v7.0-G-07-00271,11.8309,78.8876,07: Svalbard and Jan Mayen,LC08_L2SP_220003_20170802_20200903_02_T1,8,8/2/17,4.96,6.356728611,5.39924731,0.377947312,7.865594193,0.235967826,0.68643858,241.9304402,2.419304402,1,ok,0.309649784,0.463373083
Austre Brogger,292,RGI2000-v7.0-G-07-00271,11.8309,78.8876,07: Svalbard and Jan Mayen,LC08_L2SP_221003_20140716_20200911_02_T1,8,7/16/14,12.15,0.061860813,7.336709633,0.513569674,10.07036208,0.302110862,0.728544771,225.9596168,2.259596168,1,ok,0.270967041,0.168860238
Austre Brogger,292,RGI2000-v7.0-G-07-00271,11.8309,78.8876,07: Svalbard and Jan Mayen,LC08_L2SP_223002_20220821_20220923_02_T1,8,8/21/22,1.95,5.258016313,2.81248701,0.196874091,6.34768039,0.190430412,0.443073192,333.9377965,3.339377965,1,ok,0.442763637,0.497297297
Austre Brogger,292,RGI2000-v7.0-G-07-00271,11.8309,78.8876,07: Svalbard and Jan Mayen,LC08_L2SP_223002_20230808_20230812_02_T1,8,8/8/23,11.25,5.819312796,3.169505085,0.221865356,6.283412913,0.188502387,0.504424129,310.0305585,3.100305585,1,ok,0.487054029,0.98540146
Austre Brogger,292,RGI2000-v7.0-G-07-00271,11.8309,78.8876,07: Svalbard and Jan Mayen,LC09_L2SP_223002_20240802_20240803_02_T1,8,8/2/24,2.81,10.67632203,3.545070193,0.248154914,5.799265746,0.173977972,0.611296386,265.0345491,2.650345491,1,ok,0.383008357,0.781456954
Austre Brogger,292,RGI2000-v7.0-G-07-00271,11.8309,78.8876,07: Svalbard and Jan Mayen,LE07_L2SP_218003_19990710_20200918_02_T1,8,7/10/99,5,33.86405587,6.392527158,0.447476901,10.34665072,0.310399522,0.617835407,270.0331618,2.700331618,1,ok,0.371629933,0.726062893
Austre Brogger,292,RGI2000-v7.0-G-07-00271,11.8309,78.8876,07: Svalbard and Jan Mayen,LT05_L2SP_216004_19880721_20241111_02_T1,8,7/21/88,2,2.292778748,7.514261745,0.525998322,10.53380484,0.316014145,0.713347348,229.9821915,2.299821915,1,ok,0.28218479,0.523364486
Austre Brogger,292,RGI2000-v7.0-G-07-00271,11.8309,78.8876,07: Svalbard and Jan Mayen,LT05_L2SP_217003_19890731_20200916_02_T1,8,7/31/89,5,4.964860314,6.898643396,0.482905038,9.940877675,0.29822633,0.693967235,234.1287564,2.341287564,1,ok,0.30103388,0.519607843
Austre Brogger,292,RGI2000-v7.0-G-07-00271,11.8309,78.8876,07: Svalbard and Jan Mayen,LT05_L2SP_217004_19870710_20201014_02_T1,8,7/10/87,5,1.400255675,8.870605813,0.620942407,10.75920842,0.322776253,0.824466398,190.0411816,1.900411816,1,ok,0.172596562,0.101568627
Austre Brogger,292,RGI2000-v7.0-G-07-00271,11.8309,78.8876,07: Svalbard and Jan Mayen,LT05_L2SP_218003_19960725_20241031_02_T1,8,7/25/96,4,1.894175605,8.271781201,0.579024684,10.45485745,0.313645723,0.791190242,202.0071246,2.020071246,1,ok,0.203888403,0.344421907
Basodino,463,RGI2000-v7.0-G-11-02484,8.4812,46.416,11: Central Europe,LC08_L2SP_195028_20181025_20200830_02_T1,9,10/25/18,7.44,12.15796584,1.242498933,0.086974925,1.727475672,0.05182427,0.719256979,2833.612174,28.33612174,1,ok,0.279188066,0.482758621
Basodino,463,RGI2000-v7.0-G-11-02484,8.4812,46.416,11: Central Europe,LC08_L2SP_195028_20220918_20220928_02_T1,9,9/18/22,4.24,28.12810564,1.192963565,0.08350745,1.558139331,0.04674418,0.765633433,2818.171168,28.18171168,1,ok,0.229703343,0.413043478
Basodino,463,RGI2000-v7.0-G-11-02484,8.4812,46.416,11: Central Europe,LC09_L2SP_195028_20230929_20231002_02_T1,9,9/29/23,1.76,16.96365559,0.619457944,0.043362056,1.34183178,0.040254953,0.461650971,2935.065197,29.35065197,1,ok,0.47386059,0.783783784
Basodino,463,RGI2000-v7.0-G-11-02484,8.4812,46.416,11: Central Europe,LC08_L2SP_195028_20150830_20200908_02_T1,9,8/30/15,3.97,13.1552264,0.591474652,0.041403226,1.787405522,0.053622166,0.330912401,2958.280416,29.58280416,1,ok,0.333434069,0.215909091
Basodino,463,RGI2000-v7.0-G-11-02484,8.4812,46.416,11: Central Europe,LC08_L2SP_194028_20171015_20200902_02_T1,9,10/15/17,1.72,20.51801666,1.30998708,0.091699096,1.784388241,0.053531647,0.734137924,2822.115671,28.22115671,1,ok,0.260524279,0.6
Basodino,463,RGI2000-v7.0-G-11-02484,8.4812,46.416,11: Central Europe,LC08_L2SP_195028_20161003_20200906_02_T1,9,10/3/16,4.56,20.66262232,1.099812132,0.076986849,1.733033607,0.051991008,0.634616737,2861.842739,28.61842739,1,ok,0.356849651,0.678571429
Basodino,463,RGI2000-v7.0-G-11-02484,8.4812,46.416,11: Central Europe,LC08_L2SP_194028_20200905_20200918_02_T1,9,9/5/20,6.16,40.13887329,0.916728751,0.064171013,1.504118658,0.04512356,0.60947901,2866.021484,28.66021484,1,ok,0.385014985,0.681818182
Basodino,463,RGI2000-v7.0-G-11-02484,8.4812,46.416,11: Central Europe,LC08_L2SP_194028_20190903_20200826_02_T1,9,9/3/19,8.2,20.24320829,0.735445454,0.051481182,1.707338393,0.051220152,0.43075553,2929.632984,29.29632984,1,ok,0.433980173,0.459016393
Basodino,463,RGI2000-v7.0-G-11-02484,8.4812,46.416,11: Central Europe,LC08_L2SP_195028_20141030_20200910_02_T1,9,10/30/14,8.15,18.66147584,0.833193415,0.058323539,1.661185011,0.04983555,0.501565696,2901.997314,29.01997314,1,ok,0.490466483,0.509803922
Basodino,463,RGI2000-v7.0-G-11-02484,8.4812,46.416,11: Central Europe,LT05_L2SP_195028_20100901_20200823_02_T1,9,9/1/10,3,19.68077292,1.153180175,0.080722612,2.01117924,0.060335377,0.573385083,2857.696582,28.57696582,1,ok,0.421231539,0.709677419
Basodino,463,RGI2000-v7.0-G-11-02484,8.4812,46.416,11: Central Europe,LC08_L2SP_194028_20130801_20200912_02_T1,9,8/1/13,7.55,47.96212599,1.151042006,0.08057294,1.643461973,0.049303859,0.700376416,2813.938578,28.13938578,1,ok,0.297853025,0.221848739
Basodino,463,RGI2000-v7.0-G-11-02484,8.4812,46.416,11: Central Europe,LT05_L2SP_194028_20090907_20200825_02_T1,9,9/7/09,2,15.00715827,1.284117432,0.08988822,2.031979083,0.060959372,0.631954061,2822.105347,28.22105347,1,ok,0.363342895,0.320512821
Basodino,463,RGI2000-v7.0-G-11-02484,8.4812,46.416,11: Central Europe,LC09_L2SP_195028_20240915_20240916_02_T1,9,9/15/24,8.32,41.94039481,0.788216238,0.055175137,1.488856843,0.044665705,0.52941036,2905.828247,29.05828247,1,ok,0.466534797,0.714285714
Basodino,463,RGI2000-v7.0-G-11-02484,8.4812,46.416,11: Central Europe,LE07_L2SP_194028_20011011_20200917_02_T1,9,10/11/01,2,3.77227777,1.591724538,0.111420718,2.331496731,0.069944902,0.682705026,2778.191293,27.78191293,1,ok,0.307702249,0.605633803
Basodino,463,RGI2000-v7.0-G-11-02484,8.4812,46.416,11: Central Europe,LT05_L2SP_194028_19850921_20200918_02_T1,9,9/21/85,6,5.088995855,1.368565662,0.095799596,2.297036472,0.068911094,0.595796226,2818.329963,28.18329963,1,ok,0.399278941,0.676190476
Basodino,463,RGI2000-v7.0-G-11-02484,8.4812,46.416,11: Central Europe,LT05_L2SP_194028_19890916_20200916_02_T1,9,9/16/89,8,5.16317107,1.410589126,0.098741239,2.310659579,0.069319787,0.610470334,2814.033652,28.14033652,1,ok,0.38693712,0.523921569
Basodino,463,RGI2000-v7.0-G-11-02484,8.4812,46.416,11: Central Europe,LT05_L2SP_194028_19910906_20200915_02_T1,9,9/6/91,4,3.088569527,0.554907526,0.038843527,2.259526345,0.06778579,0.245585774,2966.264397,29.66264397,1,ok,0.250780979,0.289308596
Basodino,463,RGI2000-v7.0-G-11-02484,8.4812,46.416,11: Central Europe,LT05_L2SP_194028_19931029_20200913_02_T1,9,10/29/93,2,0.263286005,1.606508827,0.112455618,2.287072386,0.068612172,0.70243025,2766.355864,27.66355864,1,ok,0.28612195,0.454545455
Basodino,463,RGI2000-v7.0-G-11-02484,8.4812,46.416,11: Central Europe,LT05_L2SP_194028_19990912_20211205_02_T1,9,9/12/99,5,6.59813741,0.92222923,0.064556046,2.238425863,0.067152776,0.411999006,2897.924608,28.97924608,1,ok,0.414672769,0.627906977
Basodino,463,RGI2000-v7.0-G-11-02484,8.4812,46.416,11: Central Europe,LT05_L2SP_194028_20051030_20200901_02_T1,9,10/30/05,6,8.177709412,1.462801109,0.102396078,2.162616938,0.064878508,0.676403242,2790.127585,27.90127585,1,ok,0.320665834,0.803921569
Basodino,463,RGI2000-v7.0-G-11-02484,8.4812,46.416,11: Central Europe,LT05_L2SP_194028_20110913_20200820_02_T1,9,9/13/11,2,12.15522928,1.038993847,0.072729569,1.828826808,0.054864804,0.568120416,2865.981,28.65981,1,ok,0.425034822,0.96875
Basodino,463,RGI2000-v7.0-G-11-02484,8.4812,46.416,11: Central Europe,LT05_L2SP_195028_19860814_20200918_02_T1,9,8/14/86,14,4.591661842,1.297025077,0.090791755,2.303173261,0.069095198,0.563146984,2830.130995,28.30130995,1,ok,0.432678888,0.764493906
Basodino,463,RGI2000-v7.0-G-11-02484,8.4812,46.416,11: Central Europe,LT05_L2SP_195028_19900910_20200915_02_T1,9,9/10/90,2,3.222805062,0.634353728,0.044404761,2.266327195,0.067989816,0.279903859,2954.148229,29.54148229,1,ok,0.287562691,0.358842056
Basodino,463,RGI2000-v7.0-G-11-02484,8.4812,46.416,11: Central Europe,LT05_L2SP_195028_19920915_20200914_02_T1,9,9/15/92,4,2.295110773,1.324409803,0.092708686,2.315711143,0.069471334,0.571923578,2830.172077,28.30172077,1,ok,0.423307015,0.733333333
Basodino,463,RGI2000-v7.0-G-11-02484,8.4812,46.416,11: Central Europe,LT05_L2SP_195028_19940804_20200913_02_T1,9,8/4/94,3,16.86168267,1.574184203,0.110192894,2.197597132,0.065927914,0.716320649,2769.986559,27.69986559,1,ok,0.277826769,0.197183099
Basodino,463,RGI2000-v7.0-G-11-02484,8.4812,46.416,11: Central Europe,LT05_L2SP_195028_19951026_20200912_02_T1,9,10/26/95,11,1.187235526,1.736148655,0.121530406,2.271970901,0.068159127,0.764159723,2738.051295,27.38051295,1,ok,0.231930876,0.7
Basodino,463,RGI2000-v7.0-G-11-02484,8.4812,46.416,11: Central Europe,LT05_L2SP_195028_19960910_20200911_02_T1,9,9/10/96,8,3.675201857,1.207044958,0.084493147,2.302913304,0.069087399,0.524138254,2849.5215,28.495215,1,ok,0.473309718,0.973921569
Basodino,463,RGI2000-v7.0-G-11-02484,8.4812,46.416,11: Central Europe,LT05_L2SP_195028_19970929_20200909_02_T1,9,9/29/97,5,2.45383133,0.932905511,0.065303386,2.237612897,0.067128387,0.416919974,2894.006494,28.94006494,1,ok,0.42173108,0.672413793
Basodino,463,RGI2000-v7.0-G-11-02484,8.4812,46.416,11: Central Europe,LT05_L2SP_195028_20030914_20200904_02_T1,9,9/14/03,5,8.162298251,1.761196543,0.123283758,2.211374468,0.066341234,0.79642619,2741.587077,27.41587077,1,ok,0.20115645,0.336470588
Basodino,463,RGI2000-v7.0-G-11-02484,8.4812,46.416,11: Central Europe,LT05_L2SP_195028_20060922_20200831_02_T1,9,9/22/06,12,6.25131427,0.631118979,0.044178329,2.012206846,0.060366205,0.31364518,2958.247375,29.58247375,1,ok,0.318060682,0.276923077
Careser,635,RGI2000-v7.0-G-11-02869,10.7085,46.4512,11: Central Europe,LC08_L2SP_193028_20180925_20200830_02_T1,9,9/25/18,8.92,2.475580361,0.262986692,0.018409068,0.993931239,0.029817937,0.26459244,3093.104057,30.93104057,1,ok,0.271606126,0.413793103
Careser,635,RGI2000-v7.0-G-11-02869,10.7085,46.4512,11: Central Europe,LC08_L2SP_193028_20220920_20220928_02_T1,9,9/20/22,4.67,64.40276722,0.333714344,0.023360004,0.750976058,0.022529282,0.444374145,3080.914894,30.80914894,1,ok,0.453371714,0.857142857
Careser,635,RGI2000-v7.0-G-11-02869,10.7085,46.4512,11: Central Europe,LC08_L2SP_193028_20230907_20230912_02_T1,9,9/7/23,1.04,2.071302117,0.342394299,0.023967601,0.593608913,0.017808267,0.576801143,3069.205811,30.69205811,1,ok,0.418674699,1
Careser,635,RGI2000-v7.0-G-11-02869,10.7085,46.4512,11: Central Europe,LT05_L2SP_193028_19860816_20200917_02_T1,9,8/16/86,8,0.677613789,1.025600098,0.071792007,3.432664403,0.102979932,0.298776687,3093.13531,30.9313531,1,ok,0.303514722,0.425634718
Careser,635,RGI2000-v7.0-G-11-02869,10.7085,46.4512,11: Central Europe,LT05_L2SP_193028_19870920_20201014_02_T1,9,9/20/87,6,7.912540455,1.701540769,0.119107854,3.309888181,0.099296645,0.514078022,3055.042781,30.55042781,1,ok,0.477981844,0.976836057
Careser,635,RGI2000-v7.0-G-11-02869,10.7085,46.4512,11: Central Europe,LT05_L2SP_193028_19880922_20211118_02_T1,9,9/22/88,6,2.786691603,2.649498909,0.185464924,3.366000632,0.100980019,0.787135594,2977.124983,29.77124983,1,ok,0.208560816,0.31092437
Careser,635,RGI2000-v7.0-G-11-02869,10.7085,46.4512,11: Central Europe,LT05_L2SP_193028_19900912_20200915_02_T1,9,9/12/90,5,3.850968027,1.833959936,0.128377196,3.354431855,0.100632956,0.546727439,3048.965588,30.48965588,1,ok,0.444146376,0.894166667
Careser,635,RGI2000-v7.0-G-11-02869,10.7085,46.4512,11: Central Europe,LT05_L2SP_193028_20030916_20200904_02_T1,9,9/16/03,2,2.293845987,1.7678534,0.123749738,2.780970273,0.083429108,0.635696619,3026.99801,30.2699801,1,ok,0.362261216,0.5
Careser,635,RGI2000-v7.0-G-11-02869,10.7085,46.4512,11: Central Europe,LT05_L2SP_193028_20040918_20200903_02_T1,9,9/18/04,2,10.14512327,2.231099441,0.156176961,2.973812786,0.089214384,0.750248789,2993.030716,29.93030716,1,ok,0.249107962,0.244444444
Careser,635,RGI2000-v7.0-G-11-02869,10.7085,46.4512,11: Central Europe,LT05_L2SP_193028_20070826_20200830_02_T1,9,8/26/07,8,8.4221209,1.890232879,0.132316302,2.438583248,0.073157497,0.775135678,2991.011581,29.91011581,1,ok,0.224216104,0.126126126
Careser,635,RGI2000-v7.0-G-11-02869,10.7085,46.4512,11: Central Europe,LT05_L2SP_193028_20110821_20200820_02_T1,9,8/21/11,1,4.104926401,0.236406656,0.016548466,1.786476031,0.053594281,0.132331278,3132.857873,31.32857873,0,secondary_peak_too_small,0.134811357,0.083969466
Careser,635,RGI2000-v7.0-G-11-02869,10.7085,46.4512,11: Central Europe,LT05_L2SP_193028_20090831_20200825_02_T1,9,8/31/09,4,3.808984157,0.293345164,0.020534161,2.006981534,0.060209446,0.146162363,3116.958519,31.16958519,1,ok,0.150590491,0.181818182
Careser,635,RGI2000-v7.0-G-11-02869,10.7085,46.4512,11: Central Europe,LT05_L2SP_193028_20101021_20200823_02_T1,9,10/21/10,10,45.87310302,1.613229814,0.112926087,2.287742439,0.068632273,0.705162341,3010.944751,30.10944751,1,ok,0.286576703,0.460216479
Careser,635,RGI2000-v7.0-G-11-02869,10.7085,46.4512,11: Central Europe,LT05_L2SP_193028_20010825_20200906_02_T1,9,8/25/01,8,5.549308538,1.768933881,0.123825372,3.31148991,0.099344697,0.534180665,3052.917263,30.52917263,1,ok,0.463067423,0.777266681
Careser,635,RGI2000-v7.0-G-11-02869,10.7085,46.4512,11: Central Europe,LC08_L2SP_193028_20200914_20200919_02_T1,9,9/14/20,8.49,5.064194218,0.477262711,0.03340839,0.852339799,0.025570194,0.559944182,3072.969394,30.72969394,1,ok,0.427416752,0.684210526
Careser,635,RGI2000-v7.0-G-11-02869,10.7085,46.4512,11: Central Europe,LC08_L2SP_193028_20190827_20200826_02_T1,9,8/27/19,7.07,4.948909838,0.547287862,0.03831015,1.078672267,0.032360168,0.507371775,3079.142847,30.79142847,1,ok,0.485605842,0.909090909
Careser,635,RGI2000-v7.0-G-11-02869,10.7085,46.4512,11: Central Europe,LT05_L2SP_193028_19891011_20211121_02_T1,9,10/11/89,6,2.637643971,2.088732686,0.146211288,3.344725193,0.100341756,0.62448559,3031.091046,30.31091046,1,ok,0.367224858,0.794864613
Careser,635,RGI2000-v7.0-G-11-02869,10.7085,46.4512,11: Central Europe,LE07_L2SP_193028_19990913_20200918_02_T1,9,9/13/99,2,2.389557467,1.531990716,0.10723935,2.970046407,0.089101392,0.51581373,3051.02757,30.5102757,1,ok,0.48049848,0.967741935
Careser,635,RGI2000-v7.0-G-11-02869,10.7085,46.4512,11: Central Europe,LT05_L2SP_193028_19850813_20200918_02_T1,9,8/13/85,5,5.511826435,0.168600055,0.011802004,3.421015755,0.102630473,0.049283624,3189.145508,31.89145508,0,secondary_peak_too_small,0.049491849,0.120328967
Careser,635,RGI2000-v7.0-G-11-02869,10.7085,46.4512,11: Central Europe,LT05_L2SP_193028_19910830_20200915_02_T1,9,8/30/91,12,3.432303701,2.384543155,0.166918021,3.319876658,0.0995963,0.718262574,2998.921997,29.98921997,1,ok,0.274693397,0.49330507
Careser,635,RGI2000-v7.0-G-11-02869,10.7085,46.4512,11: Central Europe,LT05_L2SP_193028_19920917_20200914_02_T1,9,9/17/92,1,2.855392481,1.98854057,0.13919784,3.300259023,0.099007771,0.602540757,3034.985184,30.34985184,1,ok,0.386049584,0.716981132
Careser,635,RGI2000-v7.0-G-11-02869,10.7085,46.4512,11: Central Europe,LT05_L2SP_193028_19930920_20200913_02_T1,9,9/20/93,3,0.424046873,3.202442206,0.224170954,3.465178663,0.10395536,0.924178092,2921.12536,29.2112536,0,secondary_peak_too_small,0.074455966,0.085754452
Careser,635,RGI2000-v7.0-G-11-02869,10.7085,46.4512,11: Central Europe,LT05_L2SP_193028_19961030_20211124_02_T1,9,10/30/96,5,0.527788445,1.774392422,0.12420747,3.000649611,0.090019488,0.591336094,3029.036652,30.29036652,1,ok,0.402137493,0.886476882
Careser,635,RGI2000-v7.0-G-11-02869,10.7085,46.4512,11: Central Europe,LT05_L2SP_193028_19981020_20200908_02_T1,9,10/20/98,12,7.561891956,1.873142753,0.131119993,2.960818841,0.088824565,0.632643486,3016.933915,30.16933915,1,ok,0.359394755,0.854436229
Careser,635,RGI2000-v7.0-G-11-02869,10.7085,46.4512,11: Central Europe,LT05_L2SP_193028_20000822_20200906_02_T1,9,8/22/00,10,3.300382357,0.277391463,0.019417402,2.966913156,0.089007395,0.093494972,3138.96889,31.3896889,0,secondary_peak_too_small,0.095107234,0.092307692
Chacaltaya,1505,RGI2000-v7.0-G-16-03392&93,-68.1287,-16.3523,16: Low Latitudes,LE07_L2SP_001071_20000728_20211026_02_T1,9,7/28/00,6,40.73631979,0.039500851,0.00276506,0.057533896,0.001726017,0.686566585,5152.240723,51.52240723,1,ok,0.313432836,1
Chacaltaya,1505,RGI2000-v7.0-G-16-03392&93,-68.1287,-16.3523,16: Low Latitudes,LE07_L2SP_001071_20020819_20200916_02_T1,9,8/19/02,6,59.24601624,0.18579362,0.013005553,0.357930565,0.010737917,0.519077268,5181.062793,51.81062793,1,ok,0.482446922,0.857142857
Chacaltaya,1505,RGI2000-v7.0-G-16-03392&93,-68.1287,-16.3523,16: Low Latitudes,LT05_L2SP_001071_19920730_20200914_02_T1,9,7/30/92,10,18.94647818,0.127949566,0.00895647,0.244651256,0.007339538,0.522987571,5214.88058,52.1488058,1,ok,0.475769863,0.875
Chacaltaya,1505,RGI2000-v7.0-G-16-03392&93,-68.1287,-16.3523,16: Low Latitudes,LT05_L2SP_001071_19940720_20200913_02_T1,9,7/20/94,12,14.80293971,0.131384235,0.009196896,0.289846906,0.008695407,0.453288382,5229.219849,52.29219849,1,ok,0.459112023,0.666666667
Chacaltaya,1505,RGI2000-v7.0-G-16-03392&93,-68.1287,-16.3523,16: Low Latitudes,LT05_L2SP_001071_19950808_20200912_02_T1,9,8/8/95,6,3.958334448,0.089307218,0.006251505,0.168309317,0.00504928,0.53061363,5220.062988,52.20062988,1,ok,0.466321244,0.8
Chacaltaya,1505,RGI2000-v7.0-G-16-03392&93,-68.1287,-16.3523,16: Low Latitudes,LT05_L2SP_001071_19980816_20240110_02_T1,9,8/16/98,14,26.29629431,0.253921788,0.017774525,0.490346348,0.01471039,0.517841704,5203.014648,52.03014648,1,ok,0.486517046,0.909415121
Chacaltaya,1505,RGI2000-v7.0-G-16-03392&93,-68.1287,-16.3523,16: Low Latitudes,LT05_L2SP_001071_19990819_20200907_02_T1,9,8/19/99,3,10.23707185,0.062686257,0.004388038,0.142547935,0.004276438,0.439755629,5250.821533,52.50821533,1,ok,0.450617284,0.5
Chacaltaya,1505,RGI2000-v7.0-G-16-03392&93,-68.1287,-16.3523,16: Low Latitudes,LT05_L2SP_001071_20010824_20200905_02_T1,9,8/24/01,1,0,0.006011161,0.000420781,0.024802382,0.000744071,0.242362229,5319.233398,53.19233398,1,ok,0.273479393,0.333333333
Chacaltaya,1505,RGI2000-v7.0-G-16-03392&93,-68.1287,-16.3523,16: Low Latitudes,LT05_L2SP_001071_20030830_20200904_02_T1,9,8/30/03,11,7.879199876,0.081578687,0.005710508,0.166589062,0.004997672,0.489700137,5242.497559,52.42497559,1,ok,0.491946647,0.833333333
Chacaltaya,1505,RGI2000-v7.0-G-16-03392&93,-68.1287,-16.3523,16: Low Latitudes,LT05_L2SP_001071_20040715_20200903_02_T1,9,7/15/04,18,6.415231692,0.042936234,0.003005536,0.097035848,0.002911075,0.442478062,5267.63737,52.6763737,1,ok,0.45045045,0.75
Chacaltaya,1505,RGI2000-v7.0-G-16-03392&93,-68.1287,-16.3523,16: Low Latitudes,LT05_L2SP_001071_20050904_20200901_02_T1,9,9/4/05,1,1.637931496,0.013739653,0.000961776,0.031772914,0.000953187,0.432432891,5278.844238,52.78844238,1,ok,0.432432432,0.666666667
Chacaltaya,1505,RGI2000-v7.0-G-16-03392&93,-68.1287,-16.3523,16: Low Latitudes,LT05_L2SP_001071_20060721_20200831_02_T1,9,7/21/06,2,4.367817322,0.041218888,0.002885322,0.072133018,0.002163991,0.571428852,5265.424072,52.65424072,1,ok,0.416666667,0.75
Chacaltaya,1505,RGI2000-v7.0-G-16-03392&93,-68.1287,-16.3523,16: Low Latitudes,LT05_L2SP_001071_20080827_20200829_02_T1,9,8/27/08,4,3.821840157,0.033490436,0.002344331,0.091021855,0.002730656,0.367938409,5297.2229,52.972229,1,ok,0.392202099,0.6
Chacaltaya,1505,RGI2000-v7.0-G-16-03392&93,-68.1287,-16.3523,16: Low Latitudes,LT05_L2SP_001071_19970829_20240106_02_T1,9,8/29/97,3,6.983154999,0.157145912,0.011000214,0.250453941,0.007513618,0.627444358,5207.066406,52.07066406,1,ok,0.367942716,0.857142857
Chacaltaya,1505,RGI2000-v7.0-G-16-03392&93,-68.1287,-16.3523,16: Low Latitudes,LT05_L2SP_001071_19930802_20200913_02_T1,9,8/2/93,6,12.48467785,0.122797078,0.008595795,0.248874388,0.007466232,0.493409866,5224.98999,52.2498999,1,ok,0.495034986,0.75
Chacaltaya,1505,RGI2000-v7.0-G-16-03392&93,-68.1287,-16.3523,16: Low Latitudes,LC08_L2SP_001071_20140828_20200911_02_T1,9,8/28/14,17.75,2.183908661,0.019750785,0.001382555,0.051520435,0.001545613,0.383358274,5317.204102,53.17204102,1,ok,0.396632177,0.5
Chacaltaya,1505,RGI2000-v7.0-G-16-03392&93,-68.1287,-16.3523,16: Low Latitudes,LC08_L2SP_001071_20150831_20200908_02_T1,9,8/31/15,3.13,25.44146536,0.115927789,0.008114945,0.233188908,0.006995667,0.497141092,5241.241113,52.41241113,1,ok,0.493948586,1
Chacaltaya,1505,RGI2000-v7.0-G-16-03392&93,-68.1287,-16.3523,16: Low Latitudes,LC08_L2SP_001071_20160817_20200906_02_T1,9,8/17/16,3.27,1.364942913,0.006011116,0.000420778,0.009446037,0.000283381,0.636363793,5280.497559,52.80497559,1,ok,0.363636364,1
Chacaltaya,1505,RGI2000-v7.0-G-16-03392&93,-68.1287,-16.3523,16: Low Latitudes,LC08_L2SP_001071_20180908_20200831_02_T1,9,9/8/18,6.64,17.29034744,0.162207605,0.011354532,0.28811608,0.008643482,0.562993932,5202.874593,52.02874593,1,ok,0.433219992,0.833333333
Chacaltaya,1505,RGI2000-v7.0-G-16-03392&93,-68.1287,-16.3523,16: Low Latitudes,LC08_L2SP_001071_20190826_20200826_02_T1,9,8/26/19,13,8.033893406,0.017174561,0.001202219,0.033490422,0.001004713,0.512820096,5281.227051,52.81227051,1,ok,0.457142857,0.5
Chacaltaya,1505,RGI2000-v7.0-G-16-03392&93,-68.1287,-16.3523,16: Low Latitudes,LC08_L2SP_001071_20210815_20210826_02_T1,9,8/15/21,15.35,3.956728633,0.04379493,0.003065645,0.103905768,0.003117173,0.421486991,5277.617188,52.77617188,1,ok,0.43220339,1
Chacaltaya,1505,RGI2000-v7.0-G-16-03392&93,-68.1287,-16.3523,16: Low Latitudes,LC09_L2SP_001071_20230829_20230831_02_T1,9,8/29/23,2.3,4.09482874,0.013739634,0.000961774,0.021468216,0.000644046,0.63999887,5281.637207,52.81637207,1,ok,0.391304348,1
Chacaltaya,1505,RGI2000-v7.0-G-16-03392&93,-68.1287,-16.3523,16: Low Latitudes,LT05_L2SP_001071_19860730_20200917_02_T1,9,7/30/86,7,57.13811616,0.194071001,0.01358497,0.408091313,0.012242739,0.475557785,5224.98999,52.2498999,1,ok,0.47126544,0.768844221
Chacaltaya,1505,RGI2000-v7.0-G-16-03392&93,-68.1287,-16.3523,16: Low Latitudes,LT05_L2SP_001071_19870802_20201014_02_T1,9,8/2/87,3,11.35846613,0.167450654,0.011721546,0.309567207,0.009287016,0.540918581,5207.086426,52.07086426,1,ok,0.4622124,0.875
Chacaltaya,1505,RGI2000-v7.0-G-16-03392&93,-68.1287,-16.3523,16: Low Latitudes,LT05_L2SP_001071_19900725_20200916_02_T1,9,7/25/90,11,16.0206829,0.326912165,0.022883852,0.515992557,0.015479777,0.633559846,5175.326675,51.75326675,1,ok,0.363181892,0.909090909
Chacaltaya,1505,RGI2000-v7.0-G-16-03392&93,-68.1287,-16.3523,16: Low Latitudes,LT05_L2SP_001071_19910813_20230523_02_T1,9,8/13/91,10,11.69086987,0.133101977,0.009317138,0.237862481,0.007135874,0.559575331,5207.066406,52.07066406,1,ok,0.447736951,0.75
Chacaltaya,1505,RGI2000-v7.0-G-16-03392&93,-68.1287,-16.3523,16: Low Latitudes,LT05_L2SP_001071_20090830_20200825_02_T1,9,8/30/09,20,0.545977165,0.00944604,0.000661223,0.021468247,0.000644047,0.440000553,5297.175781,52.97175781,1,ok,0.48,0.5
Chacaltaya,1505,RGI2000-v7.0-G-16-03392&93,-68.1287,-16.3523,16: Low Latitudes,LT05_L2SP_001071_20100817_20200824_02_T1,9,8/17/10,2,0.136494291,0.005152371,0.000360666,0.009446024,0.000283381,0.545453943,5278.402344,52.78402344,1,ok,0.454545455,1
Claridenfirn,2660,RGI2000-v7.0-G-11-01838,8.89117,46.8442,11: Central Europe,LC09_L2SP_195027_20220809_20230403_02_T1,9,8/9/22,0.62,12.82897029,0.558519894,0.039096393,2.015657191,0.060469716,0.277090716,2941.952813,29.41952813,1,ok,0.280462099,0.360655738
Claridenfirn,2660,RGI2000-v7.0-G-11-01838,8.89117,46.8442,11: Central Europe,LT05_L2SP_194028_20110913_20200820_02_T1,9,9/13/11,2,9.193617723,0.76781016,0.053746711,2.077138359,0.062314151,0.369648058,2901.914163,29.01914163,1,ok,0.371233298,0.837224573
Claridenfirn,2660,RGI2000-v7.0-G-11-01838,8.89117,46.8442,11: Central Europe,LT05_L2SP_194028_19980909_20200908_02_T1,9,9/9/98,10,6.203092278,1.942421047,0.135969473,2.400079944,0.072002398,0.809315144,2770.032581,27.70032581,1,ok,0.190561421,0.173278614
Claridenfirn,2660,RGI2000-v7.0-G-11-01838,8.89117,46.8442,11: Central Europe,LT05_L2SP_195027_20030914_20200904_02_T1,9,9/14/03,8,63.51172455,1.931388078,0.135197165,2.511264788,0.075337944,0.769089778,2781.699277,27.81699277,1,ok,0.227479973,0.139102721
Claridenfirn,2660,RGI2000-v7.0-G-11-01838,8.89117,46.8442,11: Central Europe,LT05_L2SP_194028_19910906_20200915_02_T1,9,9/6/91,4,15.24723631,1.641431571,0.11490021,2.168410116,0.065052303,0.756974688,2781.68729,27.8168729,1,ok,0.244081128,0.442857143
Claridenfirn,2660,RGI2000-v7.0-G-11-01838,8.89117,46.8442,11: Central Europe,LC08_L2SP_194028_20171015_20200902_02_T1,9,10/15/17,1.72,8.753347382,1.976630427,0.13836413,2.321129229,0.069633877,0.851581378,2754.091078,27.54091078,1,ok,0.144011745,0.106796359
Claridenfirn,2660,RGI2000-v7.0-G-11-01838,8.89117,46.8442,11: Central Europe,LC08_L2SP_195027_20150830_20200908_02_T1,9,8/30/15,1.3,13.55714509,1.281703202,0.089719224,2.116230508,0.063486915,0.605653872,2846.398367,28.46398367,1,ok,0.389474721,0.743589744
Claridenfirn,2660,RGI2000-v7.0-G-11-01838,8.89117,46.8442,11: Central Europe,LC08_L2SP_194027_20190903_20200826_02_T1,9,9/3/19,2.96,11.63712469,1.147429403,0.080320058,2.091176188,0.062735286,0.548700492,2865.950053,28.65950053,1,ok,0.44434832,0.426666667
Claridenfirn,2660,RGI2000-v7.0-G-11-01838,8.89117,46.8442,11: Central Europe,LT05_L2SP_195027_20090930_20200825_02_T1,9,9/30/09,1,10.10058251,1.027547575,0.07192833,2.123496597,0.063704898,0.483894147,2882.024844,28.82024844,1,ok,0.482680232,0.79245283
Claridenfirn,2660,RGI2000-v7.0-G-11-01838,8.89117,46.8442,11: Central Europe,LT05_L2SP_195027_20060922_20200831_02_T1,9,9/22/06,5,12.8106969,1.711882265,0.119831759,2.264838543,0.067945156,0.755851789,2794.031521,27.94031521,1,ok,0.241703304,0.157204506
Claridenfirn,2660,RGI2000-v7.0-G-11-01838,8.89117,46.8442,11: Central Europe,LC08_L2SP_194028_20200905_20200918_02_T1,9,9/5/20,6.16,12.07450284,1.937640968,0.135634868,2.281253617,0.068437609,0.849375516,2765.925704,27.65925704,0,secondary_peak_too_small,0.150368226,0.065016738
Claridenfirn,2660,RGI2000-v7.0-G-11-01838,8.89117,46.8442,11: Central Europe,LT05_L2SP_194027_19920807_20200914_02_T1,9,8/7/92,6,13.49101909,1.932602729,0.135282191,2.352547183,0.070576416,0.821493717,2761.66433,27.6166433,0,secondary_peak_too_small,0.176285208,0.078295093
Claridenfirn,2660,RGI2000-v7.0-G-11-01838,8.89117,46.8442,11: Central Europe,LT05_L2SP_195027_19900809_20211121_02_T1,9,8/9/90,0,8.658825323,1.735330559,0.121473139,2.332521665,0.06997565,0.743971893,2789.967529,27.89967529,1,ok,0.25053999,0.243589744
Claridenfirn,2660,RGI2000-v7.0-G-11-01838,8.89117,46.8442,11: Central Europe,LC08_L2SP_194028_20210924_20210930_02_T1,9,9/24/21,1.92,12.69172268,1.93730647,0.135611453,2.205822932,0.066174688,0.878269258,2754.139096,27.54139096,0,secondary_peak_too_small,0.120387022,0.053571429
Claridenfirn,2660,RGI2000-v7.0-G-11-01838,8.89117,46.8442,11: Central Europe,LT05_L2SP_194028_20051030_20200901_02_T1,9,10/30/05,6,7.885239841,1.831530535,0.128207137,2.208323966,0.066249719,0.829375836,2757.741643,27.57741643,1,ok,0.166839685,0.209302326
Claridenfirn,2660,RGI2000-v7.0-G-11-01838,8.89117,46.8442,11: Central Europe,LE07_L2SP_195027_20020818_20211201_02_T1,9,8/18/02,5,12.02847772,2.109764623,0.147683524,2.450855266,0.073525658,0.860827913,2746.220171,27.46220171,0,secondary_peak_too_small,0.137176786,0.078021418
Claridenfirn,2660,RGI2000-v7.0-G-11-01838,8.89117,46.8442,11: Central Europe,LC08_L2SP_194027_20160825_20200906_02_T1,9,8/25/16,0.52,12.49584248,1.87365395,0.131155776,2.187507957,0.065625239,0.856524404,2757.741643,27.57741643,0,secondary_peak_too_small,0.138318398,0.058441558
Claridenfirn,2660,RGI2000-v7.0-G-11-01838,8.89117,46.8442,11: Central Europe,LT05_L2SP_194028_19850921_20200918_02_T1,9,9/21/85,6,75.16396751,1.850111256,0.129507788,2.287982893,0.068639487,0.808621105,2765.925704,27.65925704,1,ok,0.191263399,0.161085973
Claridenfirn,2660,RGI2000-v7.0-G-11-01838,8.89117,46.8442,11: Central Europe,LT05_L2SP_194027_20040909_20200903_02_T1,9,9/9/04,0,11.40088527,1.68619699,0.118033789,2.24066593,0.067219978,0.75254279,2789.891448,27.89891448,1,ok,0.245618551,0.171171171
Claridenfirn,2660,RGI2000-v7.0-G-11-01838,8.89117,46.8442,11: Central Europe,LC08_L2SP_194027_20130801_20200912_02_T1,9,8/1/13,1.32,12.9468928,1.957266661,0.137008666,2.258624368,0.067758731,0.866574668,2750.368872,27.50368872,0,secondary_peak_too_small,0.13094128,0.054456328
Claridenfirn,2660,RGI2000-v7.0-G-11-01838,8.89117,46.8442,11: Central Europe,LT05_L2SP_194028_19941016_20200913_02_T1,9,10/16/94,7,6.927060259,1.760694123,0.123248589,2.263165778,0.067894973,0.777978414,2778.103879,27.78103879,1,ok,0.219474346,0.217391304
Claridenfirn,2660,RGI2000-v7.0-G-11-01838,8.89117,46.8442,11: Central Europe,LT05_L2SP_194028_19890916_20200916_02_T1,9,9/16/89,8,4.939204832,1.313948797,0.091976416,2.461295824,0.073838875,0.53384432,2870.114831,28.70114831,1,ok,0.457667322,0.997361854
Claridenfirn,2660,RGI2000-v7.0-G-11-01838,8.89117,46.8442,11: Central Europe,LT05_L2SP_195027_19930902_20200913_02_T1,9,9/2/93,6,7.620134382,2.07882551,0.145517786,2.461762981,0.073852889,0.844445841,2754.091078,27.54091078,0,secondary_peak_too_small,0.154369502,0.083024028
Claridenfirn,2660,RGI2000-v7.0-G-11-01838,8.89117,46.8442,11: Central Europe,LT05_L2SP_194027_20000813_20200906_02_T1,9,8/13/00,5,12.82870736,2.004929313,0.140345052,2.387549656,0.07162649,0.839743504,2761.66433,27.6166433,0,secondary_peak_too_small,0.157616463,0.060178562
Claridenfirn,2660,RGI2000-v7.0-G-11-01838,8.89117,46.8442,11: Central Europe,LT05_L2SP_195027_19960910_20200911_02_T1,9,9/10/96,2,10.28121298,2.02867458,0.142007221,2.397207612,0.071916228,0.846265701,2750.368872,27.50368872,0,secondary_peak_too_small,0.154184762,0.09304447
Claridenfirn,2660,RGI2000-v7.0-G-11-01838,8.89117,46.8442,11: Central Europe,LE07_L2SP_195027_20010815_20211127_02_T1,9,8/15/01,1,11.63134031,1.91802903,0.134262032,2.347390438,0.070421713,0.817089905,2765.877629,27.65877629,0,secondary_peak_too_small,0.182602938,0.078806609
Claridenfirn,2660,RGI2000-v7.0-G-11-01838,8.89117,46.8442,11: Central Europe,LT05_L2SP_195027_19970812_20200910_02_T1,9,8/12/97,11,13.36902122,1.662358224,0.116365076,2.411592337,0.07234777,0.689319749,2809.903339,28.09903339,1,ok,0.308973589,0.30912989
Claridenfirn,2660,RGI2000-v7.0-G-11-01838,8.89117,46.8442,11: Central Europe,LE07_L2SP_195027_19990911_20200918_02_T1,9,9/11/99,1,14.03369928,0.081289635,0.005690274,2.276605296,0.068298159,0.035706512,3077.771896,30.77771896,0,secondary_peak_too_small,0.036018123,0.039870449
Claridenfirn,2660,RGI2000-v7.0-G-11-01838,8.89117,46.8442,11: Central Europe,LT05_L2SP_195027_19870817_20201014_02_T1,9,8/17/87,10,9.658603151,2.105044851,0.14735314,2.450187584,0.073505628,0.8591362,2741.909541,27.41909541,0,secondary_peak_too_small,0.13910154,0.083476027
Claridenfirn,2660,RGI2000-v7.0-G-11-01838,8.89117,46.8442,11: Central Europe,LC09_L2SP_194027_20230906_20230908_02_T1,9,9/6/23,0.39,14.78632625,1.646616505,0.115263155,2.097429739,0.062922892,0.785063964,2789.929829,27.89929829,1,ok,0.210807316,0.159090909
Claridenfirn,2660,RGI2000-v7.0-G-11-01838,8.89117,46.8442,11: Central Europe,LC09_L2SP_194027_20240823_20240824_02_T1,9,8/23/24,1.42,13.68019467,0.97704077,0.068392854,2.07439366,0.06223181,0.471000653,2885.863307,28.85863307,1,ok,0.471960038,0.610169492
Djankuat,726,RGI2000-v7.0-G-12-00647,42.7612,43.1944,12: Caucasus and Middle East,LC08_L2SP_172030_20200911_20200919_02_T1,9,9/11/20,1.24,6.93014197,0.481397207,0.033697805,1.43361044,0.043008313,0.335793598,3390.09072,33.9009072,1,ok,0.336107831,0.555555556
Djankuat,726,RGI2000-v7.0-G-12-00647,42.7612,43.1944,12: Caucasus and Middle East,LT05_L2SP_172030_20070908_20200830_02_T1,9,9/8/07,5,7.33539707,0.765336455,0.053573552,2.054643745,0.061639312,0.372491074,3318.119658,33.18119658,1,ok,0.376059127,0.661290323
Djankuat,726,RGI2000-v7.0-G-12-00647,42.7612,43.1944,12: Caucasus and Middle East,LC09_L2SP_171030_20220918_20230328_02_T1,9,9/18/22,1.34,28.45737538,0.895643571,0.06269505,1.815961419,0.054478843,0.493206277,3346.279954,33.46279954,1,ok,0.498882054,0.925925926
Djankuat,726,RGI2000-v7.0-G-12-00647,42.7612,43.1944,12: Caucasus and Middle East,LT05_L2SP_172030_20060804_20200831_02_T1,9,8/4/06,1,12.64384337,1.666395514,0.116647686,2.771625225,0.083148757,0.60123407,3197.776877,31.97776877,1,ok,0.394195609,0.730769231
Djankuat,726,RGI2000-v7.0-G-12-00647,42.7612,43.1944,12: Caucasus and Middle East,LT05_L2SP_172030_20081028_20200828_02_T1,9,10/28/08,8,1.635393887,1.444296668,0.101100767,2.874832382,0.086244971,0.502393349,3214.01423,32.1401423,1,ok,0.488602252,0.392561983
Djankuat,726,RGI2000-v7.0-G-12-00647,42.7612,43.1944,12: Caucasus and Middle East,LT05_L2SP_171030_20091024_20200825_02_T1,9,10/24/09,3,15.8394406,1.171847864,0.08202935,2.461299635,0.073838989,0.476109388,3253.960718,32.53960718,1,ok,0.48167748,0.265758951
Djankuat,726,RGI2000-v7.0-G-12-00647,42.7612,43.1944,12: Caucasus and Middle East,LT05_L2SP_172030_19940920_20200913_02_T1,9,9/20/94,0,1.883698249,1.017779501,0.071244565,2.452904871,0.073587146,0.41492824,3298.008285,32.98008285,1,ok,0.415731405,0.5
Djankuat,726,RGI2000-v7.0-G-12-00647,42.7612,43.1944,12: Caucasus and Middle East,LT05_L2SP_172030_19850826_20200918_02_T1,9,8/26/85,12,8.043267083,0.986436809,0.069050577,2.744885966,0.082346579,0.359372601,3353.688952,33.53688952,1,ok,0.359942697,0.607381776
Djankuat,726,RGI2000-v7.0-G-12-00647,42.7612,43.1944,12: Caucasus and Middle East,LC08_L2SP_172030_20210829_20210901_02_T1,9,8/29/21,1.04,9.479265042,0.730567783,0.051139745,1.558199589,0.046745988,0.46885379,3322.123888,33.22123888,1,ok,0.468273202,0.818181818
Djankuat,726,RGI2000-v7.0-G-12-00647,42.7612,43.1944,12: Caucasus and Middle East,LC08_L2SP_172030_20180906_20200831_02_T1,9,9/6/18,7.64,18.53735804,0.624379113,0.043706538,1.444746956,0.043342409,0.432171953,3318.095176,33.18095176,1,ok,0.435104163,0.666666667
Djankuat,726,RGI2000-v7.0-G-12-00647,42.7612,43.1944,12: Caucasus and Middle East,LT05_L2SP_171030_19860806_20200918_02_T1,9,8/6/86,3,12.29371678,1.350190574,0.09451334,2.806079992,0.0841824,0.481166103,3265.785146,32.65785146,1,ok,0.482782996,0.936951983
Djankuat,726,RGI2000-v7.0-G-12-00647,42.7612,43.1944,12: Caucasus and Middle East,LT05_L2SP_172030_19910928_20200915_02_T1,9,9/28/91,2,15.86630151,1.780881556,0.124661709,2.935377397,0.088061322,0.606695942,3181.894237,31.81894237,1,ok,0.387758832,0.880600751
Djankuat,726,RGI2000-v7.0-G-12-00647,42.7612,43.1944,12: Caucasus and Middle East,LT05_L2SP_172030_19920930_20200914_02_T1,9,9/30/92,3,2.213323738,2.059892928,0.144192505,3.272900599,0.098187018,0.629378395,3146.102661,31.46102661,1,ok,0.364560162,0.733640907
Djankuat,726,RGI2000-v7.0-G-12-00647,42.7612,43.1944,12: Caucasus and Middle East,LT05_L2SP_172030_19950907_20211122_02_T1,9,9/7/95,1,5.193940756,0.985044632,0.068953124,2.564479751,0.076934393,0.384110903,3322.001042,33.22001042,1,ok,0.386516359,0.563636364
Djankuat,726,RGI2000-v7.0-G-12-00647,42.7612,43.1944,12: Caucasus and Middle East,LT05_L2SP_172030_19900909_20200915_02_T1,9,9/9/90,2,7.575501794,1.202720604,0.084190442,2.756956698,0.082708701,0.436249363,3294.028699,32.94028699,1,ok,0.438039999,0.756097561
Djankuat,726,RGI2000-v7.0-G-12-00647,42.7612,43.1944,12: Caucasus and Middle East,LT05_L2SP_172030_20040915_20200903_02_T1,9,9/15/04,5,16.29210394,2.027535826,0.141927508,3.18754629,0.095626389,0.636080434,3170.443422,31.70443422,1,ok,0.354730976,0.709610264
Djankuat,726,RGI2000-v7.0-G-12-00647,42.7612,43.1944,12: Caucasus and Middle East,LT05_L2SP_172030_19890922_20200916_02_T1,9,9/22/89,2,10.40244793,2.090209623,0.146314674,3.189324519,0.095679736,0.655376902,3146.100957,31.46100957,1,ok,0.342069121,0.910632356
Djankuat,726,RGI2000-v7.0-G-12-00647,42.7612,43.1944,12: Caucasus and Middle East,LT05_L2SP_171030_19880827_20200917_02_T1,9,8/27/88,3,12.2231926,1.40165474,0.098115832,2.740614078,0.082218422,0.511438203,3257.893372,32.57893372,1,ok,0.483060271,0.943396226
Djankuat,726,RGI2000-v7.0-G-12-00647,42.7612,43.1944,12: Caucasus and Middle East,LT05_L2SP_172030_19930917_20200913_02_T1,9,9/17/93,9,17.82167425,0.882158119,0.061751068,2.830954438,0.084928633,0.311611557,3365.913384,33.65913384,1,ok,0.315726258,0.467741935
Djankuat,726,RGI2000-v7.0-G-12-00647,42.7612,43.1944,12: Caucasus and Middle East,LT05_L2SP_171030_19870926_20201014_02_T1,9,9/26/87,1,13.7105765,1.234547788,0.086418345,2.758544182,0.082756325,0.447535985,3282.191272,32.82191272,1,ok,0.45259392,0.729544154
Djankuat,726,RGI2000-v7.0-G-12-00647,42.7612,43.1944,12: Caucasus and Middle East,LC08_L2SP_171030_20150907_20200908_02_T1,9,9/7/15,6.53,14.4148522,0.746343752,0.052244063,1.767335209,0.053020056,0.422298921,3322.111285,33.22111285,1,ok,0.428900856,0.723404255
Djankuat,726,RGI2000-v7.0-G-12-00647,42.7612,43.1944,12: Caucasus and Middle East,LC08_L2SP_171030_20160909_20200906_02_T1,9,9/9/16,5.66,20.74570141,0.804483879,0.056313872,1.862491396,0.055874742,0.431939649,3346.2226,33.462226,1,ok,0.434924687,0.741935484
Djankuat,726,RGI2000-v7.0-G-12-00647,42.7612,43.1944,12: Caucasus and Middle East,LC08_L2SP_172030_20141029_20200910_02_T1,9,10/29/14,6.87,5.698845587,1.253371286,0.08773599,2.204265175,0.066127955,0.568611844,3118.106034,31.18106034,1,ok,0.42926184,0.770255601
Djankuat,726,RGI2000-v7.0-G-12-00647,42.7612,43.1944,12: Caucasus and Middle East,LC08_L2SP_172030_20170919_20200903_02_T1,9,9/19/17,0.51,11.21797438,0.783687233,0.054858106,1.75297697,0.052589309,0.44706077,3313.772969,33.13772969,1,ok,0.450202916,0.791636231
Djankuat,726,RGI2000-v7.0-G-12-00647,42.7612,43.1944,12: Caucasus and Middle East,LC08_L2SP_172030_20230920_20230926_02_T1,9,9/20/23,0.89,25.86204734,1.051883057,0.073631814,2.029470836,0.060884125,0.518304101,3273.839383,32.73839383,1,ok,0.47942331,0.955602241
Djankuat,726,RGI2000-v7.0-G-12-00647,42.7612,43.1944,12: Caucasus and Middle East,LC09_L2SP_172030_20240930_20241001_02_T1,9,9/30/24,0.64,12.49952973,0.697765833,0.048843608,1.319509974,0.039585299,0.528806789,3313.733473,33.13733473,1,ok,0.466911411,1
Djankuat,726,RGI2000-v7.0-G-12-00647,42.7612,43.1944,12: Caucasus and Middle East,LE07_L2SP_172030_20000912_20200918_02_T1,9,9/12/00,2,7.984904947,0.87632911,0.061343038,2.543565369,0.076306961,0.344527851,3361.812514,33.61812514,1,ok,0.348087315,0.416906946
Djankuat,726,RGI2000-v7.0-G-12-00647,42.7612,43.1944,12: Caucasus and Middle East,LT05_L2SP_171030_19960801_20200911_02_T1,9,8/1/96,1,19.50206066,1.49857043,0.10489993,2.879987771,0.086399633,0.520339164,3241.929761,32.41929761,1,ok,0.475047108,0.956521739
Djankuat,726,RGI2000-v7.0-G-12-00647,42.7612,43.1944,12: Caucasus and Middle East,LT05_L2SP_171030_20100824_20200823_02_T1,9,8/24/10,4,8.674184093,0.965323826,0.067572668,2.270313303,0.068109399,0.425194102,3293.978779,32.93978779,1,ok,0.42708753,0.739130435
Djankuat,726,RGI2000-v7.0-G-12-00647,42.7612,43.1944,12: Caucasus and Middle East,LT05_L2SP_172030_19980915_20200908_02_T1,9,9/15/98,1,9.661297029,0.908919247,0.063624347,2.699818446,0.080994553,0.336659396,3357.756714,33.57756714,1,ok,0.342177369,0.520762423
Djankuat,726,RGI2000-v7.0-G-12-00647,42.7612,43.1944,12: Caucasus and Middle East,LT05_L2SP_172030_19990918_20200907_02_T1,9,9/18/99,1,13.89877401,1.759923537,0.123194648,2.957792862,0.088733786,0.595012436,3205.880793,32.05880793,1,ok,0.402258199,0.710526316
Djankuat,726,RGI2000-v7.0-G-12-00647,42.7612,43.1944,12: Caucasus and Middle East,LT05_L2SP_172030_20110919_20200820_02_T1,9,9/19/11,3,13.23363858,0.859115811,0.060138107,2.315919309,0.069477579,0.37096103,3346.307239,33.46307239,1,ok,0.375194724,0.708496732
Engabreen,298,RGI2000-v7.0-G-08-00389,13.853,66.657,08: Scandinavia,LC08_L2SP_198013_20150819_20200908_02_T1,8,8/19/15,4.13,2.527458777,31.02131865,2.171492306,34.81901389,1.044570417,0.890930419,1012.022755,10.12022755,0,secondary_peak_too_small,0.109082137,0.022600118
Engabreen,298,RGI2000-v7.0-G-08-00389,13.853,66.657,08: Scandinavia,LC08_L2SP_198013_20160720_20200906_02_T1,8,7/20/16,5.35,2.896895941,31.42595039,2.199816527,35.07274799,1.05218244,0.896021903,995.8162426,9.958162426,0,secondary_peak_too_small,0.104710752,0.02127012
Engabreen,298,RGI2000-v7.0-G-08-00389,13.853,66.657,08: Scandinavia,LC08_L2SP_199013_20180802_20200831_02_T1,8,8/2/18,2.97,3.773575129,26.09209343,1.82644654,34.54411258,1.036323377,0.755326783,1132.040857,11.32040857,0,secondary_peak_too_small,0.245313111,0.061254489
Engabreen,298,RGI2000-v7.0-G-08-00389,13.853,66.657,08: Scandinavia,LC08_L2SP_199013_20210826_20210901_02_T1,8,8/26/21,4.52,3.894126794,26.24040714,1.8368285,34.00423639,1.020127092,0.77168053,1132.038507,11.32038507,1,ok,0.228067418,0.118045927
Engabreen,298,RGI2000-v7.0-G-08-00389,13.853,66.657,08: Scandinavia,LC08_L2SP_199013_20220712_20220722_02_T1,8,7/12/22,6.86,2.782725464,32.20730442,2.254511309,34.98062416,1.049418725,0.920718403,972.1422474,9.721422474,0,secondary_peak_too_small,0.079143068,0.013220095
Engabreen,298,RGI2000-v7.0-G-08-00389,13.853,66.657,08: Scandinavia,LC08_L2SP_200013_20130726_20200912_02_T1,8,7/26/13,3.16,2.227523779,28.23251689,1.976276182,34.93800557,1.048140167,0.808074657,1092.011674,10.92011674,0,secondary_peak_too_small,0.19272191,0.044580914
Engabreen,298,RGI2000-v7.0-G-08-00389,13.853,66.657,08: Scandinavia,LC08_L2SP_200013_20140830_20200911_02_T1,8,8/30/14,5.55,2.977202944,22.92520271,1.604764189,34.27961281,1.028388384,0.66877076,1196.089143,11.96089143,1,ok,0.329471757,0.217681857
Engabreen,298,RGI2000-v7.0-G-08-00389,13.853,66.657,08: Scandinavia,LC08_L2SP_200013_20170907_20200903_02_T1,8,9/7/17,4.52,2.242723479,29.22862915,2.046004041,34.22121237,1.026636371,0.854108523,1068.085874,10.68085874,0,secondary_peak_too_small,0.145878088,0.053182712
Engabreen,298,RGI2000-v7.0-G-08-00389,13.853,66.657,08: Scandinavia,LC08_L2SP_200013_20190828_20200826_02_T1,8,8/28/19,4.7,3.425786023,26.04138554,1.822896988,34.09296328,1.022788898,0.763834617,1132.031342,11.32031342,1,ok,0.236938155,0.117938255
Engabreen,298,RGI2000-v7.0-G-08-00389,13.853,66.657,08: Scandinavia,LC09_L2SP_200013_20230730_20230802_02_T1,8,7/30/23,7.62,3.480136467,29.22522817,2.045765972,34.57298579,1.037189574,0.845319764,1068.082857,10.68082857,0,secondary_peak_too_small,0.155239042,0.043303466
Engabreen,298,RGI2000-v7.0-G-08-00389,13.853,66.657,08: Scandinavia,LE07_L2SP_198013_20010820_20200917_02_T1,8,8/20/01,15,5.811668802,22.38828316,1.567179821,34.50381299,1.03511439,0.64886403,1188.071287,11.88071287,1,ok,0.348791034,0.235970616
Engabreen,298,RGI2000-v7.0-G-08-00389,13.853,66.657,08: Scandinavia,LE07_L2SP_200013_19990914_20200918_02_T1,8,9/14/99,2,0.859214886,26.34364541,1.844055179,35.41723177,1.062516953,0.743808708,1123.911335,11.23911335,1,ok,0.255974905,0.188030747
Engabreen,298,RGI2000-v7.0-G-08-00389,13.853,66.657,08: Scandinavia,LE07_L2SP_200013_20000714_20200918_02_T1,8,7/14/00,7,0.298572399,1.807929736,0.126555082,34.93298049,1.047989415,0.051754237,1435.98775,14.3598775,1,ok,0.051897999,0.393822099
Engabreen,298,RGI2000-v7.0-G-08-00389,13.853,66.657,08: Scandinavia,LE07_L2SP_200013_20020805_20200916_02_T1,8,8/5/02,2,1.761351653,28.6938773,2.008571411,35.67750663,1.070325199,0.8042568,1083.99069,10.8399069,0,secondary_peak_too_small,0.195105341,0.038235399
Engabreen,298,RGI2000-v7.0-G-08-00389,13.853,66.657,08: Scandinavia,LT05_L2SP_198013_19920920_20200914_02_T1,8,9/20/92,13,0.49175445,30.32207496,2.122545247,35.2139779,1.056419337,0.86108065,1036.142762,10.36142762,1,ok,0.139935325,0.141668064
Engabreen,298,RGI2000-v7.0-G-08-00389,13.853,66.657,08: Scandinavia,LT05_L2SP_199013_19860927_20200917_02_T1,8,9/27/86,5,0.151785898,28.20475625,1.974332938,34.7009809,1.041029427,0.812794207,1084.002706,10.84002706,1,ok,0.184266817,0.216345017
Engabreen,298,RGI2000-v7.0-G-08-00389,13.853,66.657,08: Scandinavia,LT05_L2SP_199013_19940731_20200913_02_T1,8,7/31/94,7,5.097225306,30.60433574,2.142303502,35.9155604,1.077466812,0.852119121,1036.159981,10.36159981,0,secondary_peak_too_small,0.148661372,0.069033789
Engabreen,298,RGI2000-v7.0-G-08-00389,13.853,66.657,08: Scandinavia,LT05_L2SP_199013_20070703_20200830_02_T1,8,7/3/07,14,1.678223493,32.78566994,2.294996896,35.79984883,1.073995465,0.915804703,948.1213873,9.481213873,0,secondary_peak_too_small,0.084236916,0.012225325
Engabreen,298,RGI2000-v7.0-G-08-00389,13.853,66.657,08: Scandinavia,LT05_L2SP_200013_19880705_20200917_02_T1,8,7/5/88,8,0.986358845,32.13891332,2.249723932,36.03181056,1.080954317,0.891959433,980.1697852,9.801697852,0,secondary_peak_too_small,0.107309232,0.024545807
Engabreen,298,RGI2000-v7.0-G-08-00389,13.853,66.657,08: Scandinavia,LT05_L2SP_200013_19890809_20200916_02_T1,8,8/9/89,5,1.520622558,31.86635685,2.23064498,35.85883905,1.075765171,0.888661142,987.9351905,9.879351905,0,secondary_peak_too_small,0.112003124,0.02874373
Engabreen,298,RGI2000-v7.0-G-08-00389,13.853,66.657,08: Scandinavia,LT05_L2SP_200013_19900812_20200916_02_T1,8,8/12/90,16,4.056372081,28.76943803,2.013860662,35.52755823,1.065826747,0.809778084,1076.193241,10.76193241,0,secondary_peak_too_small,0.191729724,0.078915878
Engabreen,298,RGI2000-v7.0-G-08-00389,13.853,66.657,08: Scandinavia,LT05_L2SP_200013_19950810_20200912_02_T1,8,8/10/95,15,0.676482628,31.49840503,2.204888352,35.96849534,1.07905486,0.875722065,995.8138531,9.958138531,0,secondary_peak_too_small,0.125466031,0.061932379
Engabreen,298,RGI2000-v7.0-G-08-00389,13.853,66.657,08: Scandinavia,LT05_L2SP_200013_19960812_20200911_02_T1,8,8/12/96,12,1.449834559,31.58515657,2.21096096,35.99415742,1.079824723,0.877507875,995.804797,9.95804797,0,secondary_peak_too_small,0.123711847,0.058051262
Engabreen,298,RGI2000-v7.0-G-08-00389,13.853,66.657,08: Scandinavia,LT05_L2SP_200013_19970815_20200910_02_T1,8,8/15/97,3,0.946094992,31.33468905,2.193428234,35.94455493,1.078336648,0.871750648,1003.969611,10.03969611,0,secondary_peak_too_small,0.128246455,0.032698786
Engabreen,298,RGI2000-v7.0-G-08-00389,13.853,66.657,08: Scandinavia,LT05_L2SP_200013_19980903_20200908_02_T1,8,9/3/98,3,1.045238492,28.07254834,1.965078384,35.65680362,1.069704109,0.787298509,1092.018574,10.92018574,0,secondary_peak_too_small,0.210911944,0.099117286
Engabreen,298,RGI2000-v7.0-G-08-00389,13.853,66.657,08: Scandinavia,LT05_L2SP_200013_20050704_20200902_02_T1,8,7/4/05,7,1.344060381,32.48671659,2.274070161,35.95322702,1.078596811,0.903582774,964.0004302,9.640004302,0,secondary_peak_too_small,0.095760015,0.023122148
Engabreen,298,RGI2000-v7.0-G-08-00389,13.853,66.657,08: Scandinavia,LT05_L2SP_200013_20060925_20200831_02_T1,8,9/25/06,8,1.415443318,29.42798465,2.059958926,34.82519465,1.044755839,0.845019962,1060.006718,10.60006718,1,ok,0.154334025,0.22935243
Engabreen,298,RGI2000-v7.0-G-08-00389,13.853,66.657,08: Scandinavia,LT05_L2SP_200013_20090816_20200827_02_T1,8,8/16/09,12,2.344304306,30.61743362,2.143220354,35.3361752,1.060085256,0.866461451,1027.981549,10.27981549,0,secondary_peak_too_small,0.134460282,0.040242653
Engabreen,298,RGI2000-v7.0-G-08-00389,13.853,66.657,08: Scandinavia,LT05_L2SP_200013_20100702_20200824_02_T1,8,7/2/10,14,1.742332835,32.67542005,2.287279404,35.70614606,1.071184382,0.915120327,956.1057414,9.561057414,0,secondary_peak_too_small,0.08506329,0.018232358
Eyjabakkajokull,3069,RGI2000-v7.0-G-06-00314,-15.6083,64.6284,06: Iceland,LC08_L2SP_216015_20130726_20200912_02_T1,8,7/26/13,11.47,3.966021187,97.43097719,6.820168404,107.960235,3.238807051,0.902470962,1058.021241,10.58021241,0,secondary_peak_too_small,0.097232733,0.071465433
Eyjabakkajokull,3069,RGI2000-v7.0-G-06-00314,-15.6083,64.6284,06: Iceland,LC08_L2SP_216015_20140814_20200911_02_T1,8,8/14/14,9.08,6.101257276,87.70003922,6.139002746,116.1252713,3.48375814,0.75521924,1113.979208,11.13979208,1,ok,0.242971608,0.112022346
Eyjabakkajokull,3069,RGI2000-v7.0-G-06-00314,-15.6083,64.6284,06: Iceland,LC08_L2SP_216015_20170822_20200903_02_T1,8,8/22/17,4.14,1.486800579,78.98190271,5.52873319,115.2836869,3.458510606,0.685109098,1153.926402,11.53926402,1,ok,0.314144312,0.299435508
Eyjabakkajokull,3069,RGI2000-v7.0-G-06-00314,-15.6083,64.6284,06: Iceland,LC08_L2SP_216015_20200814_20200919_02_T1,8,8/14/20,0.41,1.444847396,72.40507125,5.068354987,96.56005315,2.896801595,0.749844981,1186.021307,11.86021307,1,ok,0.249844749,0.207529817
Eyjabakkajokull,3069,RGI2000-v7.0-G-06-00314,-15.6083,64.6284,06: Iceland,LC08_L2SP_217015_20150925_20200908_02_T1,8,9/25/15,3.81,4.843887666,93.50314002,6.545219801,118.7033443,3.56110033,0.787704344,1085.981449,10.85981449,1,ok,0.211049518,0.180363172
Eyjabakkajokull,3069,RGI2000-v7.0-G-06-00314,-15.6083,64.6284,06: Iceland,LC08_L2SP_217015_20190702_20200827_02_T1,8,7/2/19,10.13,13.42612141,100.7601118,7.053207826,111.0170353,3.330511059,0.907609463,982.056401,9.82056401,0,secondary_peak_too_small,0.091414844,0.032544462
Eyjabakkajokull,3069,RGI2000-v7.0-G-06-00314,-15.6083,64.6284,06: Iceland,LC08_L2SP_217015_20210808_20210819_02_T1,8,8/8/21,5.95,4.45811859,85.19926485,5.96394854,99.16273146,2.974881944,0.859186346,1126.032038,11.26032038,0,secondary_peak_too_small,0.140399641,0.077093078
Eyjabakkajokull,3069,RGI2000-v7.0-G-06-00314,-15.6083,64.6284,06: Iceland,LC08_L2SP_217015_20220827_20220909_02_T1,8,8/27/22,3.16,6.47437937,86.59417758,6.061592431,107.7824776,3.233474327,0.803416098,1117.994736,11.17994736,1,ok,0.196120304,0.169979186
Eyjabakkajokull,3069,RGI2000-v7.0-G-06-00314,-15.6083,64.6284,06: Iceland,LC08_L2SP_217015_20240715_20240722_02_T1,8,7/15/24,6.06,3.390614302,91.34653589,6.394257512,107.4598149,3.223794448,0.85005298,1098.003256,10.98003256,1,ok,0.14955918,0.165822408
Eyjabakkajokull,3069,RGI2000-v7.0-G-06-00314,-15.6083,64.6284,06: Iceland,LE07_L2SP_216015_19990728_20200918_02_T1,8,7/28/99,5,0.776749511,100.969739,7.067881729,126.6815063,3.80044519,0.797036141,1037.973596,10.37973596,1,ok,0.202014251,0.101287008
Eyjabakkajokull,3069,RGI2000-v7.0-G-06-00314,-15.6083,64.6284,06: Iceland,LE07_L2SP_216015_20000916_20200917_02_T1,8,9/16/00,4,1.363066258,55.67306431,3.897114502,125.1149807,3.753449421,0.444975206,1242.008435,12.42008435,1,ok,0.446111711,0.42637248
Eyjabakkajokull,3069,RGI2000-v7.0-G-06-00314,-15.6083,64.6284,06: Iceland,LT05_L2SP_216015_19880822_20200917_02_T1,8,8/22/88,9,0.557792116,74.40133471,5.20809343,127.2048915,3.816146744,0.584893661,1174.015397,11.74015397,1,ok,0.413327935,0.494135876
Eyjabakkajokull,3069,RGI2000-v7.0-G-06-00314,-15.6083,64.6284,06: Iceland,LT05_L2SP_216015_19890724_20200916_02_T1,8,7/24/89,8,0.489072834,107.1046716,7.497327011,130.1631697,3.904895092,0.822849288,974.0074129,9.740074129,1,ok,0.17459032,0.124801581
Eyjabakkajokull,3069,RGI2000-v7.0-G-06-00314,-15.6083,64.6284,06: Iceland,LT05_L2SP_216015_19920716_20200914_02_T1,8,7/16/92,5,0.010920568,93.11968225,6.518377758,129.4410023,3.883230068,0.71939865,1082.015645,10.82015645,1,ok,0.279651261,0.262325585
Eyjabakkajokull,3069,RGI2000-v7.0-G-06-00314,-15.6083,64.6284,06: Iceland,LT05_L2SP_216015_19940807_20200913_02_T1,8,8/7/94,4,0.348411631,106.7169119,7.470183832,130.5926325,3.917778975,0.817174061,982.0363855,9.820363855,0,secondary_peak_too_small,0.182038034,0.070039945
Garabashi,761,RGI2000-v7.0-G-12-00962,42.4674,43.3121,12: Caucasus and Middle East,LC08_L2SP_171030_20230828_20230906_02_T1,8,8/28/23,0.92,4.50802594,1.425007134,0.099750499,3.593697697,0.107810931,0.396529495,3948.094099,39.48094099,1,ok,0.401348826,0.374087716
Garabashi,761,RGI2000-v7.0-G-12-00962,42.4674,43.3121,12: Caucasus and Middle East,LC08_L2SP_172030_20200826_20200905_02_T1,8,8/26/20,0.72,3.303626284,2.335304931,0.163471345,3.885618325,0.11656855,0.601012435,3851.957896,38.51957896,1,ok,0.393463046,0.74948298
Garabashi,761,RGI2000-v7.0-G-12-00962,42.4674,43.3121,12: Caucasus and Middle East,LC08_L2SP_172030_20190808_20200827_02_T1,8,8/8/19,5.6,13.90420019,2.485027099,0.173951897,3.847838184,0.115435146,0.645824221,3835.921094,38.35921094,1,ok,0.351726326,0.594202899
Garabashi,761,RGI2000-v7.0-G-12-00962,42.4674,43.3121,12: Caucasus and Middle East,LT05_L2SP_171030_19860806_20200918_02_T1,8,8/6/86,3,1.012972882,3.103930467,0.217275133,4.665452944,0.139963588,0.665300991,3756.2571,37.562571,1,ok,0.329569675,0.31669369
Garabashi,761,RGI2000-v7.0-G-12-00962,42.4674,43.3121,12: Caucasus and Middle East,LC08_L2SP_172030_20210829_20210901_02_T1,8,8/29/21,1.04,2.943166294,1.792293121,0.125460518,3.758834083,0.112765022,0.476821557,3908.149379,39.08149379,1,ok,0.481589415,0.706433154
Garabashi,761,RGI2000-v7.0-G-12-00962,42.4674,43.3121,12: Caucasus and Middle East,LT05_L2SP_172030_19940819_20200913_02_T1,8,8/19/94,3,24.32617039,2.929565871,0.205069611,4.694939652,0.14084819,0.623983712,3779.78265,37.7978265,1,ok,0.372326866,0.553507625
Garabashi,761,RGI2000-v7.0-G-12-00962,42.4674,43.3121,12: Caucasus and Middle East,LT05_L2SP_172030_19850826_20200918_02_T1,8,8/26/85,12,13.34012765,1.830676208,0.128147335,4.337200235,0.130116007,0.422087086,3924.142623,39.24142623,1,ok,0.423949308,0.830960672
Garabashi,761,RGI2000-v7.0-G-12-00962,42.4674,43.3121,12: Caucasus and Middle East,LT05_L2SP_172030_19910827_20200915_02_T1,8,8/27/91,1,1.262441182,2.392230561,0.167456139,4.64977748,0.139493324,0.514482805,3860.013552,38.60013552,1,ok,0.48239111,0.733333333
Garabashi,761,RGI2000-v7.0-G-12-00962,42.4674,43.3121,12: Caucasus and Middle East,LT05_L2SP_171030_19950815_20200912_02_T1,8,8/15/95,2,1.345108185,0.98726382,0.069108467,4.681047831,0.140431435,0.210906587,4075.810876,40.75810876,1,ok,0.210498216,0.217133289
Garabashi,761,RGI2000-v7.0-G-12-00962,42.4674,43.3121,12: Caucasus and Middle East,LT05_L2SP_172030_19890922_20200916_02_T1,8,9/22/89,2,1.348309734,1.569371018,0.109855971,4.777141283,0.143314238,0.328516769,3948.084817,39.48084817,1,ok,0.330463293,0.362768496
Garabashi,761,RGI2000-v7.0-G-12-00962,42.4674,43.3121,12: Caucasus and Middle East,LT05_L2SP_172030_19900909_20200915_02_T1,8,9/9/90,2,7.131932548,3.027193989,0.211903579,4.532288421,0.135968653,0.667917332,3764.041986,37.64041986,1,ok,0.328492304,0.37886309
Garabashi,761,RGI2000-v7.0-G-12-00962,42.4674,43.3121,12: Caucasus and Middle East,LT05_L2SP_172030_19920813_20200914_02_T1,8,8/13/92,3,10.75799958,3.190280122,0.223319609,4.544495353,0.136334861,0.702009767,3707.696257,37.07696257,1,ok,0.291133701,0.296958989
Garabashi,761,RGI2000-v7.0-G-12-00962,42.4674,43.3121,12: Caucasus and Middle East,LT05_L2SP_171030_19880827_20200917_02_T1,8,8/27/88,3,1.49030434,3.320701189,0.232449083,4.658153042,0.139744591,0.712879366,3715.630221,37.15630221,1,ok,0.285461237,0.289645947
Garabashi,761,RGI2000-v7.0-G-12-00962,42.4674,43.3121,12: Caucasus and Middle East,LT05_L2SP_172030_19870816_20201014_02_T1,8,8/16/87,6,64.14098922,3.96382689,0.277467882,4.777622106,0.143328663,0.829665219,3556.398227,35.56398227,1,ok,0.166726542,0.224245403
Garabashi,761,RGI2000-v7.0-G-12-00962,42.4674,43.3121,12: Caucasus and Middle East,LT05_L2SP_171030_19930708_20200914_02_T1,8,7/8/93,5,2.039980669,2.023878519,0.141671496,4.778931032,0.143367931,0.423500257,3900.155894,39.00155894,1,ok,0.423545508,0.431176973
Garabashi,761,RGI2000-v7.0-G-12-00962,42.4674,43.3121,12: Caucasus and Middle East,LC08_L2SP_171030_20140803_20200911_02_T1,8,8/3/14,14.5,6.303263911,3.316815346,0.232177074,4.253152689,0.127594581,0.779848641,3715.617057,37.15617057,1,ok,0.218997858,0.192857143
Garabashi,761,RGI2000-v7.0-G-12-00962,42.4674,43.3121,12: Caucasus and Middle East,LC08_L2SP_171030_20150721_20200908_02_T1,8,7/21/15,1.73,3.545911502,2.991472567,0.20940308,4.289897274,0.128696918,0.697329651,3763.992773,37.63992773,1,ok,0.298060582,0.268795536
Garabashi,761,RGI2000-v7.0-G-12-00962,42.4674,43.3121,12: Caucasus and Middle East,LC08_L2SP_172030_20130823_20200912_02_T1,8,8/23/13,2.04,7.001828682,2.477487131,0.173424099,4.056641939,0.121699258,0.61072364,3835.890548,38.35890548,1,ok,0.387390146,0.586548328
Garabashi,761,RGI2000-v7.0-G-12-00962,42.4674,43.3121,12: Caucasus and Middle East,LC08_L2SP_172030_20170802_20200903_02_T1,8,8/2/17,4.03,4.317063122,2.561899585,0.179332971,4.166754909,0.125002647,0.614842879,3819.837194,38.19837194,1,ok,0.383265423,0.695258845
Garabashi,761,RGI2000-v7.0-G-12-00962,42.4674,43.3121,12: Caucasus and Middle East,LE07_L2SP_172030_20000912_20200918_02_T1,8,9/12/00,2,8.25877659,2.947231081,0.206306176,4.569236867,0.137077106,0.645016043,3772.241603,37.72241603,1,ok,0.348614931,0.548068925
Garabashi,761,RGI2000-v7.0-G-12-00962,42.4674,43.3121,12: Caucasus and Middle East,LT05_L2SP_171030_19970719_20200910_02_T1,8,7/19/97,17,60.73294036,4.150024911,0.290501744,4.772596267,0.143177888,0.869552897,3483.931587,34.83931587,1,ok,0.129056702,0.109326224
Garabashi,761,RGI2000-v7.0-G-12-00962,42.4674,43.3121,12: Caucasus and Middle East,LT05_L2SP_171030_20020802_20200905_02_T1,8,8/2/02,11,11.89646291,3.514102501,0.245987175,4.31557476,0.129467243,0.814283774,3683.848391,36.83848391,1,ok,0.18036707,0.202182964
Garabashi,761,RGI2000-v7.0-G-12-00962,42.4674,43.3121,12: Caucasus and Middle East,LT05_L2SP_171030_20040823_20200903_02_T1,8,8/23/04,6,12.837525,2.394933346,0.167645334,4.587853376,0.137635601,0.522016104,3852.007344,38.52007344,1,ok,0.466842372,0.919014627
Garabashi,761,RGI2000-v7.0-G-12-00962,42.4674,43.3121,12: Caucasus and Middle East,LT05_L2SP_171030_20100824_20200823_02_T1,8,8/24/10,4,1.305029126,2.206830568,0.15447814,4.301270985,0.12903813,0.513064761,3875.996118,38.75996118,1,ok,0.481615713,0.754848967
Garabashi,761,RGI2000-v7.0-G-12-00962,42.4674,43.3121,12: Caucasus and Middle East,LT05_L2SP_171030_20110811_20200820_02_T1,8,8/11/11,1,2.282263642,1.957779127,0.137044539,4.29594947,0.128878484,0.455726759,3908.149379,39.08149379,1,ok,0.458961981,0.77117595
Garabashi,761,RGI2000-v7.0-G-12-00962,42.4674,43.3121,12: Caucasus and Middle East,LT05_L2SP_172030_19960824_20200911_02_T1,8,8/24/96,2,3.739835635,2.000415338,0.140029074,4.677354609,0.140320638,0.427680923,3908.149379,39.08149379,1,ok,0.431232064,0.436326708
Garabashi,761,RGI2000-v7.0-G-12-00962,42.4674,43.3121,12: Caucasus and Middle East,LT05_L2SP_172030_19980814_20200908_02_T1,8,8/14/98,1,1.269958294,2.068302456,0.144781172,4.536914379,0.136107431,0.45588307,3892.020573,38.92020573,1,ok,0.456975589,0.795057316
Garabashi,761,RGI2000-v7.0-G-12-00962,42.4674,43.3121,12: Caucasus and Middle East,LT05_L2SP_172030_19990817_20200907_02_T1,8,8/17/99,1,1.779314931,1.84317779,0.129022445,4.559102293,0.136773069,0.404285246,3916.184846,39.16184846,1,ok,0.409649688,0.613828786
Garabashi,761,RGI2000-v7.0-G-12-00962,42.4674,43.3121,12: Caucasus and Middle East,LT05_L2SP_172030_20010806_20200905_02_T1,8,8/6/01,3,2.496620913,2.398154708,0.16787083,4.554157036,0.136624711,0.526585862,3851.945373,38.51945373,1,ok,0.472388196,0.780448991
Garabashi,761,RGI2000-v7.0-G-12-00962,42.4674,43.3121,12: Caucasus and Middle East,LT05_L2SP_172030_20030828_20200904_02_T1,8,8/28/03,5,1.156406531,2.856937556,0.199985629,4.504463719,0.135133912,0.63424588,3787.642342,37.87642342,1,ok,0.36285536,0.710863195
Garabashi,761,RGI2000-v7.0-G-12-00962,42.4674,43.3121,12: Caucasus and Middle East,LT05_L2SP_172030_20050716_20200902_02_T1,8,7/16/05,16,1.756113075,0.169395643,0.011857695,4.758933424,0.142768003,0.035595296,4500.245182,45.00245182,0,secondary_peak_too_small,0.035880728,0.087823867
Garabashi,761,RGI2000-v7.0-G-12-00962,42.4674,43.3121,12: Caucasus and Middle East,LT05_L2SP_172030_20060804_20200831_02_T1,8,8/4/06,1,2.497994232,3.288950776,0.230226554,4.563824026,0.136914721,0.720656791,3724.204366,37.24204366,1,ok,0.280758324,0.334023893
Garabashi,761,RGI2000-v7.0-G-12-00962,42.4674,43.3121,12: Caucasus and Middle East,LT05_L2SP_172030_20070807_20200830_02_T1,8,8/7/07,15,14.0856228,1.913829057,0.133968034,3.925594767,0.117767843,0.487525883,3908.149379,39.08149379,1,ok,0.490397039,0.606121091
Garabashi,761,RGI2000-v7.0-G-12-00962,42.4674,43.3121,12: Caucasus and Middle East,LT05_L2SP_172030_20080724_20200829_02_T1,8,7/24/08,2,8.905537365,3.48695902,0.244087131,4.417117984,0.13251354,0.789419489,3691.565402,36.91565402,1,ok,0.205682,0.176037266
Gietro,367,RGI2000-v7.0-G-11-00879,7.38888,45.9921,11: Central Europe,LC08_L2SP_195028_20220918_20220928_02_T1,9,9/18/22,4.24,8.955439502,4.468255295,0.312777871,5.465711078,0.163971332,0.817506676,3051.265387,30.51265387,1,ok,0.180493376,0.176470588
Gietro,367,RGI2000-v7.0-G-11-00879,7.38888,45.9921,11: Central Europe,LT05_L2SP_195028_20030914_20200904_02_T1,9,9/14/03,5,5.513327881,4.76807187,0.333765031,5.726183518,0.171785506,0.832678844,3044.738565,30.44738565,1,ok,0.166590998,0.127164817
Gietro,367,RGI2000-v7.0-G-11-00879,7.38888,45.9921,11: Central Europe,LT05_L2SP_195028_19980831_20200908_02_T1,9,8/31/98,5,3.921922154,2.016873019,0.141181111,5.457894052,0.163736822,0.369533193,3260.092714,32.60092714,1,ok,0.372111891,0.477987421
Gietro,367,RGI2000-v7.0-G-11-00879,7.38888,45.9921,11: Central Europe,LC08_L2SP_195028_20190825_20200826_02_T1,9,8/25/19,5.54,9.799032416,1.359462745,0.095162392,4.9399662,0.148198986,0.275196771,3292.046049,32.92046049,1,ok,0.277505428,0.286956522
Gietro,367,RGI2000-v7.0-G-11-00879,7.38888,45.9921,11: Central Europe,LC08_L2SP_195028_20150830_20200908_02_T1,9,8/30/15,3.97,8.59677601,2.277501235,0.159425086,5.058574553,0.151757237,0.450225891,3243.8399,32.438399,1,ok,0.450531691,0.592307692
Gietro,367,RGI2000-v7.0-G-11-00879,7.38888,45.9921,11: Central Europe,LT05_L2SP_195028_20110920_20200820_02_T1,9,9/20/11,12,1.467585488,5.241769231,0.366923846,5.885558798,0.176566764,0.890615388,3004.270093,30.04270093,1,ok,0.108729905,0.152943477
Gietro,367,RGI2000-v7.0-G-11-00879,7.38888,45.9921,11: Central Europe,LT05_L2SP_195028_20090930_20200825_02_T1,9,9/30/09,2,10.57499912,3.32966419,0.233076493,5.14982695,0.154494809,0.646558462,3171.580502,31.71580502,1,ok,0.353205427,0.687815126
Gietro,367,RGI2000-v7.0-G-11-00879,7.38888,45.9921,11: Central Europe,LT05_L2SP_195028_20060922_20200831_02_T1,9,9/22/06,12,2.638901054,4.619810918,0.323386764,5.615428521,0.168462856,0.822699621,3051.26293,30.5126293,1,ok,0.175713429,0.102893891
Gietro,367,RGI2000-v7.0-G-11-00879,7.38888,45.9921,11: Central Europe,LT05_L2SP_195028_20100901_20200823_02_T1,9,9/1/10,3,8.813930658,4.566943942,0.319686076,5.696019751,0.170880593,0.801778109,3051.292099,30.51292099,1,ok,0.198196843,0.137704918
Gietro,367,RGI2000-v7.0-G-11-00879,7.38888,45.9921,11: Central Europe,LC08_L2SP_195028_20210814_20210819_02_T1,9,8/14/21,3.04,11.59752564,3.886689314,0.272068252,5.211028478,0.156330854,0.745858391,3132.408914,31.32408914,1,ok,0.255724034,0.102040816
Gietro,367,RGI2000-v7.0-G-11-00879,7.38888,45.9921,11: Central Europe,LT05_L2SP_195028_19890907_20200916_02_T1,9,9/7/89,14,2.325681921,4.884947665,0.341946337,5.839960398,0.175198812,0.836469313,3035.780297,30.35780297,1,ok,0.1602587,0.164032754
Gietro,367,RGI2000-v7.0-G-11-00879,7.38888,45.9921,11: Central Europe,LT05_L2SP_195028_19860814_20200918_02_T1,9,8/14/86,14,3.718872889,3.765629092,0.263594036,5.81043113,0.174312934,0.648080841,3164.070678,31.64070678,1,ok,0.349959408,0.384615385
Gietro,367,RGI2000-v7.0-G-11-00879,7.38888,45.9921,11: Central Europe,LT05_L2SP_195028_19920915_20200914_02_T1,9,9/15/92,4,4.130829704,4.003678186,0.280257473,5.642625516,0.169278765,0.709541715,3124.432411,31.24432411,1,ok,0.290200295,0.218543046
Gietro,367,RGI2000-v7.0-G-11-00879,7.38888,45.9921,11: Central Europe,LC08_L2SP_195028_20161003_20200906_02_T1,9,10/3/16,4.56,12.20036014,4.259295516,0.298150686,4.970059375,0.149101781,0.856990872,3044.717525,30.44717525,0,secondary_peak_too_small,0.14376902,0.085510568
Gietro,367,RGI2000-v7.0-G-11-00879,7.38888,45.9921,11: Central Europe,LC08_L2SP_195028_20141030_20200910_02_T1,9,10/30/14,8.15,13.6391661,3.899090033,0.272936302,4.888378108,0.146651343,0.797624477,3044.859914,30.44859914,1,ok,0.200227617,0.142229484
Gietro,367,RGI2000-v7.0-G-11-00879,7.38888,45.9921,11: Central Europe,LT05_L2SP_195028_19940804_20200913_02_T1,9,8/4/94,3,4.740546265,3.892302184,0.272461153,5.717858524,0.171535756,0.680727263,3148.111638,31.48111638,1,ok,0.318015782,0.27388535
Gietro,367,RGI2000-v7.0-G-11-00879,7.38888,45.9921,11: Central Europe,LT05_L2SP_195028_19930817_20200913_02_T1,9,8/17/93,6,4.854924997,4.08284536,0.285799175,5.756875385,0.172706262,0.709212044,3124.432411,31.24432411,1,ok,0.291791161,0.182792579
Gietro,367,RGI2000-v7.0-G-11-00879,7.38888,45.9921,11: Central Europe,LE07_L2SP_195028_20010815_20211127_02_T1,9,8/15/01,7,5.67417475,4.261103547,0.298277248,5.72565196,0.171769559,0.744212812,3091.71683,30.9171683,1,ok,0.256649426,0.129039576
Gietro,367,RGI2000-v7.0-G-11-00879,7.38888,45.9921,11: Central Europe,LE07_L2SP_195028_19990911_20200918_02_T1,9,9/11/99,14,15.16414002,3.26321128,0.22842479,5.30668483,0.159200545,0.614924644,3180.370717,31.80370717,1,ok,0.379615651,0.337349398
Gietro,367,RGI2000-v7.0-G-11-00879,7.38888,45.9921,11: Central Europe,LT05_L2SP_195028_19951026_20200912_02_T1,9,10/26/95,11,2.533963829,3.788233728,0.265176361,5.414282025,0.162428461,0.699674252,3132.396075,31.32396075,1,ok,0.298638865,0.404128449
Gietro,367,RGI2000-v7.0-G-11-00879,7.38888,45.9921,11: Central Europe,LT05_L2SP_195028_19900910_20200915_02_T1,9,9/10/90,2,3.012864337,1.986272862,0.1390391,5.50373917,0.165112175,0.360895166,3260.092714,32.60092714,1,ok,0.366799024,0.52991453
Gietro,367,RGI2000-v7.0-G-11-00879,7.38888,45.9921,11: Central Europe,LE07_L2SP_195028_20020818_20200916_02_T1,9,8/18/02,15,4.923745616,4.450619424,0.31154336,5.790392661,0.17371178,0.76862135,3075.834172,30.75834172,1,ok,0.230896517,0.126637555
Gietro,367,RGI2000-v7.0-G-11-00879,7.38888,45.9921,11: Central Europe,LT05_L2SP_195028_19960910_20200911_02_T1,9,9/10/96,8,9.407892417,3.675945699,0.257316199,5.573505833,0.167205175,0.659539222,3156.131603,31.56131603,1,ok,0.341579567,0.23527706
Gietro,367,RGI2000-v7.0-G-11-00879,7.38888,45.9921,11: Central Europe,LT05_L2SP_195028_19970929_20200909_02_T1,9,9/29/97,5,4.001208058,3.064978071,0.214548465,5.496172805,0.164885184,0.557656788,3187.329635,31.87329635,1,ok,0.441476097,0.534351145
Gietro,367,RGI2000-v7.0-G-11-00879,7.38888,45.9921,11: Central Europe,LC09_L2SP_195028_20240915_20240916_02_T1,9,9/15/24,8.32,1.946485996,4.830630932,0.338144165,5.746167568,0.172385027,0.840670042,3035.795879,30.35795879,0,secondary_peak_too_small,0.157906742,0.083671373
Golubin,753,RGI2000-v7.0-G-13-22647,74.49766036,42.45447925,"13: Asia, Central",LC09_L2SP_151030_20230925_20230927_02_T1,9,9/25/23,2.87,1.578225633,4.461397892,0.312297852,5.602147993,0.16806444,0.79637273,3628.128369,36.28128369,1,ok,0.200709341,0.217275827
Golubin,753,RGI2000-v7.0-G-13-22647,74.49766036,42.45447925,"13: Asia, Central",LC08_L2SP_151030_20150911_20200908_02_T1,9,9/11/15,2.08,8.226432077,3.318335055,0.232283454,5.128381379,0.153851441,0.647053097,3859.771752,38.59771752,1,ok,0.349348499,0.4375
Golubin,753,RGI2000-v7.0-G-13-22647,74.49766036,42.45447925,"13: Asia, Central",LT05_L2SP_150031_20110925_20200820_02_T1,9,9/25/11,4,1.400138884,4.133555546,0.289348888,5.580853977,0.167425619,0.74066721,3708.145347,37.08145347,1,ok,0.255236304,0.257497666
Golubin,753,RGI2000-v7.0-G-13-22647,74.49766036,42.45447925,"13: Asia, Central",LC09_L2SP_151030_20220906_20230330_02_T1,9,9/6/22,0.51,5.755746934,1.861133813,0.130279367,4.703560981,0.141106829,0.395686124,3973.862759,39.73862759,1,ok,0.400616383,0.723404255
Golubin,753,RGI2000-v7.0-G-13-22647,74.49766036,42.45447925,"13: Asia, Central",LT05_L2SP_151030_19930930_20200913_02_T1,9,9/30/93,2,7.612285977,4.000695328,0.280048673,5.44730509,0.163419153,0.7344357,3708.145347,37.08145347,1,ok,0.260429645,0.300460184
Golubin,753,RGI2000-v7.0-G-13-22647,74.49766036,42.45447925,"13: Asia, Central",LC08_L2SP_151030_20190922_20200826_02_T1,9,9/22/19,2.39,4.964930278,4.59165354,0.321415748,5.567066761,0.167012003,0.824788661,3612.025831,36.12025831,1,ok,0.171754014,0.23155929
Golubin,753,RGI2000-v7.0-G-13-22647,74.49766036,42.45447925,"13: Asia, Central",LC08_L2SP_151030_20200908_20200919_02_T1,9,9/8/20,0.55,5.324440465,3.86014143,0.2702099,5.177790417,0.155333712,0.745519057,3796.151257,37.96151257,1,ok,0.250867902,0.25
Golubin,753,RGI2000-v7.0-G-13-22647,74.49766036,42.45447925,"13: Asia, Central",LC08_L2SP_151030_20160929_20200906_02_T1,9,9/29/16,6.63,18.56627173,2.862967563,0.200407729,5.301073201,0.159032196,0.540073199,3900.237234,39.00237234,1,ok,0.453624571,0.892156863
Golubin,753,RGI2000-v7.0-G-13-22647,74.49766036,42.45447925,"13: Asia, Central",LC08_L2SP_151031_20131007_20200912_02_T1,9,10/7/13,0.13,1.841615757,2.504476227,0.175313336,4.672818269,0.140184548,0.535966965,3902.025845,39.02025845,1,ok,0.459189229,0.864864865
Golubin,753,RGI2000-v7.0-G-13-22647,74.49766036,42.45447925,"13: Asia, Central",LC08_L2SP_151031_20170916_20200903_02_T1,9,9/16/17,0.1,2.236142789,2.59449129,0.18161439,4.872032502,0.146160975,0.5325275,3909.729941,39.09729941,1,ok,0.466889544,0.746666667
Golubin,753,RGI2000-v7.0-G-13-22647,74.49766036,42.45447925,"13: Asia, Central",LC08_L2SP_151031_20180903_20200831_02_T1,9,9/3/18,0.21,4.941311534,3.071971657,0.215038016,5.051869344,0.15155608,0.608086126,3886.131012,38.86131012,1,ok,0.388607806,0.298701299
Golubin,753,RGI2000-v7.0-G-13-22647,74.49766036,42.45447925,"13: Asia, Central",LT05_L2SP_151031_19940901_20200913_02_T1,9,9/1/94,0,0.987169499,2.543761143,0.17806328,5.147576975,0.154427309,0.494166703,3924.145902,39.24145902,1,ok,0.495603874,0.636363636
Golubin,753,RGI2000-v7.0-G-13-22647,74.49766036,42.45447925,"13: Asia, Central",LC08_L2SP_151031_20210927_20211001_02_T1,9,9/27/21,0.37,1.372237283,2.28905076,0.160233553,4.712928562,0.141387857,0.485696044,3929.975826,39.29975826,1,ok,0.489563223,0.641025641
Golubin,753,RGI2000-v7.0-G-13-22647,74.49766036,42.45447925,"13: Asia, Central",LC08_L2SP_151030_20240903_20240906_02_T1,9,9/3/24,1.93,4.331806928,4.84513008,0.339159106,5.81694339,0.174508302,0.832934027,3604.061906,36.04061906,1,ok,0.16447173,0.136767369
Golubin,753,RGI2000-v7.0-G-13-22647,74.49766036,42.45447925,"13: Asia, Central",LE07_L2SP_150031_20000902_20200917_02_T1,9,9/2/00,2,5.212457066,2.900377079,0.203026395,5.220084127,0.156602524,0.555618838,3900.210673,39.00210673,1,ok,0.4435754,0.938053097
Golubin,753,RGI2000-v7.0-G-13-22647,74.49766036,42.45447925,"13: Asia, Central",LE07_L2SP_150031_20020823_20200916_02_T1,9,8/23/02,1,2.28058506,3.209809975,0.224686698,5.186224124,0.155586724,0.618910772,3883.892912,38.83892912,1,ok,0.376130673,0.395604396
Golubin,753,RGI2000-v7.0-G-13-22647,74.49766036,42.45447925,"13: Asia, Central",LE07_L2SP_151031_20010928_20200917_02_T1,9,9/28/01,3,1.701842145,1.946902227,0.136283156,5.635714572,0.169071437,0.345457919,3987.95983,39.8795983,1,ok,0.346878603,0.908496732
Golubin,753,RGI2000-v7.0-G-13-22647,74.49766036,42.45447925,"13: Asia, Central",LT05_L2SP_150031_20081002_20200829_02_T1,9,10/2/08,2,0.028318992,4.609203923,0.322644275,5.652189205,0.169565676,0.815472334,3612.025831,36.12025831,1,ok,0.18343202,0.237676828
Golubin,753,RGI2000-v7.0-G-13-22647,74.49766036,42.45447925,"13: Asia, Central",LT05_L2SP_151030_20060801_20200831_02_T1,9,8/1/06,13,13.98452914,2.656371111,0.185945978,4.655640031,0.139669201,0.570570554,3900.222712,39.00222712,1,ok,0.423861296,0.811881188
Golubin,753,RGI2000-v7.0-G-13-22647,74.49766036,42.45447925,"13: Asia, Central",LT05_L2SP_151030_20091012_20200825_02_T1,9,10/12/09,2,6.353148402,4.150764423,0.29055351,5.409169857,0.162275096,0.767357013,3668.074095,36.68074095,1,ok,0.232254437,0.359059966
Golubin,753,RGI2000-v7.0-G-13-22647,74.49766036,42.45447925,"13: Asia, Central",LT05_L2SP_151031_19960906_20200911_02_T1,9,9/6/96,0,4.813758565,3.13120203,0.219184142,5.365710241,0.160971307,0.583557794,3883.883291,38.83883291,1,ok,0.413625616,0.572649573
Golubin,753,RGI2000-v7.0-G-13-22647,74.49766036,42.45447925,"13: Asia, Central",LT05_L2SP_151031_19981014_20200908_02_T1,9,10/14/98,4,4.025879563,4.032617118,0.282283198,5.339233035,0.160176991,0.755280223,3676.389002,36.76389002,1,ok,0.242849285,0.371545285
Golubin,753,RGI2000-v7.0-G-13-22647,74.49766036,42.45447925,"13: Asia, Central",LT05_L2SP_151031_20100929_20200823_02_T1,9,9/29/10,2,2.601880804,4.276963841,0.299387469,5.546186988,0.16638561,0.771153921,3668.074095,36.68074095,1,ok,0.228228595,0.258883861
Graasubreen,299,RGI2000-v7.0-G-08-03351,8.6,61.657,08: Scandinavia,LC08_L2SP_199017_20190922_20200826_02_T1,9,9/22/19,9.15,12.9221318,1.15847668,0.081093368,2.241483043,0.067244491,0.516834907,2114.020016,21.14020016,1,ok,0.476170234,0.901469061
Graasubreen,299,RGI2000-v7.0-G-08-03351,8.6,61.657,08: Scandinavia,LC08_L2SP_199017_20240919_20240927_02_T1,9,9/19/24,1.57,25.92668402,0.621843536,0.043529048,1.80420688,0.054126206,0.3446631,2178.020827,21.78020827,1,ok,0.345466811,0.782539683
Graasubreen,299,RGI2000-v7.0-G-08-03351,8.6,61.657,08: Scandinavia,LC08_L2SP_200017_20161006_20200906_02_T1,9,10/6/16,8.65,2.085755457,1.710713526,0.119749947,2.394725947,0.071841778,0.71436714,2041.96759,20.4196759,1,ok,0.279407193,0.518788894
Graasubreen,299,RGI2000-v7.0-G-08-03351,8.6,61.657,08: Scandinavia,LC08_L2SP_200017_20171009_20200903_02_T1,9,10/9/17,3.02,0,1.427692478,0.099938473,2.38723199,0.07161696,0.598053513,2078.096163,20.78096163,1,ok,0.39557166,0.76266434
Graasubreen,299,RGI2000-v7.0-G-08-03351,8.6,61.657,08: Scandinavia,LE07_L2SP_199017_20000925_20200918_02_T1,9,9/25/00,15,9.944625478,1.348374437,0.094386211,2.377721543,0.071331646,0.567086773,2086.04617,20.8604617,1,ok,0.425695896,0.750245178
Graasubreen,299,RGI2000-v7.0-G-08-03351,8.6,61.657,08: Scandinavia,LT05_L2SP_199017_19850924_20200918_02_T1,9,9/24/85,8,0.307302669,2.002333096,0.140163317,2.449862676,0.07349588,0.817324626,2010.021631,20.10021631,1,ok,0.177109253,0.301914141
Graasubreen,299,RGI2000-v7.0-G-08-03351,8.6,61.657,08: Scandinavia,LT05_L2SP_199017_19870813_20201014_02_T1,9,8/13/87,5,0.772759774,2.145051503,0.150153605,2.493465386,0.074803962,0.860269212,1997.642366,19.97642366,1,ok,0.135421772,0.241857754
Graasubreen,299,RGI2000-v7.0-G-08-03351,8.6,61.657,08: Scandinavia,LT05_L2SP_199017_19960906_20200911_02_T1,9,9/6/96,5,4.180926493,1.2014737,0.084103159,2.393974213,0.071819226,0.501874119,2109.934497,21.09934497,1,ok,0.489483493,0.852834225
Graasubreen,299,RGI2000-v7.0-G-08-03351,8.6,61.657,08: Scandinavia,LT05_L2SP_199017_20030809_20200904_02_T1,9,8/9/03,2,15.72469938,0.286496097,0.020054727,2.180966243,0.065428987,0.131362004,2254.174144,22.54174144,1,ok,0.132836831,0.189189189
Graasubreen,299,RGI2000-v7.0-G-08-03351,8.6,61.657,08: Scandinavia,LT05_L2SP_199017_20110916_20200820_02_T1,9,9/16/11,11,4.355592308,1.715848932,0.120109425,2.430019603,0.072900588,0.706104975,2049.950268,20.49950268,1,ok,0.282228843,0.403846154
Graasubreen,299,RGI2000-v7.0-G-08-03351,8.6,61.657,08: Scandinavia,LT05_L2SP_200017_19880806_20200917_02_T1,9,8/6/88,15,2.616712244,0.240908977,0.016863628,2.136031927,0.064080958,0.112783416,2273.864275,22.73864275,0,secondary_peak_too_small,0.113526065,0.09174587
Graasubreen,299,RGI2000-v7.0-G-08-03351,8.6,61.657,08: Scandinavia,LT05_L2SP_200017_19890926_20200916_02_T1,9,9/26/89,13,3.24127899,1.404799472,0.098335963,2.418646587,0.072559398,0.58082048,2086.04617,20.8604617,1,ok,0.414385263,0.789504037
Graasubreen,299,RGI2000-v7.0-G-08-03351,8.6,61.657,08: Scandinavia,LT05_L2SP_200017_19910831_20200915_02_T1,9,8/31/91,15,23.75523315,1.22259628,0.08558174,2.173748812,0.065212464,0.562436779,2078.096163,20.78096163,1,ok,0.436528839,0.592229484
Graasubreen,299,RGI2000-v7.0-G-08-03351,8.6,61.657,08: Scandinavia,LT05_L2SP_200017_19970815_20200910_02_T1,9,8/15/97,5,6.342688871,0.841227227,0.058885906,2.364174006,0.07092522,0.35582289,2162.02836,21.6202836,1,ok,0.358738666,0.633729311
Graasubreen,299,RGI2000-v7.0-G-08-03351,8.6,61.657,08: Scandinavia,LT05_L2SP_200017_19980903_20200908_02_T1,9,9/3/98,5,1.395825487,2.040975689,0.142868298,2.472610804,0.074178324,0.825433459,2010.021631,20.10021631,1,ok,0.168685953,0.381578947
Graasubreen,299,RGI2000-v7.0-G-08-03351,8.6,61.657,08: Scandinavia,LT05_L2SP_200017_20100904_20200824_02_T1,9,9/4/10,4,0.010780156,2.109994972,0.147699648,2.489605109,0.074688153,0.847521948,2001.719738,20.01719738,1,ok,0.146385248,0.221981972
Griesgletscher,359,RGI2000-v7.0-G-11-02438,8.33019,46.4383,11: Central Europe,LC08_L2SP_194028_20171015_20200902_02_T1,9,10/15/17,1.72,6.078251626,2.489880896,0.174291663,4.341771942,0.130253158,0.573471138,2933.92564,29.3392564,1,ok,0.425507048,0.726190476
Griesgletscher,359,RGI2000-v7.0-G-11-02438,8.33019,46.4383,11: Central Europe,LC08_L2SP_195028_20150830_20200908_02_T1,9,8/30/15,3.97,1.639242897,1.032990435,0.07230933,4.389619949,0.131688598,0.235325711,3050.112773,30.50112773,1,ok,0.235070979,0.207792208
Griesgletscher,359,RGI2000-v7.0-G-11-02438,8.33019,46.4383,11: Central Europe,LC08_L2SP_195028_20220918_20220928_02_T1,9,9/18/22,4.24,17.86001568,2.718462362,0.190292365,5.101805316,0.153054159,0.532843218,2921.960395,29.21960395,1,ok,0.46252334,0.774076367
Griesgletscher,359,RGI2000-v7.0-G-11-02438,8.33019,46.4383,11: Central Europe,LT05_L2SP_194028_19980909_20200908_02_T1,9,9/9/98,10,8.81641183,2.580356235,0.180624936,5.320616277,0.159618488,0.484973187,2942.086959,29.42086959,1,ok,0.487037189,0.919354839
Griesgletscher,359,RGI2000-v7.0-G-11-02438,8.33019,46.4383,11: Central Europe,LT05_L2SP_195028_19900910_20200915_02_T1,9,9/10/90,2,1.70385506,1.487154001,0.10410078,5.759851983,0.172795559,0.258193093,3030.139339,30.30139339,1,ok,0.260813871,0.284615385
Griesgletscher,359,RGI2000-v7.0-G-11-02438,8.33019,46.4383,11: Central Europe,LT05_L2SP_195028_20030914_20200904_02_T1,9,9/14/03,5,5.395257388,3.76515882,0.263561117,5.683121647,0.170493649,0.662515965,2822.256118,28.22256118,1,ok,0.331238732,0.528543229
Griesgletscher,359,RGI2000-v7.0-G-11-02438,8.33019,46.4383,11: Central Europe,LT05_L2SP_194028_20051030_20200901_02_T1,9,10/30/05,6,2.07989898,3.572018172,0.250041272,5.314059036,0.159421771,0.672182629,2818.198629,28.18198629,1,ok,0.326699121,0.59602649
Griesgletscher,359,RGI2000-v7.0-G-11-02438,8.33019,46.4383,11: Central Europe,LT05_L2SP_195028_20060922_20200831_02_T1,9,9/22/06,12,0.580431648,2.391198622,0.167383904,5.24722962,0.157416889,0.455706877,2978.097875,29.78097875,1,ok,0.456378255,0.810126582
Griesgletscher,359,RGI2000-v7.0-G-11-02438,8.33019,46.4383,11: Central Europe,LC08_L2SP_195028_20161003_20200906_02_T1,9,10/3/16,4.56,12.17204648,3.691430623,0.258400144,4.851999364,0.145559981,0.760806081,2745.468853,27.45468853,1,ok,0.236978453,0.242624152
Griesgletscher,359,RGI2000-v7.0-G-11-02438,8.33019,46.4383,11: Central Europe,LT05_L2SP_194028_20090907_20200825_02_T1,9,9/7/09,2,3.529276287,3.055075361,0.213855275,5.167938337,0.15503815,0.591159407,2898.176216,28.98176216,1,ok,0.407478225,0.731343284
Griesgletscher,359,RGI2000-v7.0-G-11-02438,8.33019,46.4383,11: Central Europe,LC08_L2SP_194028_20190903_20200826_02_T1,9,9/3/19,8.2,2.316734607,0.510064107,0.035704488,4.018539337,0.12055618,0.126927738,3089.975801,30.89975801,1,ok,0.129234134,0.139784946
Griesgletscher,359,RGI2000-v7.0-G-11-02438,8.33019,46.4383,11: Central Europe,LT05_L2SP_195028_19970929_20200909_02_T1,9,9/29/97,5,0.144654095,2.191129526,0.153379067,5.581717879,0.167451536,0.392554689,2986.100179,29.86100179,1,ok,0.396981125,0.756756757
Griesgletscher,359,RGI2000-v7.0-G-11-02438,8.33019,46.4383,11: Central Europe,LC08_L2SP_194028_20210924_20210930_02_T1,9,9/24/21,1.92,11.35716174,3.737127508,0.261598926,5.045191471,0.151355744,0.740730561,2813.819314,28.13819314,1,ok,0.257514784,0.144998127
Griesgletscher,359,RGI2000-v7.0-G-11-02438,8.33019,46.4383,11: Central Europe,LT05_L2SP_195028_19860814_20200918_02_T1,9,8/14/86,14,2.553116416,3.48275958,0.243793171,5.951838075,0.178555142,0.585156978,2873.718778,28.73718778,1,ok,0.412917296,0.589319145
Griesgletscher,359,RGI2000-v7.0-G-11-02438,8.33019,46.4383,11: Central Europe,LT05_L2SP_194028_19931029_20200913_02_T1,9,10/29/93,2,0.428913574,4.203757074,0.294262995,5.730538531,0.171916156,0.733571034,2710.312756,27.10312756,1,ok,0.263093282,0.53125
Griesgletscher,359,RGI2000-v7.0-G-11-02438,8.33019,46.4383,11: Central Europe,LT05_L2SP_194028_19910906_20200915_02_T1,9,9/6/91,4,0.293959812,1.057144319,0.074000102,5.548287984,0.16644864,0.190535229,3053.985684,30.53985684,1,ok,0.19270888,0.402407327
Griesgletscher,359,RGI2000-v7.0-G-11-02438,8.33019,46.4383,11: Central Europe,LE07_L2SP_195028_20020818_20200916_02_T1,9,8/18/02,15,17.39105278,2.025344331,0.141774103,5.086348357,0.152590451,0.398192218,2998.1079,29.981079,1,ok,0.398036004,0.935323383
Griesgletscher,359,RGI2000-v7.0-G-11-02438,8.33019,46.4383,11: Central Europe,LT05_L2SP_194028_19850921_20200918_02_T1,9,9/21/85,6,0.462722923,2.489568108,0.174269768,5.815056897,0.174451707,0.428124462,2970.05542,29.7005542,1,ok,0.431219823,0.946472108
Griesgletscher,359,RGI2000-v7.0-G-11-02438,8.33019,46.4383,11: Central Europe,LT05_L2SP_195028_19870918_20211115_02_T1,9,9/18/87,8,1.802957297,1.841415048,0.128899053,5.672595984,0.17017788,0.324615935,3010.152898,30.10152898,1,ok,0.325478064,0.461137194
Griesgletscher,359,RGI2000-v7.0-G-11-02438,8.33019,46.4383,11: Central Europe,LT05_L2SP_195028_19920915_20200914_02_T1,9,9/15/92,4,0.94785305,3.00703552,0.210492486,5.824843587,0.174745308,0.516243136,2917.846235,29.17846235,1,ok,0.481972881,0.902439024
Griesgletscher,359,RGI2000-v7.0-G-11-02438,8.33019,46.4383,11: Central Europe,LC08_L2SP_195028_20141030_20200910_02_T1,9,10/30/14,8.15,30.95177856,2.030591899,0.142141433,4.213367194,0.126401016,0.481940407,2957.933574,29.57933574,1,ok,0.485688733,0.95678733
Griesgletscher,359,RGI2000-v7.0-G-11-02438,8.33019,46.4383,11: Central Europe,LC08_L2SP_194028_20130801_20200912_02_T1,9,8/1/13,7.55,21.87793917,3.327090888,0.232896362,4.950378084,0.148511343,0.672088239,2826.129738,28.26129738,1,ok,0.327996718,0.250896359
Griesgletscher,359,RGI2000-v7.0-G-11-02438,8.33019,46.4383,11: Central Europe,LT05_L2SP_195028_19960910_20200911_02_T1,9,9/10/96,8,0.906669178,3.010254389,0.210717807,5.681975856,0.170459276,0.52979007,2914.175871,29.14175871,1,ok,0.469878567,0.826530612
Griesgletscher,359,RGI2000-v7.0-G-11-02438,8.33019,46.4383,11: Central Europe,LT05_L2SP_194028_19990912_20211205_02_T1,9,9/12/99,5,7.348654944,1.29536595,0.090675617,5.378908369,0.161367251,0.240823205,3038.063107,30.38063107,1,ok,0.243361712,0.304600801
Griesgletscher,359,RGI2000-v7.0-G-11-02438,8.33019,46.4383,11: Central Europe,LE07_L2SP_194028_20011011_20200917_02_T1,9,10/11/01,2,1.999006141,0.494792693,0.034635489,5.759768929,0.172793068,0.085904955,3109.781562,31.09781562,1,ok,0.085752118,0.37593985
Griesgletscher,359,RGI2000-v7.0-G-11-02438,8.33019,46.4383,11: Central Europe,LT05_L2SP_195028_19951026_20200912_02_T1,9,10/26/95,11,0.696949103,3.823699506,0.267658965,5.549181746,0.166475452,0.689056456,2781.727918,27.81727918,1,ok,0.309012394,0.997512123
Griesgletscher,359,RGI2000-v7.0-G-11-02438,8.33019,46.4383,11: Central Europe,LT05_L2SP_195028_19940804_20200913_02_T1,9,8/4/94,3,4.303487695,4.045005441,0.283150381,5.864113856,0.175923416,0.689789718,2766.147956,27.66147956,1,ok,0.310325039,0.331598793
Griesgletscher,359,RGI2000-v7.0-G-11-02438,8.33019,46.4383,11: Central Europe,LC09_L2SP_195028_20240915_20240916_02_T1,9,9/15/24,8.32,24.07401525,2.975604336,0.208292304,4.925886508,0.147776595,0.604074887,2901.941981,29.01941981,1,ok,0.394922708,0.354183007
Griesgletscher,359,RGI2000-v7.0-G-11-02438,8.33019,46.4383,11: Central Europe,LT05_L2SP_194028_20110913_20200820_02_T1,9,9/13/11,2,0.969182438,1.807296028,0.126510722,4.613288187,0.138398646,0.391758753,2998.104342,29.98104342,1,ok,0.398567115,0.75
Gulkana,90,RGI2000-v7.0-G-01-05299,-145.427,63.281,01: Alaska,LC08_L2SP_066016_20210822_20210831_02_T1,8,8/22/21,6.59,23.90358078,6.652434288,0.4656704,14.99153942,0.449746183,0.443745909,1956.092505,19.56092505,1,ok,0.448595408,0.685541049
Gulkana,90,RGI2000-v7.0-G-01-05299,-145.427,63.281,01: Alaska,LC08_L2SP_067016_20160831_20200906_02_T1,8,8/31/16,5.12,30.52707479,6.078767418,0.425513719,14.90288866,0.44708666,0.40789189,1956.029173,19.56029173,1,ok,0.409043391,0.791907514
Gulkana,90,RGI2000-v7.0-G-01-05299,-145.427,63.281,01: Alaska,LC08_L2SP_067016_20190707_20200827_02_T1,8,7/7/19,12.36,24.94264303,9.223601429,0.6456521,15.00722329,0.450216699,0.614610794,1852.087724,18.52087724,1,ok,0.385052703,0.329251122
Gulkana,90,RGI2000-v7.0-G-01-05299,-145.427,63.281,01: Alaska,LC08_L2SP_067016_20240805_20240814_02_T1,8,8/5/24,2.89,19.83748517,9.455032293,0.661852261,15.3640289,0.460920867,0.61540058,1868.092744,18.68092744,1,ok,0.383924898,0.35973454
Gulkana,90,RGI2000-v7.0-G-01-05299,-145.427,63.281,01: Alaska,LC08_L2SP_068015_20130915_20200912_02_T1,8,9/15/13,2.53,7.434892244,11.06139894,0.774297926,15.72504014,0.471751204,0.7034258,1772.111421,17.72111421,1,ok,0.294431875,0.258699859
Gulkana,90,RGI2000-v7.0-G-01-05299,-145.427,63.281,01: Alaska,LC08_L2SP_068015_20200817_20200920_02_T1,8,8/17/20,2.54,16.88954091,9.98186132,0.698730292,15.29156643,0.458746993,0.652769052,1819.827838,18.19827838,1,ok,0.345892759,0.489864865
Gulkana,90,RGI2000-v7.0-G-01-05299,-145.427,63.281,01: Alaska,LC08_L2SP_068015_20220706_20220722_02_T1,8,7/6/22,6.26,17.58819397,9.711619766,0.679813384,15.12913789,0.453874137,0.641914948,1835.819368,18.35819368,1,ok,0.356878241,0.418707811
Gulkana,90,RGI2000-v7.0-G-01-05299,-145.427,63.281,01: Alaska,LE07_L2SP_067016_20020801_20200916_02_T1,8,8/1/02,12,49.54177674,8.230901352,0.576163095,16.61837816,0.498551345,0.495289087,1908.078436,19.08078436,1,ok,0.498481521,0.98048377
Gulkana,90,RGI2000-v7.0-G-01-05299,-145.427,63.281,01: Alaska,LT05_L2SP_066016_19950916_20200912_02_T1,8,9/16/95,7,4.965331037,12.73698786,0.89158915,17.39321987,0.521796596,0.732296145,1699.793621,16.99793621,1,ok,0.265403341,0.63210442
Gulkana,90,RGI2000-v7.0-G-01-05299,-145.427,63.281,01: Alaska,LT05_L2SP_066016_19960716_20200911_02_T1,8,7/16/96,12,10.88600283,12.15991698,0.851194189,17.8168057,0.534504171,0.68249703,1763.990287,17.63990287,1,ok,0.315319466,0.423672295
Gulkana,90,RGI2000-v7.0-G-01-05299,-145.427,63.281,01: Alaska,LT05_L2SP_066016_20050810_20200902_02_T1,8,8/10/05,2,17.10918732,8.425626899,0.589793883,16.16426545,0.484927964,0.521250219,1876.042776,18.76042776,1,ok,0.476695513,0.990243902
Gulkana,90,RGI2000-v7.0-G-01-05299,-145.427,63.281,01: Alaska,LT05_L2SP_066016_20060728_20200831_02_T1,8,7/28/06,3,14.97132285,10.90366427,0.763256499,16.80750114,0.504225034,0.648737976,1796.058136,17.96058136,1,ok,0.350381455,0.499930216
Gulkana,90,RGI2000-v7.0-G-01-05299,-145.427,63.281,01: Alaska,LT05_L2SP_067016_19860728_20200917_02_T1,8,7/28/86,5,2.838049786,13.47018644,0.942913051,18.67539846,0.560261954,0.721279734,1691.972566,16.91972566,1,ok,0.275981271,0.367583176
Gulkana,90,RGI2000-v7.0-G-01-05299,-145.427,63.281,01: Alaska,LT05_L2SP_068015_20030718_20200905_02_T1,8,7/18/03,10,23.22962191,12.49018746,0.874313122,17.58572211,0.527571663,0.710245924,1732.000834,17.32000834,1,ok,0.288320684,0.282261596
Gulkana,90,RGI2000-v7.0-G-01-05299,-145.427,63.281,01: Alaska,LT05_L2SP_068015_20040821_20200903_02_T1,8,8/21/04,2,9.313645926,5.856064093,0.409924487,15.75993605,0.472798082,0.371579179,1947.966399,19.47966399,1,ok,0.372991087,0.465045593
Gulkana,90,RGI2000-v7.0-G-01-05299,-145.427,63.281,01: Alaska,LT05_L2SP_068015_20100923_20200823_02_T1,8,9/23/10,13,8.336265694,5.67622334,0.397335634,15.36369678,0.460910904,0.369456871,1963.915973,19.63915973,1,ok,0.371820605,0.623115578
Gulkana,90,RGI2000-v7.0-G-01-05299,-145.427,63.281,01: Alaska,LT05_L2SP_068016_19870823_20201014_02_T1,8,8/23/87,2,10.78843763,10.03851415,0.702695991,17.51425158,0.525427547,0.57316261,1835.799524,18.35799524,1,ok,0.424151134,0.811154756
Gulkana,90,RGI2000-v7.0-G-01-05299,-145.427,63.281,01: Alaska,LT05_L2SP_068016_20090803_20200827_02_T1,8,8/3/09,3,19.27299317,8.588477198,0.601193404,16.13943054,0.484182916,0.532142518,1884.051925,18.84051925,1,ok,0.465619729,0.632786885
Hansbreen,306,RGI2000-v7.0-G-07-00831,15.5799,77.0748,07: Svalbard and Jan Mayen,LC09_L2SP_208005_20220820_20230402_02_T1,8,8/20/22,4.7,3.917753304,13.20619707,0.924433795,52.59056538,1.577716961,0.251113426,406.0465261,4.060465261,1,ok,0.255246379,0.430696625
Hansbreen,306,RGI2000-v7.0-G-07-00831,15.5799,77.0748,07: Svalbard and Jan Mayen,LE07_L2SP_213005_20000725_20200918_02_T1,8,7/25/00,11,3.641678884,38.10149062,2.667104344,62.36833079,1.871049924,0.61091086,302.0520743,3.020520743,1,ok,0.381430863,0.261400618
Hansbreen,306,RGI2000-v7.0-G-07-00831,15.5799,77.0748,07: Svalbard and Jan Mayen,LC08_L2SP_208005_20210809_20210819_02_T1,8,8/9/21,12.62,3.109984053,37.60277589,2.632194312,58.14145866,1.74424376,0.646746345,302.0485258,3.020485258,1,ok,0.344540661,0.657143654
Hansbreen,306,RGI2000-v7.0-G-07-00831,15.5799,77.0748,07: Svalbard and Jan Mayen,LT05_L2SP_212005_19930707_20241105_02_T1,8,7/7/93,0,0.014617452,53.9468678,3.776280746,66.07314957,1.982194487,0.816471867,209.9327046,2.099327046,0,secondary_peak_too_small,0.177760938,0.085831854
Hansbreen,306,RGI2000-v7.0-G-07-00831,15.5799,77.0748,07: Svalbard and Jan Mayen,LE07_L2SP_208005_20020712_20200916_02_T1,8,7/12/02,2,1.791359611,46.48925408,3.254247786,65.17279575,1.955183872,0.713322999,258.1201647,2.581201647,1,ok,0.282953695,0.152015586
Hansbreen,306,RGI2000-v7.0-G-07-00831,15.5799,77.0748,07: Svalbard and Jan Mayen,LT05_L2SP_210005_19980707_20250425_02_T1,8,7/7/98,7,7.45906423,40.51691168,2.836183818,66.53824723,1.996147417,0.608926645,306.0538772,3.060538772,1,ok,0.388822879,0.339899469
Hansbreen,306,RGI2000-v7.0-G-07-00831,15.5799,77.0748,07: Svalbard and Jan Mayen,LT05_L2SP_213005_19920727_20200914_02_T1,8,7/27/92,3,0,50.57570444,3.540299311,65.96713097,1.979013929,0.766680371,234.0373054,2.340373054,1,ok,0.226424686,0.166926794
Hansbreen,306,RGI2000-v7.0-G-07-00831,15.5799,77.0748,07: Svalbard and Jan Mayen,LC08_L2SP_209005_20190710_20200827_02_T1,8,7/10/19,0.12,0,40.5493499,2.838454493,61.24604734,1.83738142,0.662072928,294.0303533,2.940303533,1,ok,0.330317446,0.194721055
Hansbreen,306,RGI2000-v7.0-G-07-00831,15.5799,77.0748,07: Svalbard and Jan Mayen,LT05_L2SP_213005_19910725_20241108_02_T1,8,7/25/91,3,0,57.27241092,4.009068764,66.34020968,1.99020629,0.863313686,178.0138227,1.780138227,0,secondary_peak_too_small,0.130231907,0.069160497
Hansbreen,306,RGI2000-v7.0-G-07-00831,15.5799,77.0748,07: Svalbard and Jan Mayen,LC08_L2SP_208005_20140806_20200911_02_T1,8,8/6/14,13.05,2.28708144,32.21781885,2.255247319,61.08746659,1.832623998,0.52740473,338.0039595,3.380039595,1,ok,0.463556323,0.404413708
Hansbreen,306,RGI2000-v7.0-G-07-00831,15.5799,77.0748,07: Svalbard and Jan Mayen,LC08_L2SP_211005_20130824_20200913_02_T1,8,8/24/13,2.97,0.76947726,21.03279135,1.472295395,58.43921204,1.753176361,0.35990888,378.0900594,3.780900594,1,ok,0.362309647,0.358870048
Hansbreen,306,RGI2000-v7.0-G-07-00831,15.5799,77.0748,07: Svalbard and Jan Mayen,LC08_L2SP_210005_20150706_20200909_02_T1,8,7/6/15,1.95,0.002058429,56.0567478,3.923972346,64.23280416,1.926984125,0.872712137,186.0402118,1.860402118,1,ok,0.119976238,0.162114736
Hansbreen,306,RGI2000-v7.0-G-07-00831,15.5799,77.0748,07: Svalbard and Jan Mayen,LC08_L2SP_209005_20160802_20200906_02_T1,8,8/2/16,3.89,0.420195722,20.24856426,1.417399498,58.68551173,1.760565352,0.345035149,381.9356642,3.819356642,1,ok,0.348371082,0.921112631
Hansbreen,306,RGI2000-v7.0-G-07-00831,15.5799,77.0748,07: Svalbard and Jan Mayen,LC08_L2SP_208005_20240801_20240807_02_T1,8,8/1/24,2.62,3.039095925,26.51092101,1.855764471,56.04091543,1.681227463,0.473063668,362.0131834,3.620131834,1,ok,0.478310301,0.346135253
Hansbreen,306,RGI2000-v7.0-G-07-00831,15.5799,77.0748,07: Svalbard and Jan Mayen,LC08_L2SP_210005_20200804_20200915_02_T1,8,8/4/20,3.25,4.202431437,13.98471592,0.978930115,54.90176808,1.647053042,0.254722506,406.0519205,4.060519205,1,ok,0.262170712,0.683964922
Hansbreen,306,RGI2000-v7.0-G-07-00831,15.5799,77.0748,07: Svalbard and Jan Mayen,LC09_L2SP_208005_20230823_20230825_02_T1,8,8/23/23,9.12,8.319221803,26.64593477,1.865215434,50.74059509,1.522217853,0.525140368,346.0210151,3.460210151,1,ok,0.468945409,0.86788226
Hansbreen,306,RGI2000-v7.0-G-07-00831,15.5799,77.0748,07: Svalbard and Jan Mayen,LT05_L2SP_208005_19850705_20200918_02_T1,8,7/5/85,2,0.002089696,61.80748622,4.326524035,66.80300206,2.004090062,0.925220189,134.0637224,1.340637224,0,secondary_peak_too_small,0.070224567,0.041415544
Hansbreen,306,RGI2000-v7.0-G-07-00831,15.5799,77.0748,07: Svalbard and Jan Mayen,LT05_L2SP_211005_19900825_20250428_02_T1,8,8/25/90,13,2.254771921,27.9210352,1.954472464,63.57792559,1.907337768,0.439162413,362.0144586,3.620144586,1,ok,0.443239213,0.85758052
Hansbreen,306,RGI2000-v7.0-G-07-00831,15.5799,77.0748,07: Svalbard and Jan Mayen,LT05_L2SP_212005_19880810_20241111_02_T1,8,8/10/88,7,0.011959733,36.88187213,2.581731049,64.33353442,1.930006033,0.573291557,317.99951,3.1799951,1,ok,0.423088748,0.252367461
Hansbreen,306,RGI2000-v7.0-G-07-00831,15.5799,77.0748,07: Svalbard and Jan Mayen,LT05_L2SP_213005_19860828_20241114_02_T1,8,8/28/86,1,0.189557866,34.91255466,2.443878826,63.13289688,1.893986906,0.553000993,325.9701069,3.259701069,1,ok,0.440871135,0.557303033
Hansbreen,306,RGI2000-v7.0-G-07-00831,15.5799,77.0748,07: Svalbard and Jan Mayen,LT05_L2SP_214004_19870806_20241114_02_T1,8,8/6/87,5,2.389223052,36.30007715,2.541005401,64.00378689,1.920113607,0.567155147,321.9626952,3.219626952,1,ok,0.431603656,0.732290332
Hansebreen,322,RGI2000-v7.0-G-08-01853,5.672,61.746,08: Scandinavia,LC08_L2SP_201017_20150909_20200908_02_T1,9,9/9/15,5.69,9.514747859,2.284323782,0.159902665,2.880622521,0.086418676,0.792996571,1116.982786,11.16982786,1,ok,0.199455764,0.401928435
Hansebreen,322,RGI2000-v7.0-G-08-01853,5.672,61.746,08: Scandinavia,LC08_L2SP_201017_20191006_20200825_02_T1,9,10/6/19,2.84,0.246699089,2.045895154,0.143212661,3.07946659,0.092383998,0.664366732,1138.930515,11.38930515,1,ok,0.325519004,0.625873293
Hansebreen,322,RGI2000-v7.0-G-08-01853,5.672,61.746,08: Scandinavia,LC08_L2SP_201017_20240901_20240906_02_T1,9,9/1/24,2.75,23.3542908,0.648779335,0.045414553,2.378544018,0.071356321,0.272763224,1279.078316,12.79078316,1,ok,0.276000535,0.35
Hansebreen,322,RGI2000-v7.0-G-08-01853,5.672,61.746,08: Scandinavia,LC08_L2SP_202017_20131012_20200912_02_T1,9,10/12/13,1.32,12.69283923,0.865410673,0.060578747,2.740656708,0.082219701,0.31576763,1255.000978,12.55000978,1,ok,0.318772143,0.52
Hansebreen,322,RGI2000-v7.0-G-08-01853,5.672,61.746,08: Scandinavia,LC08_L2SP_202017_20161004_20200906_02_T1,9,10/4/16,3.82,10.80506791,1.772305506,0.124061385,2.918685008,0.08756055,0.607227399,1165.0407,11.650407,1,ok,0.388570195,0.550724638
Hansebreen,322,RGI2000-v7.0-G-08-01853,5.672,61.746,08: Scandinavia,LC08_L2SP_202017_20200812_20200919_02_T1,9,8/12/20,11.21,11.84531799,2.688396471,0.188187753,2.83729607,0.085118882,0.947520599,1043.095346,10.43095346,0,secondary_peak_too_small,0.051227297,0.047337278
Hansebreen,322,RGI2000-v7.0-G-08-01853,5.672,61.746,08: Scandinavia,LC09_L2SP_201017_20220920_20230328_02_T1,9,9/20/22,3.56,18.0974478,1.592850414,0.111499529,2.592420164,0.077772605,0.614426024,1173.056493,11.73056493,1,ok,0.384092881,0.772727273
Hansebreen,322,RGI2000-v7.0-G-08-01853,5.672,61.746,08: Scandinavia,LE07_L2SP_202017_20020803_20200916_02_T1,9,8/3/02,10,5.613972731,1.769534808,0.123867437,3.04480649,0.091344195,0.581164949,1162.790553,11.62790553,1,ok,0.41896853,0.968259804
Hansebreen,322,RGI2000-v7.0-G-08-01853,5.672,61.746,08: Scandinavia,LT05_L2SP_201017_19960920_20200911_02_T1,9,9/20/96,3,2.456946318,1.820500443,0.127435031,3.053004461,0.091590134,0.596297996,1157.072222,11.57072222,1,ok,0.400932344,0.730464201
Hansebreen,322,RGI2000-v7.0-G-08-01853,5.672,61.746,08: Scandinavia,LT05_L2SP_202017_19900810_20200915_02_T1,9,8/10/90,2,1.301195669,1.847012133,0.129290849,3.090654331,0.09271963,0.597612006,1157.060805,11.57060805,1,ok,0.388303211,0.809951507
Hansebreen,322,RGI2000-v7.0-G-08-01853,5.672,61.746,08: Scandinavia,LT05_L2SP_202017_19930919_20200913_02_T1,9,9/19/93,2,1.279229438,1.860235395,0.130216478,3.085754968,0.092572649,0.602846115,1157.060805,11.57060805,1,ok,0.393901351,0.934321185
Hansebreen,322,RGI2000-v7.0-G-08-01853,5.672,61.746,08: Scandinavia,LT05_L2SP_202017_19950909_20200912_02_T1,9,9/9/95,7,1.260464315,2.799165736,0.195941602,3.081403294,0.092442099,0.908406161,1060.950333,10.60950333,1,ok,0.091374514,0.190203879
Hansebreen,322,RGI2000-v7.0-G-08-01853,5.672,61.746,08: Scandinavia,LT05_L2SP_202017_19970813_20200910_02_T1,9,8/13/97,4,1.839754685,2.875515531,0.201286087,3.088229367,0.092646881,0.931121102,1043.057039,10.43057039,0,secondary_peak_too_small,0.068358457,0.085481807
Hansebreen,322,RGI2000-v7.0-G-08-01853,5.672,61.746,08: Scandinavia,LT05_L2SP_202017_19991006_20200907_02_T1,9,10/6/99,2,1.612034404,1.525037959,0.106752657,3.086340314,0.092590209,0.494125017,1191.041651,11.91041651,1,ok,0.498887663,0.966013072
Hansebreen,322,RGI2000-v7.0-G-08-01853,5.672,61.746,08: Scandinavia,LT05_L2SP_202017_20100902_20200823_02_T1,9,9/2/10,1,10.91224987,1.683688075,0.117858165,2.82603289,0.084780987,0.595777948,1165.0407,11.650407,1,ok,0.396347861,0.982577015
Hellstugubreen,300,RGI2000-v7.0-G-08-03336,8.441,61.556,08: Scandinavia,LC08_L2SP_199017_20160913_20200906_02_T1,8,9/13/16,11.9,11.05335571,1.575885622,0.110311994,2.62354492,0.078706348,0.600670341,1913.980827,19.13980827,1,ok,0.398957933,0.844444444
Hellstugubreen,300,RGI2000-v7.0-G-08-03336,8.441,61.556,08: Scandinavia,LC08_L2SP_199017_20180701_20200831_02_T1,8,7/1/18,3.61,12.19633001,1.980994682,0.138669628,2.796503014,0.08389509,0.708382817,1861.883541,18.61883541,1,ok,0.29225386,0.20750874
Hellstugubreen,300,RGI2000-v7.0-G-08-03336,8.441,61.556,08: Scandinavia,LC08_L2SP_199017_20190922_20200826_02_T1,8,9/22/19,9.15,18.89123292,1.743511191,0.122045783,2.816124135,0.084483724,0.619117307,1882.174277,18.82174277,1,ok,0.373539367,0.433935158
Hellstugubreen,300,RGI2000-v7.0-G-08-03336,8.441,61.556,08: Scandinavia,LC08_L2SP_199017_20210725_20210803_02_T1,8,7/25/21,13.03,22.75297964,1.026083137,0.07182582,2.429239607,0.072877188,0.422388608,1965.936537,19.65936537,1,ok,0.425006774,0.88372093
Hellstugubreen,300,RGI2000-v7.0-G-08-03336,8.441,61.556,08: Scandinavia,LC08_L2SP_199017_20220728_20220802_02_T1,8,7/28/22,12.98,14.00758602,1.226967233,0.085887706,2.668209693,0.080046291,0.459846629,1954.1807,19.541807,1,ok,0.466422457,0.906976744
Hellstugubreen,300,RGI2000-v7.0-G-08-03336,8.441,61.556,08: Scandinavia,LC08_L2SP_199017_20240802_20240808_02_T1,8,8/2/24,4.58,17.69678592,0.947371989,0.066316039,2.536214597,0.076086438,0.373537787,1978.059963,19.78059963,1,ok,0.378912225,0.567779126
Hellstugubreen,300,RGI2000-v7.0-G-08-03336,8.441,61.556,08: Scandinavia,LC08_L2SP_200017_20170822_20200903_02_T1,8,8/22/17,4.6,14.19826158,1.319936665,0.092395567,2.695855677,0.08087567,0.489616962,1946.057212,19.46057212,1,ok,0.494350268,0.846153846
Hellstugubreen,300,RGI2000-v7.0-G-08-03336,8.441,61.556,08: Scandinavia,LE07_L2SP_199017_20000925_20200918_02_T1,8,9/25/00,15,2.935562018,1.860249044,0.130217433,2.999531135,0.089985934,0.620179942,1882.146207,18.82146207,1,ok,0.376211893,0.407785467
Hellstugubreen,300,RGI2000-v7.0-G-08-03336,8.441,61.556,08: Scandinavia,LT05_L2SP_199017_19850924_20200918_02_T1,8,9/24/85,8,12.80353511,2.133619598,0.149353372,3.006704,0.09020112,0.709620767,1838.049433,18.38049433,1,ok,0.278365418,0.585080989
Hellstugubreen,300,RGI2000-v7.0-G-08-03336,8.441,61.556,08: Scandinavia,LT05_L2SP_199017_19870813_20201014_02_T1,8,8/13/87,5,4.656174295,2.48933538,0.174253477,3.090410589,0.092712318,0.805503123,1742.001817,17.42001817,1,ok,0.18734163,0.169034608
Hellstugubreen,300,RGI2000-v7.0-G-08-03336,8.441,61.556,08: Scandinavia,LT05_L2SP_199017_19910707_20200915_02_T1,8,7/7/91,8,4.318634301,2.829818333,0.198087283,3.100767014,0.09302301,0.91261882,1613.841101,16.13841101,0,secondary_peak_too_small,0.085098829,0.08121775
Hellstugubreen,300,RGI2000-v7.0-G-08-03336,8.441,61.556,08: Scandinavia,LT05_L2SP_199017_19960805_20200911_02_T1,8,8/5/96,7,6.149745604,2.087230835,0.146106158,3.044019039,0.091320571,0.685682582,1854.270313,18.54270313,1,ok,0.313684992,0.351906652
Hellstugubreen,300,RGI2000-v7.0-G-08-03336,8.441,61.556,08: Scandinavia,LT05_L2SP_199017_19990729_20200908_02_T1,8,7/29/99,6,3.822359866,2.400593723,0.168041561,3.061960188,0.091858806,0.784005531,1769.801658,17.69801658,1,ok,0.214277521,0.149122807
Hellstugubreen,300,RGI2000-v7.0-G-08-03336,8.441,61.556,08: Scandinavia,LT05_L2SP_199017_20030809_20200904_02_T1,8,8/9/03,2,14.31361652,0.807527848,0.056526949,2.808994929,0.084269848,0.287479283,1990.166018,19.90166018,1,ok,0.293206105,0.34594109
Hellstugubreen,300,RGI2000-v7.0-G-08-03336,8.441,61.556,08: Scandinavia,LT05_L2SP_199017_20060716_20201008_02_T1,8,7/16/06,12,11.18327839,1.555247252,0.108867308,2.950158734,0.088504762,0.527174092,1930.110933,19.30110933,1,ok,0.468704626,0.887883008
Hellstugubreen,300,RGI2000-v7.0-G-08-03336,8.441,61.556,08: Scandinavia,LT05_L2SP_199017_20110714_20200822_02_T1,8,7/14/11,11,9.444969003,1.082437186,0.075770603,2.875160185,0.086254806,0.376478915,1965.923951,19.65923951,1,ok,0.382816711,0.701754386
Hellstugubreen,300,RGI2000-v7.0-G-08-03336,8.441,61.556,08: Scandinavia,LT05_L2SP_200017_19880806_20200917_02_T1,8,8/6/88,15,3.416297527,2.026555222,0.141858866,2.9609024,0.088827072,0.684438373,1854.273252,18.54273252,1,ok,0.313378666,0.343947924
Hellstugubreen,300,RGI2000-v7.0-G-08-03336,8.441,61.556,08: Scandinavia,LT05_L2SP_200017_19890724_20200916_02_T1,8,7/24/89,10,7.301028914,2.72971839,0.191080287,3.094028629,0.092820859,0.88225376,1653.98005,16.5398005,0,secondary_peak_too_small,0.115288373,0.097577855
Hellstugubreen,300,RGI2000-v7.0-G-08-03336,8.441,61.556,08: Scandinavia,LT05_L2SP_200017_19900727_20200915_02_T1,8,7/27/90,12,3.200263298,2.806070581,0.196424941,3.092137707,0.092764131,0.907485645,1617.743414,16.17743414,1,ok,0.091323792,0.103127317
Hellstugubreen,300,RGI2000-v7.0-G-08-03336,8.441,61.556,08: Scandinavia,LT05_L2SP_200017_19950709_20200912_02_T1,8,7/9/95,15,4.528733524,2.75483431,0.192838402,3.138482342,0.09415447,0.877760016,1661.459586,16.61459586,1,ok,0.117454404,0.109705882
Hellstugubreen,300,RGI2000-v7.0-G-08-03336,8.441,61.556,08: Scandinavia,LT05_L2SP_200017_19970815_20200910_02_T1,8,8/15/97,5,3.898975402,1.312186484,0.091853054,2.968433645,0.089053009,0.442046763,1950.009396,19.50009396,1,ok,0.447045898,0.72179539
Hellstugubreen,300,RGI2000-v7.0-G-08-03336,8.441,61.556,08: Scandinavia,LT05_L2SP_200017_19980903_20200908_02_T1,8,9/3/98,5,2.906642351,1.952048821,0.136643417,2.992117123,0.089763514,0.652397196,1865.97584,18.6597584,1,ok,0.345819383,0.463568143
Hellstugubreen,300,RGI2000-v7.0-G-08-03336,8.441,61.556,08: Scandinavia,LT05_L2SP_200017_20080728_20200829_02_T1,8,7/28/08,7,8.050242526,2.344403722,0.164108261,2.991506767,0.089745203,0.783686585,1786.166974,17.86166974,1,ok,0.212478024,0.175572519
Hellstugubreen,300,RGI2000-v7.0-G-08-03336,8.441,61.556,08: Scandinavia,LT05_L2SP_200017_20100904_20200824_02_T1,8,9/4/10,4,6.223447591,2.435869617,0.170510873,2.986569443,0.089597083,0.815607895,1758.042987,17.58042987,1,ok,0.177341409,0.183098592
Helm,45,RGI2000-v7.0-G-02-07610,-122.989,49.9609,02: Western Canada and USA,LT05_L2SP_047025_19920902_20200914_02_T1,9,9/2/92,9,5.236209646,0.175590632,0.012291344,0.59450913,0.017835274,0.29535397,1936.807098,19.36807098,1,ok,0.299025943,0.361189802
Helm,45,RGI2000-v7.0-G-02-07610,-122.989,49.9609,02: Western Canada and USA,LT05_L2SP_047025_19930905_20200913_02_T1,9,9/5/93,4,3.065775725,0.366314733,0.025642031,0.793258794,0.023797764,0.461784648,1904.581543,19.04581543,1,ok,0.47152409,0.944444444
Helm,45,RGI2000-v7.0-G-02-07610,-122.989,49.9609,02: Western Canada and USA,LT05_L2SP_047025_19940924_20200912_02_T1,9,9/24/94,3,89.31639443,0.090942332,0.006365963,0.682650016,0.0204795,0.133219556,2076.97099,20.7697099,1,ok,0.130799523,0.142857143
Helm,45,RGI2000-v7.0-G-02-07610,-122.989,49.9609,02: Western Canada and USA,LT05_L2SP_047025_20040802_20200903_02_T1,9,8/2/04,4,8.647362921,0.181821778,0.012727524,0.756208147,0.022686244,0.240438798,2065.248264,20.65248264,1,ok,0.236201155,0.363636364
Helm,45,RGI2000-v7.0-G-02-07610,-122.989,49.9609,02: Western Canada and USA,LT05_L2SP_047025_20050906_20200901_02_T1,9,9/6/05,2,4.10245834,0.214489897,0.015014293,0.801497095,0.024044913,0.267611571,2037.180054,20.37180054,1,ok,0.273466858,0.8125
Helm,45,RGI2000-v7.0-G-02-07610,-122.989,49.9609,02: Western Canada and USA,LT05_L2SP_048025_19950902_20200912_02_T1,9,9/2/95,6,4.065610735,0.339572594,0.023770082,0.953573167,0.028607195,0.356105442,1977.092014,19.77092014,1,ok,0.356851053,0.6875
Helm,45,RGI2000-v7.0-G-02-07610,-122.989,49.9609,02: Western Canada and USA,LC08_L2SP_047025_20210902_20210910_02_T1,9,9/2/21,3.94,2.087664302,0.14086956,0.009860869,0.302504508,0.009075135,0.465677558,2039.082214,20.39082214,1,ok,0.456547857,0.875
Helm,45,RGI2000-v7.0-G-02-07610,-122.989,49.9609,02: Western Canada and USA,LC08_L2SP_047025_20220921_20220929_02_T1,9,9/21/22,2.19,2.270802398,0.068942293,0.004825961,0.257211719,0.007716352,0.268037139,2083.043286,20.83043286,1,ok,0.26893047,0.5
Helm,45,RGI2000-v7.0-G-02-07610,-122.989,49.9609,02: Western Canada and USA,LC08_L2SP_047025_20130912_20200913_02_T1,9,9/12/13,2.56,4.766265193,0.164055665,0.011483897,0.465337551,0.013960127,0.352551959,2022.27478,20.2227478,1,ok,0.361401062,0.588235294
Helm,45,RGI2000-v7.0-G-02-07610,-122.989,49.9609,02: Western Canada and USA,LC08_L2SP_047025_20140915_20200911_02_T1,9,9/15/14,2.19,2.042017269,0.25736277,0.018015394,0.558115312,0.016743459,0.461128309,1943.104462,19.43104462,1,ok,0.464427818,0.941176471
Helm,45,RGI2000-v7.0-G-02-07610,-122.989,49.9609,02: Western Canada and USA,LC08_L2SP_047025_20151004_20200908_02_T1,9,10/4/15,2.41,1.121927075,0.303729805,0.021261086,0.577329676,0.01731989,0.526094218,1919.143262,19.19143262,1,ok,0.466353678,0.678571429
Helm,45,RGI2000-v7.0-G-02-07610,-122.989,49.9609,02: Western Canada and USA,LC08_L2SP_047025_20180809_20200831_02_T1,9,8/9/18,3.35,9.841060331,0.21084333,0.014759033,0.444971624,0.013349149,0.473835451,2014.544037,20.14544037,1,ok,0.476164067,0.727272727
Helm,45,RGI2000-v7.0-G-02-07610,-122.989,49.9609,02: Western Canada and USA,LC08_L2SP_047025_20190828_20200826_02_T1,9,8/28/19,5.07,1.332288401,0.046957487,0.003287024,0.21910037,0.006573011,0.214319524,2086.803955,20.86803955,1,ok,0.212965443,0.285714286
Helm,45,RGI2000-v7.0-G-02-07610,-122.989,49.9609,02: Western Canada and USA,LC08_L2SP_048025_20160927_20200906_02_T1,9,9/27/16,13.65,17.10196337,0.103187035,0.007223092,0.399964618,0.011998939,0.257990409,2065.315918,20.65315918,1,ok,0.264236902,0.470588235
Helm,45,RGI2000-v7.0-G-02-07610,-122.989,49.9609,02: Western Canada and USA,LC08_L2SP_048025_20170914_20200903_02_T1,9,9/14/17,6.52,3.427102238,0.111176175,0.007782332,0.61366662,0.018409999,0.181167056,2075.203342,20.75203342,1,ok,0.18167136,0.294117647
Helm,45,RGI2000-v7.0-G-02-07610,-122.989,49.9609,02: Western Canada and USA,LE07_L2SP_047025_20011005_20200917_02_T1,9,10/5/01,2,3.367706099,0.313527611,0.021946933,0.849549489,0.025486485,0.369051615,1969.06802,19.6906802,1,ok,0.364910549,0.636363636
Helm,45,RGI2000-v7.0-G-02-07610,-122.989,49.9609,02: Western Canada and USA,LE07_L2SP_048025_20000923_20200918_02_T1,9,9/23/00,4,2.4676896,0.646502877,0.045255201,1.051053508,0.031531605,0.61509987,1899.069109,18.99069109,1,ok,0.380592827,0.485714286
Helm,45,RGI2000-v7.0-G-02-07610,-122.989,49.9609,02: Western Canada and USA,LE07_L2SP_048025_20020913_20200916_02_T1,9,9/13/02,5,4.243524171,0.28628073,0.020039651,0.881813612,0.026454408,0.324649934,2006.692831,20.06692831,1,ok,0.321744099,0.517241379
Helm,45,RGI2000-v7.0-G-02-07610,-122.989,49.9609,02: Western Canada and USA,LT05_L2SP_047025_19850814_20200918_02_T1,9,8/14/85,3,2.323873948,0.397920421,0.027854429,1.152865922,0.034585978,0.345157588,1985.302765,19.85302765,1,ok,0.349149711,0.678011204
Helm,45,RGI2000-v7.0-G-02-07610,-122.989,49.9609,02: Western Canada and USA,LT05_L2SP_047025_19870905_20201014_02_T1,9,9/5/87,3,2.270802398,0.409547298,0.028668311,1.097187897,0.032915637,0.373269974,1977.092014,19.77092014,1,ok,0.375937215,0.405405405
Helm,45,RGI2000-v7.0-G-02-07610,-122.989,49.9609,02: Western Canada and USA,LT05_L2SP_047025_19890910_20200916_02_T1,9,9/10/89,4,1.644118132,0.092711185,0.006489783,0.835329349,0.02505988,0.110987582,2080.749756,20.80749756,1,ok,0.115165949,0.121212121
Helm,45,RGI2000-v7.0-G-02-07610,-122.989,49.9609,02: Western Canada and USA,LT05_L2SP_047025_19900913_20200915_02_T1,9,9/13/90,2,1.557773745,0.149546962,0.010468287,0.546994656,0.01640984,0.273397482,1926.993286,19.26993286,1,ok,0.273689555,0.5
Helm,45,RGI2000-v7.0-G-02-07610,-122.989,49.9609,02: Western Canada and USA,LT05_L2SP_047025_19910815_20200915_02_T1,9,8/15/91,4,4.464884782,0.886009082,0.062020636,1.168512155,0.035055365,0.758236941,1855.077594,18.55077594,1,ok,0.237998297,0.239130435
Helm,45,RGI2000-v7.0-G-02-07610,-122.989,49.9609,02: Western Canada and USA,LT05_L2SP_047025_19960812_20200911_02_T1,9,8/12/96,3,3.59676621,0.956202894,0.066934203,1.177015564,0.035310467,0.812396134,1842.803148,18.42803148,1,ok,0.182618715,0.182716049
Helm,45,RGI2000-v7.0-G-02-07610,-122.989,49.9609,02: Western Canada and USA,LT05_L2SP_047025_20030901_20200904_02_T1,9,9/1/03,2,3.1169224,0.204443228,0.014311026,0.827490574,0.024824717,0.247064116,2046.923462,20.46923462,1,ok,0.247589305,0.272727273
Helm,45,RGI2000-v7.0-G-02-07610,-122.989,49.9609,02: Western Canada and USA,LT05_L2SP_047025_20061011_20200831_02_T1,9,10/11/06,2,2.266952648,0.02434757,0.00170433,0.517581393,0.015527442,0.047041045,2090.601868,20.90601868,0,secondary_peak_too_small,0.04569483,0.111111111
Helm,45,RGI2000-v7.0-G-02-07610,-122.989,49.9609,02: Western Canada and USA,LT05_L2SP_047025_20070912_20200830_02_T1,9,9/12/07,2,6.435406699,0.360984332,0.025268903,0.862167962,0.025865039,0.418693743,1970.909253,19.70909253,1,ok,0.426889333,0.615384615
Helm,45,RGI2000-v7.0-G-02-07610,-122.989,49.9609,02: Western Canada and USA,LT05_L2SP_047025_20080914_20200829_02_T1,9,9/14/08,2,3.453775505,0.137351944,0.009614636,0.738293407,0.022148802,0.186039782,2068.901758,20.68901758,1,ok,0.183032809,0.25
Helm,45,RGI2000-v7.0-G-02-07610,-122.989,49.9609,02: Western Canada and USA,LT05_L2SP_047025_20101006_20200823_02_T1,9,10/6/10,4,2.873013254,0.287469076,0.020122835,0.844174175,0.025325225,0.340532895,1992.859881,19.92859881,1,ok,0.33634351,0.428571429
Helm,45,RGI2000-v7.0-G-02-07610,-122.989,49.9609,02: Western Canada and USA,LT05_L2SP_047025_20110907_20200820_02_T1,9,9/7/11,4,10.58956168,0.779849029,0.054589432,1.078606502,0.032358195,0.723015323,1869.035132,18.69035132,1,ok,0.268868963,0.286083214
Helm,45,RGI2000-v7.0-G-02-07610,-122.989,49.9609,02: Western Canada and USA,LT05_L2SP_048025_19860925_20200917_02_T1,9,9/25/86,9,0.928064676,0.964550945,0.067518566,1.197377146,0.035921314,0.805553161,1838.969295,18.38969295,1,ok,0.191978773,0.216216216
Helm,45,RGI2000-v7.0-G-02-07610,-122.989,49.9609,02: Western Canada and USA,LT05_L2SP_048025_19880914_20200917_02_T1,9,9/14/88,10,2.178683386,0.187779596,0.013144572,0.960352802,0.028810584,0.195531887,2048.26888,20.4826888,1,ok,0.194209635,0.200892857
Helm,45,RGI2000-v7.0-G-02-07610,-122.989,49.9609,02: Western Canada and USA,LT05_L2SP_048025_19970923_20200909_02_T1,9,9/23/97,5,5.175988561,0.321583226,0.022510826,0.948418803,0.028452564,0.339073018,1986.927868,19.86927868,1,ok,0.337039469,0.535714286
Helm,45,RGI2000-v7.0-G-02-07610,-122.989,49.9609,02: Western Canada and USA,LT05_L2SP_048025_19980926_20200908_02_T1,9,9/26/98,4,1.878127922,0.362276821,0.025359377,0.786444754,0.023593343,0.460651328,1929.160056,19.29160056,1,ok,0.468259925,1
Helm,45,RGI2000-v7.0-G-02-07610,-122.989,49.9609,02: Western Canada and USA,LT05_L2SP_048025_19990913_20200907_02_T1,9,9/13/99,6,4.23307485,0.889700849,0.062279059,1.140393214,0.034211796,0.780170241,1848.986522,18.48986522,1,ok,0.213384089,0.188679245
Helm,45,RGI2000-v7.0-G-02-07610,-122.989,49.9609,02: Western Canada and USA,LT05_L2SP_048025_20090924_20200825_02_T1,9,9/24/09,7,2.103613265,0.244599102,0.017121937,0.58196073,0.017458822,0.420301731,1934.640381,19.34640381,1,ok,0.425925926,0.625
Hintereisferner,491,RGI2000-v7.0-G-11-03116,10.7584,46.8003,11: Central Europe,LC08_L2SP_193027_20230907_20230912_02_T1,9,9/7/23,0.47,4.715381595,0.472569912,0.033079894,4.653734959,0.139612049,0.101546374,3331.845244,33.31845244,1,ok,0.10121941,0.110294118
Hintereisferner,491,RGI2000-v7.0-G-11-03116,10.7584,46.8003,11: Central Europe,LC09_L2SP_193027_20220912_20230329_02_T1,9,9/12/22,0.96,12.9333817,3.86747069,0.270722948,5.765336801,0.172960104,0.670814355,3020.089575,30.20089575,1,ok,0.323111813,0.433962264
Hintereisferner,491,RGI2000-v7.0-G-11-03116,10.7584,46.8003,11: Central Europe,LT05_L2SP_193028_20070826_20200830_02_T1,9,8/26/07,8,17.29389798,4.469305194,0.312851364,7.34559199,0.22036776,0.608433629,3011.760057,30.11760057,1,ok,0.39043538,0.622291022
Hintereisferner,491,RGI2000-v7.0-G-11-03116,10.7584,46.8003,11: Central Europe,LT05_L2SP_193028_20030916_20200904_02_T1,9,9/16/03,2,3.132649087,4.77363028,0.33415412,8.088206517,0.242646196,0.590196389,3004.00513,30.0400513,1,ok,0.404462753,0.659653491
Hintereisferner,491,RGI2000-v7.0-G-11-03116,10.7584,46.8003,11: Central Europe,LC08_L2SP_193028_20180909_20200830_02_T1,9,9/9/18,6.17,10.83082226,2.923969862,0.20467789,5.737942603,0.172138278,0.509585066,3099.558435,30.99558435,1,ok,0.489810489,0.722891566
Hintereisferner,491,RGI2000-v7.0-G-11-03116,10.7584,46.8003,11: Central Europe,LT05_L2SP_193028_20061026_20200831_02_T1,9,10/26/06,1,7.370357517,3.994318558,0.279602299,7.501414687,0.225042441,0.53247537,3044.016375,30.44016375,1,ok,0.463884575,0.877470988
Hintereisferner,491,RGI2000-v7.0-G-11-03116,10.7584,46.8003,11: Central Europe,LT05_L2SP_193028_20080929_20200829_02_T1,9,9/29/08,5,4.97741199,5.812394678,0.406867627,7.96043323,0.238812997,0.730160597,2883.968782,28.83968782,1,ok,0.266294554,0.259259259
Hintereisferner,491,RGI2000-v7.0-G-11-03116,10.7584,46.8003,11: Central Europe,LT05_L2SP_193027_19910830_20200915_02_T1,9,8/30/91,1,9.890411441,4.403047166,0.308213302,8.188528134,0.245655844,0.537709231,3011.881891,30.11881891,1,ok,0.455433909,0.888746087
Hintereisferner,491,RGI2000-v7.0-G-11-03116,10.7584,46.8003,11: Central Europe,LT05_L2SP_193027_20110906_20200820_02_T1,9,9/6/11,7,7.89836525,1.983967226,0.138877706,6.505623556,0.195168707,0.304961886,3179.990365,31.79990365,1,ok,0.309285214,0.268399087
Hintereisferner,491,RGI2000-v7.0-G-11-03116,10.7584,46.8003,11: Central Europe,LT05_L2SP_193027_20090831_20200825_02_T1,9,8/31/09,1,6.828498192,2.335636357,0.163494545,6.505229744,0.195156892,0.359039795,3148.188208,31.48188208,1,ok,0.360563446,0.464864865
Hintereisferner,491,RGI2000-v7.0-G-11-03116,10.7584,46.8003,11: Central Europe,LC08_L2SP_193027_20200914_20200919_02_T1,9,9/14/20,0.9,5.79434578,1.687471541,0.118123008,5.41891333,0.1625674,0.311404047,3188.157704,31.88157704,1,ok,0.312265431,0.338129496
Hintereisferner,491,RGI2000-v7.0-G-11-03116,10.7584,46.8003,11: Central Europe,LT05_L2SP_193027_19920917_20200914_02_T1,9,9/17/92,1,7.59505281,2.601492352,0.182104465,8.076505473,0.242295164,0.322106183,3140.292685,31.40292685,1,ok,0.322216178,0.363636364
Hintereisferner,491,RGI2000-v7.0-G-11-03116,10.7584,46.8003,11: Central Europe,LT05_L2SP_193027_20050905_20200901_02_T1,9,9/5/05,6,8.395038434,2.868965718,0.2008276,7.342054302,0.220261629,0.3907579,3123.980791,31.23980791,1,ok,0.391947441,0.77173913
Hintereisferner,491,RGI2000-v7.0-G-11-03116,10.7584,46.8003,11: Central Europe,LC08_L2SP_193027_20190827_20200826_02_T1,9,8/27/19,3.11,6.648764419,2.270857672,0.158960037,5.817992412,0.174539772,0.390316369,3140.183906,31.40183906,1,ok,0.391405092,0.577884487
Hintereisferner,491,RGI2000-v7.0-G-11-03116,10.7584,46.8003,11: Central Europe,LT05_L2SP_193027_20040902_20200903_02_T1,9,9/2/04,1,6.874395631,3.008145364,0.210570175,7.558217905,0.226746537,0.397996644,3107.895637,31.07895637,1,ok,0.400403471,0.686968954
Hintereisferner,491,RGI2000-v7.0-G-11-03116,10.7584,46.8003,11: Central Europe,LT05_L2SP_193027_19880922_20211118_02_T1,9,9/22/88,5,5.476096082,3.547529485,0.248327064,8.440208955,0.253206269,0.420312993,3091.96928,30.9196928,1,ok,0.425328218,0.630446876
Hintereisferner,491,RGI2000-v7.0-G-11-03116,10.7584,46.8003,11: Central Europe,LT05_L2SP_193028_19941025_20211122_02_T1,9,10/25/94,15,4.476218741,5.015623507,0.351093646,6.65711038,0.199713311,0.753423516,2763.761415,27.63761415,1,ok,0.243846571,0.46875
Hintereisferner,491,RGI2000-v7.0-G-11-03116,10.7584,46.8003,11: Central Europe,LT05_L2SP_193027_19900928_20211121_02_T1,9,9/28/90,5,4.472791541,4.801887438,0.336132121,8.605158207,0.258154746,0.558024306,3011.855832,30.11855832,1,ok,0.439499128,0.995763561
Hintereisferner,491,RGI2000-v7.0-G-11-03116,10.7584,46.8003,11: Central Europe,LE07_L2SP_193027_19990913_20200918_02_T1,9,9/13/99,1,4.764985271,0.581162602,0.040681382,7.832052306,0.234961569,0.074203105,3355.799202,33.55799202,1,ok,0.074033701,0.227272727
Hintereisferner,491,RGI2000-v7.0-G-11-03116,10.7584,46.8003,11: Central Europe,LC08_L2SP_193028_20130810_20200912_02_T1,9,8/10/13,9.7,11.74996902,4.782638588,0.334784701,7.608900166,0.228267005,0.628558462,3011.814285,30.11814285,1,ok,0.367385452,0.608782583
Hintereisferner,491,RGI2000-v7.0-G-11-03116,10.7584,46.8003,11: Central Europe,LT05_L2SP_193027_19891027_20200916_02_T1,9,10/27/89,4,5.533112232,6.001876543,0.420131358,8.104334478,0.243130034,0.740576115,2828.264032,28.28264032,1,ok,0.255661951,0.643661546
Hintereisferner,491,RGI2000-v7.0-G-11-03116,10.7584,46.8003,11: Central Europe,LT05_L2SP_193028_19860816_20200917_02_T1,9,8/16/86,8,20.85836447,4.088224646,0.286175725,7.837372611,0.235121178,0.521632038,3028.219782,30.28219782,1,ok,0.477376768,0.854119872
Hintereisferner,491,RGI2000-v7.0-G-11-03116,10.7584,46.8003,11: Central Europe,LE07_L2SP_193027_20000814_20200918_02_T1,9,8/14/00,10,8.798419271,4.942121299,0.345948491,8.290512095,0.248715363,0.596117736,2995.896306,29.95896306,1,ok,0.404975423,0.533333333
Hintereisferner,491,RGI2000-v7.0-G-11-03116,10.7584,46.8003,11: Central Europe,LT05_L2SP_193028_19870920_20201014_02_T1,9,9/20/87,6,11.6214487,3.398847494,0.237919325,8.123228435,0.243696853,0.418410921,3083.905047,30.83905047,1,ok,0.420324598,0.537878788
Hintereisferner,491,RGI2000-v7.0-G-11-03116,10.7584,46.8003,11: Central Europe,LC08_L2SP_193028_20140914_20200910_02_T1,9,9/14/14,6.28,66.81862238,4.877945865,0.341456211,7.265688582,0.217970657,0.671367319,2988.221811,29.88221811,1,ok,0.320855734,0.556463525
Hintereisferner,491,RGI2000-v7.0-G-11-03116,10.7584,46.8003,11: Central Europe,LT05_L2SP_193027_19970915_20200909_02_T1,9,9/15/97,1,5.76922573,4.185275982,0.292969319,8.144940566,0.244348217,0.513849788,3044.04253,30.4404253,1,ok,0.482813934,0.688888889
Hintereisferner,491,RGI2000-v7.0-G-11-03116,10.7584,46.8003,11: Central Europe,LT05_L2SP_193028_19930920_20200913_02_T1,9,9/20/93,3,2.321227416,5.848429642,0.409390075,8.678992146,0.260369764,0.67386046,2924.381066,29.24381066,1,ok,0.322356734,0.543227728
Hintereisferner,491,RGI2000-v7.0-G-11-03116,10.7584,46.8003,11: Central Europe,LT05_L2SP_193027_19850813_20200918_02_T1,9,8/13/85,2,5.738789663,5.524447474,0.386711323,8.833229853,0.264996896,0.625416475,2947.871808,29.47871808,1,ok,0.371329782,0.528688525
Hintereisferner,491,RGI2000-v7.0-G-11-03116,10.7584,46.8003,11: Central Europe,LT05_L2SP_193027_20010825_20200906_02_T1,9,8/25/01,1,6.373117728,5.029634104,0.352074387,8.025221979,0.240756659,0.626728347,2972.235289,29.72235289,1,ok,0.372034272,0.567010309
Hofsjoekull E,3088,RGI2000-v7.0-G-06-00203,-18.6422,64.7989,06: Iceland,LC08_L2SP_219014_20200702_20200913_02_T1,8,7/2/20,3.11,4.139591124,201.6760469,14.11732328,238.8190565,7.164571694,0.84447217,996.011666,9.96011666,0,secondary_peak_too_small,0.154262384,0.036756602
Hofsjoekull E,3088,RGI2000-v7.0-G-06-00203,-18.6422,64.7989,06: Iceland,LC08_L2SP_219014_20170726_20200903_02_T1,8,7/26/17,3.28,5.312228266,168.3946048,11.78762234,228.7081445,6.861244336,0.736286,1099.975792,10.99975792,1,ok,0.262809311,0.113398313
Hofsjoekull E,3088,RGI2000-v7.0-G-06-00203,-18.6422,64.7989,06: Iceland,LE07_L2SP_218015_19990928_20200918_02_T1,8,9/28/99,12,0.006074949,202.3238572,14.16267001,265.0770608,7.952311823,0.7632643,996.0136451,9.960136451,1,ok,0.23007555,0.234208797
Hofsjoekull E,3088,RGI2000-v7.0-G-06-00203,-18.6422,64.7989,06: Iceland,LE07_L2SP_219015_20000820_20200918_02_T1,8,8/20/00,15,0.400763972,115.0186827,8.051307792,230.9451273,6.928353818,0.498034681,1275.874188,12.75874188,1,ok,0.498769776,0.698261999
Hofsjoekull E,3088,RGI2000-v7.0-G-06-00203,-18.6422,64.7989,06: Iceland,LT05_L2SP_218015_19860916_20200917_02_T1,8,9/16/86,3,0.337047156,153.4546591,10.74182614,263.4615359,7.903846077,0.582455646,1147.835989,11.47835989,1,ok,0.415466521,0.633416783
Hofsjoekull E,3088,RGI2000-v7.0-G-06-00203,-18.6422,64.7989,06: Iceland,LT05_L2SP_218015_19920714_20200914_02_T1,8,7/14/92,1,0.120093399,226.1121689,15.82785183,261.789478,7.85368434,0.863717559,891.9867319,8.919867319,0,secondary_peak_too_small,0.135247773,0.079906579
Hofsjoekull E,3088,RGI2000-v7.0-G-06-00203,-18.6422,64.7989,06: Iceland,LT05_L2SP_219015_19880912_20200917_02_T1,8,9/12/88,15,1.765405253,137.9601851,9.657212956,240.4863599,7.214590796,0.573671559,1147.824392,11.47824392,1,ok,0.425050781,0.40878898
Hofsjoekull E,3088,RGI2000-v7.0-G-06-00203,-18.6422,64.7989,06: Iceland,LT05_L2SP_219015_19940812_20200913_02_T1,8,8/12/94,6,0.99668865,176.3049509,12.34134656,255.7605433,7.672816298,0.689336004,1084.032488,10.84032488,1,ok,0.308676396,0.390133459
Hofsjoekull E,3088,RGI2000-v7.0-G-06-00203,-18.6422,64.7989,06: Iceland,LT05_L2SP_219015_19960817_20200911_02_T1,8,8/17/96,1,0.139271178,135.510667,9.485746688,248.0436579,7.441309736,0.546317806,1212.045729,12.12045729,1,ok,0.453098398,0.863891096
Hofsjoekull E,3088,RGI2000-v7.0-G-06-00203,-18.6422,64.7989,06: Iceland,LT05_L2SP_219015_19980823_20241030_02_T1,8,8/23/98,1,0.565101262,120.0104991,8.400734938,251.962545,7.55887635,0.476302933,1268.192656,12.68192656,1,ok,0.477137142,0.681873985
Hofsjoekull N,3089,RGI2000-v7.0-G-06-00198,-18.9072,64.9014,06: Iceland,LC09_L2SP_220014_20230912_20250822_02_T1,8,9/12/23,11.77,5.508269284,107.9514862,7.556604036,144.2410647,4.327231942,0.748410215,1174.004302,11.74004302,1,ok,0.244262746,0.276010916
Hofsjoekull N,3089,RGI2000-v7.0-G-06-00198,-18.9072,64.9014,06: Iceland,LC08_L2SP_219014_20170726_20200903_02_T1,8,7/26/17,3.28,4.294477603,91.45158361,6.401610852,128.0368635,3.841105904,0.714259793,1233.982796,12.33982796,1,ok,0.28477113,0.175608968
Hofsjoekull N,3089,RGI2000-v7.0-G-06-00198,-18.9072,64.9014,06: Iceland,LC08_L2SP_219014_20200702_20200913_02_T1,8,7/2/20,3.11,3.93769276,107.4219835,7.519538843,143.1500158,4.294500474,0.75041545,1178.013974,11.78013974,1,ok,0.247356772,0.169365511
Hofsjoekull N,3089,RGI2000-v7.0-G-06-00198,-18.9072,64.9014,06: Iceland,LC08_L2SP_220014_20220816_20220824_02_T1,8,8/16/22,2.1,0.917908244,106.7023901,7.469167307,136.042182,4.081265461,0.784333127,1182.019505,11.82019505,1,ok,0.213623712,0.126870356
Hofsjoekull N,3089,RGI2000-v7.0-G-06-00198,-18.9072,64.9014,06: Iceland,LC09_L2SP_220014_20240829_20240830_02_T1,8,8/29/24,7.89,0.248256435,122.3032781,8.561229464,141.6636433,4.249909299,0.863335682,1110.014676,11.10014676,1,ok,0.132106528,0.153856574
Hofsjoekull N,3089,RGI2000-v7.0-G-06-00198,-18.9072,64.9014,06: Iceland,LE07_L2SP_219014_19990818_20200918_02_T1,8,8/18/99,7,2.113761418,6.320109577,0.44240767,145.5322183,4.365966549,0.043427563,1753.988837,17.53988837,1,ok,0.043369601,0.206030447
Hofsjoekull N,3089,RGI2000-v7.0-G-06-00198,-18.9072,64.9014,06: Iceland,LE07_L2SP_220014_20000710_20200918_02_T1,8,7/10/00,9,2.252401524,63.20884741,4.424619319,131.6284274,3.948852821,0.48020666,1350.003333,13.50003333,1,ok,0.482521493,0.957586523
Hofsjoekull N,3089,RGI2000-v7.0-G-06-00198,-18.9072,64.9014,06: Iceland,LT05_L2SP_218015_19860916_20200917_02_T1,8,9/16/86,3,0.001008155,126.0157959,8.821105711,158.8601328,4.765803983,0.793249972,1093.999405,10.93999405,1,ok,0.199585937,0.346111125
Hofsjoekull N,3089,RGI2000-v7.0-G-06-00198,-18.9072,64.9014,06: Iceland,LT05_L2SP_218015_19920714_20200914_02_T1,8,7/14/92,1,0.152568151,118.6075469,8.30252828,156.2214373,4.686643119,0.759227088,1126.022585,11.26022585,1,ok,0.238290481,0.24201122
Hofsjoekull N,3089,RGI2000-v7.0-G-06-00198,-18.9072,64.9014,06: Iceland,LT05_L2SP_219014_19940812_20200913_02_T1,8,8/12/94,4,0.020105485,113.2925774,7.930480417,158.7152074,4.761456223,0.713810474,1149.991053,11.49991053,1,ok,0.282269585,0.245583224
Hofsjoekull N,3089,RGI2000-v7.0-G-06-00198,-18.9072,64.9014,06: Iceland,LT05_L2SP_219014_19980823_20241030_02_T1,8,8/23/98,1,0.349109573,56.82791605,3.977954123,147.314087,4.419422609,0.38576023,1377.975579,13.77975579,1,ok,0.388007112,0.64418871
Hofsjoekull N,3089,RGI2000-v7.0-G-06-00198,-18.9072,64.9014,06: Iceland,LT05_L2SP_219015_19960817_20200911_02_T1,8,8/17/96,1,0.054273704,80.46625857,5.6326381,152.4418863,4.573256588,0.527848746,1285.999123,12.85999123,1,ok,0.469520786,0.761442502
Hofsjoekull N,3089,RGI2000-v7.0-G-06-00198,-18.9072,64.9014,06: Iceland,LT05_L2SP_220014_19930917_20200913_02_T1,8,9/17/93,13,0.012007012,99.32153741,6.952507619,156.6837762,4.700513286,0.633898032,1209.959253,12.09959253,1,ok,0.363953012,0.266248007
Hofsjoekull N,3089,RGI2000-v7.0-G-06-00198,-18.9072,64.9014,06: Iceland,LT05_L2SP_220014_19950806_20200912_02_T1,8,8/6/95,3,0.006301521,88.06007145,6.164205001,151.7245025,4.551735074,0.580394531,1253.998049,12.53998049,1,ok,0.41834009,0.489671243
Hofsjoekull SW,3090,RGI2000-v7.0-G-06-00200,-19.0241,64.757,06: Iceland,LC09_L2SP_220014_20230912_20250822_02_T1,8,9/12/23,11.77,15.26014253,45.59606326,3.191724428,56.72426951,1.701728085,0.803819311,1284.057285,12.84057285,0,secondary_peak_too_small,0.195019813,0.075534472
Hofsjoekull SW,3090,RGI2000-v7.0-G-06-00200,-19.0241,64.757,06: Iceland,LC08_L2SP_219015_20200702_20200913_02_T1,8,7/2/20,5.95,4.748881449,48.72262853,3.410583997,63.04015681,1.891204704,0.772882413,1236.015021,12.36015021,1,ok,0.226253307,0.218400128
Hofsjoekull SW,3090,RGI2000-v7.0-G-06-00200,-19.0241,64.757,06: Iceland,LC08_L2SP_219015_20170710_20200903_02_T1,8,7/10/17,4.2,4.404081724,51.95595573,3.636916901,63.70855503,1.911256651,0.815525571,1132.01887,11.3201887,1,ok,0.184071088,0.223133518
Hofsjoekull SW,3090,RGI2000-v7.0-G-06-00200,-19.0241,64.757,06: Iceland,LC08_L2SP_220014_20220816_20220824_02_T1,8,8/16/22,2.1,0.726388669,49.41550885,3.45908562,61.43573587,1.843072076,0.804344705,1211.950658,12.11950658,1,ok,0.194397162,0.106866068
Hofsjoekull SW,3090,RGI2000-v7.0-G-06-00200,-19.0241,64.757,06: Iceland,LC09_L2SP_220014_20240829_20240830_02_T1,8,8/29/24,7.89,0.385649327,46.10253789,3.227177652,59.99361614,1.799808484,0.768457394,1284.042171,12.84042171,1,ok,0.23006837,0.214413326
Hofsjoekull SW,3090,RGI2000-v7.0-G-06-00200,-19.0241,64.757,06: Iceland,LE07_L2SP_218015_19990928_20200918_02_T1,8,9/28/99,12,0,57.57199205,4.030039443,68.43683229,2.053104969,0.841242795,1004.015268,10.04015268,1,ok,0.153175344,0.153921056
Hofsjoekull SW,3090,RGI2000-v7.0-G-06-00200,-19.0241,64.757,06: Iceland,LE07_L2SP_220014_20000710_20200918_02_T1,8,7/10/00,9,0.087439039,45.36465883,3.175526118,58.69734773,1.760920432,0.772857047,1292.006274,12.92006274,1,ok,0.226431352,0.108495166
Hofsjoekull SW,3090,RGI2000-v7.0-G-06-00200,-19.0241,64.757,06: Iceland,LT05_L2SP_218015_19860916_20200917_02_T1,8,9/16/86,3,0.084889139,53.35318024,3.734722617,68.33571227,2.050071368,0.780751067,1091.911587,10.91911587,1,ok,0.215444708,0.212269584
Hofsjoekull SW,3090,RGI2000-v7.0-G-06-00200,-19.0241,64.757,06: Iceland,LT05_L2SP_218015_19920714_20200914_02_T1,8,7/14/92,1,0,50.05526621,3.503868634,68.35763347,2.050729004,0.732255692,1195.969741,11.95969741,1,ok,0.265840218,0.133114885
Hofsjoekull SW,3090,RGI2000-v7.0-G-06-00200,-19.0241,64.757,06: Iceland,LT05_L2SP_219015_19880912_20200917_02_T1,8,9/12/88,15,0.155943279,43.77846279,3.064492395,67.66401338,2.029920401,0.646997726,1324.050466,13.24050466,1,ok,0.353056348,0.269170935
Hofsjoekull SW,3090,RGI2000-v7.0-G-06-00200,-19.0241,64.757,06: Iceland,LT05_L2SP_219015_19940812_20200913_02_T1,8,8/12/94,6,0.020829303,52.86085113,3.700259579,68.34381728,2.050314518,0.773454765,1107.916013,11.07916013,1,ok,0.22509282,0.180274702
Hofsjoekull SW,3090,RGI2000-v7.0-G-06-00200,-19.0241,64.757,06: Iceland,LT05_L2SP_219015_19960817_20200911_02_T1,8,8/17/96,1,0.059917529,42.9335837,3.005350859,65.64438546,1.969331564,0.654032838,1332.030429,13.32030429,1,ok,0.345110654,0.428302566
Hofsjoekull SW,3090,RGI2000-v7.0-G-06-00200,-19.0241,64.757,06: Iceland,LT05_L2SP_219015_19980823_20241030_02_T1,8,8/23/98,1,0.31136941,36.67655231,2.567358662,65.51435085,1.965430526,0.559824708,1411.876696,14.11876696,1,ok,0.439573349,0.238341625
Hofsjoekull SW,3090,RGI2000-v7.0-G-06-00200,-19.0241,64.757,06: Iceland,LT05_L2SP_220014_19930917_20200913_02_T1,8,9/17/93,13,0.012585651,47.64228768,3.334960137,67.52195043,2.025658513,0.70558222,1260.03674,12.6003674,1,ok,0.293527806,0.232922934
Hofsjoekull SW,3090,RGI2000-v7.0-G-06-00200,-19.0241,64.757,06: Iceland,LT05_L2SP_220014_19950806_20200912_02_T1,8,8/6/95,3,0.007275919,47.58636437,3.331045506,64.81898651,1.944569595,0.73414237,1252.005336,12.52005336,1,ok,0.265318837,0.141389651
Hohlaub,3332,RGI2000-v7.0-G-11-01144,7.9131,46.055,11: Central Europe,LC08_L2SP_194028_20171015_20200902_02_T1,9,10/15/17,1.72,13.23047777,0.90171972,0.06312038,1.622026671,0.0486608,0.555921636,3164.307871,31.64307871,1,ok,0.437909819,0.806390704
Hohlaub,3332,RGI2000-v7.0-G-11-01144,7.9131,46.055,11: Central Europe,LC08_L2SP_195028_20220918_20220928_02_T1,9,9/18/22,4.24,25.78849,0.949827738,0.066487942,1.823502758,0.054705083,0.520880889,3212.156369,32.12156369,1,ok,0.474736591,1
Hohlaub,3332,RGI2000-v7.0-G-11-01144,7.9131,46.055,11: Central Europe,LT05_L2SP_195028_19900910_20200915_02_T1,9,9/10/90,2,9.76886345,0.76752259,0.053726581,2.166773535,0.065003206,0.354223724,3300.325616,33.00325616,1,ok,0.361528027,0.685185185
Hohlaub,3332,RGI2000-v7.0-G-11-01144,7.9131,46.055,11: Central Europe,LT05_L2SP_194028_19850921_20200918_02_T1,9,9/21/85,6,6.782885671,1.251518584,0.087606301,2.243330119,0.067299904,0.557884269,3164.326217,31.64326217,1,ok,0.441609967,0.773743299
Hohlaub,3332,RGI2000-v7.0-G-11-01144,7.9131,46.055,11: Central Europe,LT05_L2SP_194028_20110913_20200820_02_T1,9,9/13/11,2,14.90251799,0.586365772,0.041045604,1.921711076,0.057651332,0.305126915,3356.224055,33.56224055,1,ok,0.306821085,0.35349482
Hohlaub,3332,RGI2000-v7.0-G-11-01144,7.9131,46.055,11: Central Europe,LT05_L2SP_194028_19980909_20200908_02_T1,9,9/9/98,10,7.974727532,0.590533901,0.041337373,2.21991406,0.066597422,0.26601656,3379.834725,33.79834725,1,ok,0.26794327,0.264150943
Hohlaub,3332,RGI2000-v7.0-G-11-01144,7.9131,46.055,11: Central Europe,LT05_L2SP_195028_20100901_20200823_02_T1,9,9/1/10,3,14.48873432,1.393462112,0.097542348,2.241711001,0.06725133,0.621606492,3156.096163,31.56096163,1,ok,0.37231361,0.540540541
Hohlaub,3332,RGI2000-v7.0-G-11-01144,7.9131,46.055,11: Central Europe,LC08_L2SP_195028_20150830_20200908_02_T1,9,8/30/15,3.97,16.43354438,1.016727442,0.071170921,2.018248056,0.060547442,0.503767334,3235.887495,32.35887495,1,ok,0.494692602,0.933333333
Hohlaub,3332,RGI2000-v7.0-G-11-01144,7.9131,46.055,11: Central Europe,LT05_L2SP_194028_20090907_20200825_02_T1,9,9/7/09,2,44.62678297,0.807499925,0.056524995,2.011439149,0.060343174,0.401453818,3283.97781,32.8397781,1,ok,0.403980148,0.481481481
Hohlaub,3332,RGI2000-v7.0-G-11-01144,7.9131,46.055,11: Central Europe,LC08_L2SP_194028_20190903_20200826_02_T1,9,9/3/19,8.2,16.30272756,0.620549442,0.043438461,1.843726834,0.055311805,0.336573418,3339.436175,33.39436175,1,ok,0.340280654,0.418604651
Hohlaub,3332,RGI2000-v7.0-G-11-01144,7.9131,46.055,11: Central Europe,LC08_L2SP_195028_20181025_20200830_02_T1,9,10/25/18,7.44,12.47522866,1.174857997,0.08224006,1.675834934,0.050275048,0.701058304,3059.786899,30.59786899,1,ok,0.291097367,0.382352941
Hohlaub,3332,RGI2000-v7.0-G-11-01144,7.9131,46.055,11: Central Europe,LC08_L2SP_195028_20161003_20200906_02_T1,9,10/3/16,4.56,11.61666781,1.490468711,0.10433281,1.93360578,0.058008173,0.770823467,3051.96781,30.5196781,1,ok,0.224287847,0.279069767
Hohlaub,3332,RGI2000-v7.0-G-11-01144,7.9131,46.055,11: Central Europe,LT05_L2SP_195028_20030914_20200904_02_T1,9,9/14/03,5,10.68887467,1.550594917,0.108541644,2.248891984,0.06746676,0.689492838,3091.876434,30.91876434,1,ok,0.304279629,0.379896591
Hohlaub,3332,RGI2000-v7.0-G-11-01144,7.9131,46.055,11: Central Europe,LT05_L2SP_195028_20060922_20200831_02_T1,9,9/22/06,12,5.893197123,1.734406662,0.121408466,2.293235988,0.06879708,0.756314078,3059.719867,30.59719867,1,ok,0.241229871,0.240950226
Hohlaub,3332,RGI2000-v7.0-G-11-01144,7.9131,46.055,11: Central Europe,LT05_L2SP_195028_19960910_20200911_02_T1,9,9/10/96,8,7.643324921,1.608370072,0.112585905,2.329994621,0.069899839,0.690289178,3091.876434,30.91876434,1,ok,0.307379865,0.380952381
Hohlaub,3332,RGI2000-v7.0-G-11-01144,7.9131,46.055,11: Central Europe,LT05_L2SP_194028_19890916_20200916_02_T1,9,9/16/89,8,5.777004952,1.650779229,0.115554546,2.339205601,0.070176168,0.705700785,3075.860102,30.75860102,1,ok,0.293527733,0.416666667
Hohlaub,3332,RGI2000-v7.0-G-11-01144,7.9131,46.055,11: Central Europe,LT05_L2SP_194028_20051030_20200901_02_T1,9,10/30/05,6,6.715129267,1.452562484,0.101679374,2.020153995,0.06060462,0.719035523,3051.96781,30.5196781,1,ok,0.279208822,0.442554319
Hohlaub,3332,RGI2000-v7.0-G-11-01144,7.9131,46.055,11: Central Europe,LC08_L2SP_194028_20200905_20200918_02_T1,9,9/5/20,6.16,20.6551038,0.987007337,0.069090514,1.879504105,0.056385123,0.525142421,3219.532679,32.19532679,1,ok,0.467683194,0.96
Hohlaub,3332,RGI2000-v7.0-G-11-01144,7.9131,46.055,11: Central Europe,LC08_L2SP_195028_20141030_20200910_02_T1,9,10/30/14,8.15,13.13172784,1.060458759,0.074232113,1.635237192,0.049057116,0.64850455,3075.804158,30.75804158,1,ok,0.346730921,0.595238095
Hohlaub,3332,RGI2000-v7.0-G-11-01144,7.9131,46.055,11: Central Europe,LC08_L2SP_194028_20210924_20210930_02_T1,9,9/24/21,1.92,14.95940653,1.445056331,0.101153943,1.971107075,0.059133212,0.733119143,3075.804158,30.75804158,1,ok,0.262111431,0.326086957
Hohlaub,3332,RGI2000-v7.0-G-11-01144,7.9131,46.055,11: Central Europe,LT05_L2SP_195028_19940804_20200913_02_T1,9,8/4/94,3,12.18608995,1.747954025,0.122356782,2.328579773,0.069857393,0.750652413,3051.96781,30.5196781,1,ok,0.248581115,0.207792208
Hohlaub,3332,RGI2000-v7.0-G-11-01144,7.9131,46.055,11: Central Europe,LT05_L2SP_194028_19990912_20211205_02_T1,9,9/12/99,5,30.30817759,0.687762607,0.048143383,1.894070932,0.056822128,0.363113438,3294.144099,32.94144099,1,ok,0.365548921,0.527777778
Hohlaub,3332,RGI2000-v7.0-G-11-01144,7.9131,46.055,11: Central Europe,LC08_L2SP_194028_20130801_20200912_02_T1,9,8/1/13,7.55,16.1674831,1.731028547,0.121171998,2.264114721,0.067923442,0.76454984,3059.719867,30.59719867,1,ok,0.229357382,0.164827967
Hohlaub,3332,RGI2000-v7.0-G-11-01144,7.9131,46.055,11: Central Europe,LE07_L2SP_194028_20011011_20200917_02_T1,9,10/11/01,2,9.643145132,0.187904847,0.013153339,2.177544733,0.065326342,0.086292072,3547.672266,35.47672266,1,ok,0.086714821,0.164556962
Hohlaub,3332,RGI2000-v7.0-G-11-01144,7.9131,46.055,11: Central Europe,LE07_L2SP_195028_20020818_20200916_02_T1,9,8/18/02,15,27.97038039,1.089619349,0.076273354,1.998580832,0.059957425,0.545196537,3219.481324,32.19481324,1,ok,0.45334008,0.531914894
Hohlaub,3332,RGI2000-v7.0-G-11-01144,7.9131,46.055,11: Central Europe,LT05_L2SP_195028_19970929_20200909_02_T1,9,9/29/97,5,9.110351703,0.566109861,0.03962769,2.123520052,0.063705602,0.266590306,3356.236247,33.56236247,1,ok,0.269035846,0.335002874
Hohlaub,3332,RGI2000-v7.0-G-11-01144,7.9131,46.055,11: Central Europe,LT05_L2SP_195028_19920915_20200914_02_T1,9,9/15/92,4,9.675748708,1.351294274,0.094590599,2.253257864,0.067597736,0.599706894,3156.096163,31.56096163,1,ok,0.397167649,0.657894737
Hohlaub,3332,RGI2000-v7.0-G-11-01144,7.9131,46.055,11: Central Europe,LT05_L2SP_195028_19951026_20200912_02_T1,9,10/26/95,11,6.38788596,1.55139443,0.10859761,2.082346693,0.062470401,0.74502216,3044.049623,30.44049623,1,ok,0.25348351,0.877192982
Hohlaub,3332,RGI2000-v7.0-G-11-01144,7.9131,46.055,11: Central Europe,LT05_L2SP_194028_19910906_20200915_02_T1,9,9/6/91,4,11.95826742,0.814292195,0.057000454,2.149594438,0.064487833,0.378812012,3284.081163,32.84081163,1,ok,0.38031802,0.670296658
Hohlaub,3332,RGI2000-v7.0-G-11-01144,7.9131,46.055,11: Central Europe,LT05_L2SP_194028_19931029_20200913_02_T1,9,10/29/93,2,2.111316393,1.68208395,0.117745876,2.175709346,0.06527128,0.773119789,3035.981157,30.35981157,1,ok,0.224442276,0.589041096
Hohlaub,3332,RGI2000-v7.0-G-11-01144,7.9131,46.055,11: Central Europe,LC09_L2SP_195028_20240915_20240916_02_T1,9,9/15/24,8.32,18.34695841,0.676873508,0.047381146,1.833660941,0.055009828,0.369137769,3331.327212,33.31327212,1,ok,0.373902564,0.439318885
Kara-Batkak,813,RGI2000-v7.0-G-13-25907,78.27280331,42.14030999,"13: Asia, Central",LC08_L2SP_149031_20150812_20200908_02_T1,8,8/12/15,1.08,7.998140375,1.533870168,0.107370912,2.577566262,0.077326988,0.59508467,3907.788895,39.07788895,1,ok,0.404244638,0.533333333
Kara-Batkak,813,RGI2000-v7.0-G-13-25907,78.27280331,42.14030999,"13: Asia, Central",LC08_L2SP_149030_20180820_20200831_02_T1,8,8/20/18,0.81,4.196250062,0.846263835,0.059238468,2.090493546,0.062714806,0.40481533,4100.205437,41.00205437,1,ok,0.408182637,0.771428571
Kara-Batkak,813,RGI2000-v7.0-G-13-25907,78.27280331,42.14030999,"13: Asia, Central",LC08_L2SP_149030_20190807_20200827_02_T1,8,8/7/19,2.48,6.415319643,1.045393876,0.073177571,2.157154032,0.064714621,0.484617167,4035.585249,40.35585249,1,ok,0.489264506,0.6
Kara-Batkak,813,RGI2000-v7.0-G-13-25907,78.27280331,42.14030999,"13: Asia, Central",LC09_L2SP_148031_20230819_20230821_02_T1,8,8/19/23,2.31,3.906362184,1.382782793,0.096794796,2.298249004,0.06894747,0.601667962,3916.687235,39.16687235,1,ok,0.389789129,0.573770492
Kara-Batkak,813,RGI2000-v7.0-G-13-25907,78.27280331,42.14030999,"13: Asia, Central",LC09_L2SP_149031_20220722_20230406_02_T1,8,7/22/22,0.64,3.02521577,1.155246007,0.080867221,2.128535486,0.063856065,0.542742188,3947.903113,39.47903113,1,ok,0.449913864,0.680851064
Kara-Batkak,813,RGI2000-v7.0-G-13-25907,78.27280331,42.14030999,"13: Asia, Central",LC08_L2SP_148031_20210906_20210915_02_T1,8,9/6/21,0.75,3.373631589,1.005557687,0.070389038,2.112824536,0.063384736,0.475930523,4004.489997,40.04489997,1,ok,0.482747596,0.79186075
Kara-Batkak,813,RGI2000-v7.0-G-13-25907,78.27280331,42.14030999,"13: Asia, Central",LC08_L2SP_149030_20200708_20200912_02_T1,8,7/8/20,1.63,17.94652537,1.614893003,0.11304251,2.406530916,0.072195927,0.671046024,3844.154872,38.44154872,1,ok,0.323615686,0.497712418
Kara-Batkak,813,RGI2000-v7.0-G-13-25907,78.27280331,42.14030999,"13: Asia, Central",LT05_L2SP_148031_19970718_20200910_02_T1,8,7/18/97,1,2.69489335,1.22871695,0.086010186,2.386542995,0.07159629,0.514852216,3988.067457,39.88067457,1,ok,0.480724394,1
Kara-Batkak,813,RGI2000-v7.0-G-13-25907,78.27280331,42.14030999,"13: Asia, Central",LT05_L2SP_148031_19910819_20200915_02_T1,8,8/19/91,7,20.64046056,0.949259292,0.06644815,2.119030359,0.063570911,0.447968708,4084.755196,40.84755196,1,ok,0.457343573,0.76119403
Kara-Batkak,813,RGI2000-v7.0-G-13-25907,78.27280331,42.14030999,"13: Asia, Central",LT05_L2SP_148031_19940811_20200913_02_T1,8,8/11/94,4,2.22519158,2.033290786,0.142330355,2.961888915,0.088856667,0.686484485,3795.897209,37.95897209,1,ok,0.307217618,0.307822923
Kara-Batkak,813,RGI2000-v7.0-G-13-25907,78.27280331,42.14030999,"13: Asia, Central",LT05_L2SP_148031_19960901_20200911_02_T1,8,9/1/96,10,2.297099249,1.295198722,0.090663911,2.584118984,0.07752357,0.501214816,3948.067708,39.48067708,1,ok,0.489656917,0.842105263
Kara-Batkak,813,RGI2000-v7.0-G-13-25907,78.27280331,42.14030999,"13: Asia, Central",LT05_L2SP_148031_19980822_20200909_02_T1,8,8/22/98,1,6.195897974,1.752623672,0.122683657,2.731062151,0.081931865,0.641737015,3835.64791,38.3564791,1,ok,0.358210597,0.401291248
Kara-Batkak,813,RGI2000-v7.0-G-13-25907,78.27280331,42.14030999,"13: Asia, Central",LT05_L2SP_148031_19930925_20200913_02_T1,8,9/25/93,2,2.942952884,1.650491096,0.115534377,2.623125625,0.078693769,0.629207797,3803.247443,38.03247443,1,ok,0.367071111,0.604972376
Kara-Batkak,813,RGI2000-v7.0-G-13-25907,78.27280331,42.14030999,"13: Asia, Central",LC08_L2SP_148031_20130831_20200912_02_T1,8,8/31/13,1.44,2.300497325,0.717593139,0.05023152,2.188967018,0.065669011,0.327822728,4124.161999,41.24161999,1,ok,0.33275749,0.5
Kara-Batkak,813,RGI2000-v7.0-G-13-25907,78.27280331,42.14030999,"13: Asia, Central",LC08_L2SP_148031_20140701_20200911_02_T1,8,7/1/14,1.38,5.492715512,1.525433807,0.106780366,2.464241583,0.073927247,0.619027703,3900.142815,39.00142815,1,ok,0.372676883,0.862682165
Kara-Batkak,813,RGI2000-v7.0-G-13-25907,78.27280331,42.14030999,"13: Asia, Central",LC08_L2SP_148031_20240813_20240822_02_T1,8,8/13/24,3.72,4.511986986,1.211574722,0.084810231,2.200330935,0.066009928,0.550632954,3988.067457,39.88067457,1,ok,0.444583902,0.958796804
Kara-Batkak,813,RGI2000-v7.0-G-13-25907,78.27280331,42.14030999,"13: Asia, Central",LE07_L2SP_148031_19990918_20200918_02_T1,8,9/18/99,3,2.950077882,0.809997946,0.056699856,2.326003003,0.06978009,0.348235985,4091.918296,40.91918296,1,ok,0.352768937,0.461654513
Kara-Batkak,813,RGI2000-v7.0-G-13-25907,78.27280331,42.14030999,"13: Asia, Central",LE07_L2SP_148031_20010907_20200917_02_T1,8,9/7/01,8,2.644141443,1.37621097,0.096334768,2.503709924,0.075111298,0.549668697,3931.836922,39.31836922,1,ok,0.449327969,0.558441558
Kara-Batkak,813,RGI2000-v7.0-G-13-25907,78.27280331,42.14030999,"13: Asia, Central",LE07_L2SP_148031_20020825_20200916_02_T1,8,8/25/02,2,0.74637091,0.920614937,0.064443046,2.247012611,0.067410378,0.409706173,4076.032379,40.76032379,1,ok,0.411204818,0.570181766
Kara-Batkak,813,RGI2000-v7.0-G-13-25907,78.27280331,42.14030999,"13: Asia, Central",LT05_L2SP_148031_20060812_20200831_02_T1,8,8/12/06,1,1.586572558,1.045340229,0.073173816,2.276603402,0.068298102,0.459166594,4035.57848,40.3557848,1,ok,0.465078933,0.580072793
Kara-Batkak,813,RGI2000-v7.0-G-13-25907,78.27280331,42.14030999,"13: Asia, Central",LT05_L2SP_148031_20100908_20200823_02_T1,8,9/8/10,13,12.99391306,0.805565356,0.056389575,1.932717252,0.057981518,0.416804556,4043.888799,40.43888799,1,ok,0.42138953,0.474533048
Kara-Batkak,813,RGI2000-v7.0-G-13-25907,78.27280331,42.14030999,"13: Asia, Central",LT05_L2SP_148031_20110911_20200820_02_T1,8,9/11/11,2,3.368589283,1.095937909,0.076715654,2.276118846,0.068283565,0.48149415,4004.489997,40.04489997,1,ok,0.486020934,0.898034398
Kara-Batkak,813,RGI2000-v7.0-G-13-25907,78.27280331,42.14030999,"13: Asia, Central",LT05_L2SP_149031_20070907_20200830_02_T1,8,9/7/07,1,5.638382367,1.410240089,0.098716806,2.512274165,0.075368225,0.561340043,3907.73537,39.0773537,1,ok,0.431451766,0.711864407
Kara-Batkak,813,RGI2000-v7.0-G-13-25907,78.27280331,42.14030999,"13: Asia, Central",LT05_L2SP_149031_20090827_20200825_02_T1,8,8/27/09,1,4.240727858,1.304623918,0.091323674,2.398231179,0.071946935,0.543994227,3963.535786,39.63535786,1,ok,0.451272709,0.751242865
Kesselwandferner,507,RGI2000-v7.0-G-11-03119,10.7907,46.8424,11: Central Europe,LC08_L2SP_193027_20230907_20230912_02_T1,9,9/7/23,0.47,5.760953266,0.381776585,0.026724361,3.335773376,0.100073201,0.114449197,3285.94911,32.8594911,1,ok,0.115522336,0.234042553
Kesselwandferner,507,RGI2000-v7.0-G-11-03119,10.7907,46.8424,11: Central Europe,LC09_L2SP_193027_20220912_20230329_02_T1,9,9/12/22,0.96,12.31894067,3.126076574,0.21882536,3.585413278,0.107562398,0.871887376,3081.985519,30.81985519,1,ok,0.128369399,0.162790698
Kesselwandferner,507,RGI2000-v7.0-G-11-03119,10.7907,46.8424,11: Central Europe,LT05_L2SP_193027_20030916_20200904_02_T1,9,9/16/03,9,1.358371637,3.29279555,0.230495688,4.170038425,0.125101153,0.789631944,3085.945096,30.85945096,0,secondary_peak_too_small,0.208961351,0.085043988
Kesselwandferner,507,RGI2000-v7.0-G-11-03119,10.7907,46.8424,11: Central Europe,LC08_L2SP_193027_20150901_20200908_02_T1,9,9/1/15,6.44,8.333055483,1.753403478,0.122738243,3.496787097,0.104903613,0.501432724,3190.015182,31.90015182,1,ok,0.496272147,0.738636364
Kesselwandferner,507,RGI2000-v7.0-G-11-03119,10.7907,46.8424,11: Central Europe,LC08_L2SP_193028_20180909_20200830_02_T1,9,9/9/18,6.17,8.84048997,2.895049422,0.20265346,3.561502781,0.106845083,0.812872992,3101.98596,31.0198596,1,ok,0.185851579,0.143396226
Kesselwandferner,507,RGI2000-v7.0-G-11-03119,10.7907,46.8424,11: Central Europe,LT05_L2SP_193027_19910830_20200915_02_T1,9,8/30/91,1,7.195059023,2.376111002,0.16632777,4.095780298,0.122873409,0.580136343,3158.098327,31.58098327,1,ok,0.415719347,0.538461538
Kesselwandferner,507,RGI2000-v7.0-G-11-03119,10.7907,46.8424,11: Central Europe,LT05_L2SP_193027_20110906_20200820_02_T1,9,9/6/11,7,10.26205276,2.095167104,0.146661697,3.748278599,0.112448358,0.558967816,3173.99694,31.7399694,1,ok,0.436586837,0.630342981
Kesselwandferner,507,RGI2000-v7.0-G-11-03119,10.7907,46.8424,11: Central Europe,LT05_L2SP_193027_20090831_20200825_02_T1,9,8/31/09,1,6.882675621,1.650103182,0.115507223,3.663898733,0.109916962,0.450368119,3197.970988,31.97970988,1,ok,0.452843632,0.975
Kesselwandferner,507,RGI2000-v7.0-G-11-03119,10.7907,46.8424,11: Central Europe,LT05_L2SP_193027_20061010_20200831_02_T1,9,10/10/06,2,6.84925417,3.500888962,0.245062227,4.102723369,0.123081701,0.853308558,3054.044946,30.54044946,0,secondary_peak_too_small,0.145176588,0.08788774
Kesselwandferner,507,RGI2000-v7.0-G-11-03119,10.7907,46.8424,11: Central Europe,LC08_L2SP_193027_20190827_20200826_02_T1,9,8/27/19,3.11,7.256980003,1.604600576,0.11232204,3.531914491,0.105957435,0.454314673,3197.957552,31.97957552,1,ok,0.456384844,0.972265533
Kesselwandferner,507,RGI2000-v7.0-G-11-03119,10.7907,46.8424,11: Central Europe,LC08_L2SP_193027_20200914_20200919_02_T1,9,9/14/20,0.9,9.357053832,1.319907652,0.092393536,3.471765507,0.104152965,0.380183411,3213.87233,32.1387233,1,ok,0.380650993,0.915792458
Kesselwandferner,507,RGI2000-v7.0-G-11-03119,10.7907,46.8424,11: Central Europe,LT05_L2SP_193027_20080929_20200829_02_T1,9,9/29/08,15,5.586145578,3.48773703,0.244141592,4.022480018,0.120674401,0.867061369,3057.95867,30.5795867,0,secondary_peak_too_small,0.131304258,0.067741935
Kesselwandferner,507,RGI2000-v7.0-G-11-03119,10.7907,46.8424,11: Central Europe,LT05_L2SP_193027_19920917_20200914_02_T1,9,9/17/92,1,6.534568577,2.762925623,0.193404794,4.060303971,0.121809119,0.680472606,3121.943067,31.21943067,1,ok,0.31683095,0.198529412
Kesselwandferner,507,RGI2000-v7.0-G-11-03119,10.7907,46.8424,11: Central Europe,LC08_L2SP_193028_20130810_20200912_02_T1,9,8/10/13,9.7,12.36514325,3.416739234,0.239171746,3.957033778,0.118711013,0.863459709,3077.987194,30.77987194,0,secondary_peak_too_small,0.136631843,0.039685086
Kesselwandferner,507,RGI2000-v7.0-G-11-03119,10.7907,46.8424,11: Central Europe,LT05_L2SP_193027_20040902_20200903_02_T1,9,9/2/04,1,6.942770726,2.562580199,0.179380614,3.989842987,0.11969529,0.642275951,3142.054039,31.42054039,1,ok,0.356334053,0.279411765
Kesselwandferner,507,RGI2000-v7.0-G-11-03119,10.7907,46.8424,11: Central Europe,LT05_L2SP_193027_19880922_20211118_02_T1,9,9/22/88,5,4.354156247,3.043493461,0.213044542,4.182435499,0.125473065,0.727684494,3106.031417,31.06031417,1,ok,0.268291674,0.139732072
Kesselwandferner,507,RGI2000-v7.0-G-11-03119,10.7907,46.8424,11: Central Europe,LT05_L2SP_193027_20050905_20200901_02_T1,9,9/5/05,6,8.584708694,3.067482202,0.214723754,4.003119187,0.120093576,0.766273013,3102.006042,31.02006042,0,secondary_peak_too_small,0.233258632,0.086016669
Kesselwandferner,507,RGI2000-v7.0-G-11-03119,10.7907,46.8424,11: Central Europe,LT05_L2SP_193027_19900928_20211121_02_T1,9,9/28/90,5,3.114863417,3.690533343,0.258337334,4.238444988,0.12715335,0.870728145,3033.940331,30.33940331,0,secondary_peak_too_small,0.125369821,0.072413793
Kesselwandferner,507,RGI2000-v7.0-G-11-03119,10.7907,46.8424,11: Central Europe,LT05_L2SP_193027_19891027_20200916_02_T1,9,10/27/89,4,3.481070439,3.409255989,0.238647919,4.149205157,0.124476155,0.821664839,3061.8814,30.618814,1,ok,0.176059348,0.103448276
Kesselwandferner,507,RGI2000-v7.0-G-11-03119,10.7907,46.8424,11: Central Europe,LE07_L2SP_193027_19990913_20200918_02_T1,9,9/13/99,1,5.944652171,2.857435475,0.200020483,4.056647927,0.121699438,0.704383404,3113.866246,31.13866246,1,ok,0.293395965,0.218243819
Kesselwandferner,507,RGI2000-v7.0-G-11-03119,10.7907,46.8424,11: Central Europe,LE07_L2SP_193027_20000814_20200918_02_T1,9,8/14/00,10,5.002103726,3.503979354,0.245278555,4.252920998,0.12758763,0.823899469,3065.995272,30.65995272,0,secondary_peak_too_small,0.175402673,0.042983281
Kesselwandferner,507,RGI2000-v7.0-G-11-03119,10.7907,46.8424,11: Central Europe,LT05_L2SP_193027_19970915_20200909_02_T1,9,9/15/97,1,5.650527519,3.415464505,0.239082515,4.121187448,0.123635623,0.828757378,3061.918657,30.61918657,0,secondary_peak_too_small,0.169592838,0.065340909
Kesselwandferner,507,RGI2000-v7.0-G-11-03119,10.7907,46.8424,11: Central Europe,LT05_L2SP_193027_19930920_20200913_02_T1,9,9/20/93,9,0.726301333,3.666516988,0.256656189,4.229868208,0.126896046,0.866815893,3038.059457,30.38059457,0,secondary_peak_too_small,0.132189017,0.057033239
Kesselwandferner,507,RGI2000-v7.0-G-11-03119,10.7907,46.8424,11: Central Europe,LT05_L2SP_193027_20010825_20200906_02_T1,9,8/25/01,1,6.31149428,3.219076199,0.225335334,4.083290181,0.122498705,0.788353523,3085.945096,30.85945096,1,ok,0.211042331,0.133093525
Kesselwandferner,507,RGI2000-v7.0-G-11-03119,10.7907,46.8424,11: Central Europe,LT05_L2SP_193027_19850813_20200918_02_T1,9,8/13/85,2,3.370327149,3.526186509,0.246833056,4.288505174,0.128655155,0.822241403,3065.995272,30.65995272,0,secondary_peak_too_small,0.175651424,0.054205607
Kongsvegen,1456,RGI2000-v7.0-G-07-00254,13.1481,78.7872,07: Svalbard and Jan Mayen,LT05_L2SP_215004_19930813_20241104_02_T1,8,8/13/93,2,1.399225423,39.90832527,2.793582769,103.9675545,3.119026636,0.38385365,676.1375771,6.761375771,1,ok,0.384635365,0.337467534
Kongsvegen,1456,RGI2000-v7.0-G-07-00254,13.1481,78.7872,07: Svalbard and Jan Mayen,LE07_L2SP_217003_20020711_20200916_02_T1,8,7/11/02,9,2.594945207,75.22936556,5.266055589,103.9522382,3.118567145,0.723691638,483.879168,4.83879168,1,ok,0.273966423,0.131962022
Kongsvegen,1456,RGI2000-v7.0-G-07-00254,13.1481,78.7872,07: Svalbard and Jan Mayen,LE07_L2SP_214004_20000817_20200917_02_T1,8,8/17/00,14,0.622290152,63.67914747,4.457540323,104.7706288,3.143118864,0.607795794,580.0886652,5.800886652,1,ok,0.388562623,0.594946236
Kongsvegen,1456,RGI2000-v7.0-G-07-00254,13.1481,78.7872,07: Svalbard and Jan Mayen,LC08_L2SP_214004_20140715_20200911_02_T1,8,7/15/14,10.75,1.210016626,88.62159728,6.20351181,104.6284085,3.138852254,0.847012762,377.9558219,3.779558219,1,ok,0.147706905,0.160282027
Kongsvegen,1456,RGI2000-v7.0-G-07-00254,13.1481,78.7872,07: Svalbard and Jan Mayen,LC08_L2SP_215004_20200823_20200905_02_T1,8,8/23/20,6.96,2.051396114,37.21460988,2.605022691,97.9013372,2.937040116,0.380123612,676.1261128,6.761261128,1,ok,0.384296652,0.657328031
Kongsvegen,1456,RGI2000-v7.0-G-07-00254,13.1481,78.7872,07: Svalbard and Jan Mayen,LC08_L2SP_216003_20150801_20200908_02_T1,8,8/1/15,10.81,0.045604633,65.76230162,4.603361113,101.7453712,3.052361136,0.64634195,564.1179443,5.641179443,1,ok,0.35226933,0.213208838
Kongsvegen,1456,RGI2000-v7.0-G-07-00254,13.1481,78.7872,07: Svalbard and Jan Mayen,LC08_L2SP_216004_20190727_20200827_02_T1,8,7/27/19,2.2,1.646472921,54.15242137,3.790669496,102.1933592,3.065800775,0.529901569,619.945323,6.19945323,1,ok,0.467955764,0.47823597
Kongsvegen,1456,RGI2000-v7.0-G-07-00254,13.1481,78.7872,07: Svalbard and Jan Mayen,LC08_L2SP_219003_20220708_20220721_02_T1,8,7/8/22,7.85,1.777101904,65.44642223,4.581249556,101.5156184,3.045468552,0.644693135,566.0265925,5.660265925,1,ok,0.351120767,0.454091705
Kongsvegen,1456,RGI2000-v7.0-G-07-00254,13.1481,78.7872,07: Svalbard and Jan Mayen,LC08_L2SP_220003_20170802_20200903_02_T1,8,8/2/17,4.96,2.04536352,70.46837356,4.932786149,102.7722596,3.083167788,0.685675043,534.0308494,5.340308494,1,ok,0.308954804,0.263652823
Kongsvegen,1456,RGI2000-v7.0-G-07-00254,13.1481,78.7872,07: Svalbard and Jan Mayen,LC08_L2SP_220003_20180805_20200831_02_T1,8,8/5/18,13.73,0.192129074,44.00146151,3.080102306,102.3610854,3.070832562,0.429865132,661.978796,6.61978796,1,ok,0.431937777,0.824603454
Kongsvegen,1456,RGI2000-v7.0-G-07-00254,13.1481,78.7872,07: Svalbard and Jan Mayen,LC08_L2SP_221003_20210703_20210712_02_T1,8,7/3/21,9.07,7.913528842,60.37720958,4.226404671,104.4862939,3.134588816,0.577848131,598.0446519,5.980446519,1,ok,0.419587006,0.290278908
Kongsvegen,1456,RGI2000-v7.0-G-07-00254,13.1481,78.7872,07: Svalbard and Jan Mayen,LC09_L2SP_215004_20230808_20230810_02_T1,8,8/8/23,11.31,1.920630675,35.50323181,2.485226227,96.71544405,2.901463322,0.367089581,686.0041014,6.860041014,1,ok,0.368103901,0.772366664
Kongsvegen,1456,RGI2000-v7.0-G-07-00254,13.1481,78.7872,07: Svalbard and Jan Mayen,LC09_L2SP_216004_20240801_20240802_02_T1,8,8/1/24,3.04,2.824904135,28.20776075,1.974543252,88.92405155,2.667721546,0.317211826,713.9729683,7.139729683,1,ok,0.318734715,0.900729702
Kongsvegen,1456,RGI2000-v7.0-G-07-00254,13.1481,78.7872,07: Svalbard and Jan Mayen,LE07_L2SP_218003_19990710_20200918_02_T1,8,7/10/99,5,0.158472213,2.311157474,0.161781023,106.1537887,3.184613661,0.021771785,883.8687221,8.838687221,0,secondary_peak_too_small,0.02161786,0.062721852
Kongsvegen,1456,RGI2000-v7.0-G-07-00254,13.1481,78.7872,07: Svalbard and Jan Mayen,LT05_L2SP_215004_19970824_20250425_02_T1,8,8/24/97,14,0.446751505,96.05243154,6.723670208,104.7734706,3.143204118,0.916762908,284.0795526,2.840795526,0,secondary_peak_too_small,0.080024194,0.096478326
Kongsvegen,1456,RGI2000-v7.0-G-07-00254,13.1481,78.7872,07: Svalbard and Jan Mayen,LT05_L2SP_216004_19880721_20241111_02_T1,8,7/21/88,2,0.557994315,91.09743167,6.376820217,106.544371,3.196331131,0.855018719,363.9905789,3.639905789,0,secondary_peak_too_small,0.14280657,0.080454949
Kongsvegen,1456,RGI2000-v7.0-G-07-00254,13.1481,78.7872,07: Svalbard and Jan Mayen,LT05_L2SP_217003_19890731_20200916_02_T1,8,7/31/89,5,0.44268006,75.88907069,5.312234948,105.4481197,3.163443591,0.719681592,492.0302734,4.920302734,1,ok,0.274420976,0.262897896
Kongsvegen,1456,RGI2000-v7.0-G-07-00254,13.1481,78.7872,07: Svalbard and Jan Mayen,LT05_L2SP_218003_19960725_20241031_02_T1,8,7/25/96,4,0.447614664,88.17546093,6.172282265,106.5776573,3.19732972,0.827335327,388.0677212,3.880677212,1,ok,0.167101737,0.149590037
Kongsvegen,1456,RGI2000-v7.0-G-07-00254,13.1481,78.7872,07: Svalbard and Jan Mayen,LT05_L2SP_219003_19980706_20250425_02_T1,8,7/6/98,6,0.028220862,93.59415271,6.55159069,106.30907,3.189272101,0.880396684,340.0642386,3.400642386,1,ok,0.115722612,0.123759512
Langfjordjoekelen,323,RGI2000-v7.0-G-08-01503,21.737,70.13,08: Scandinavia,LC08_L2SP_195011_20170904_20200903_02_T1,9,9/4/17,2.3,34.93562789,2.333365748,0.163335602,2.891678406,0.086750352,0.80692436,761.7912806,7.617912806,0,secondary_peak_too_small,0.189763914,0.09929078
Langfjordjoekelen,323,RGI2000-v7.0-G-08-01503,21.737,70.13,08: Scandinavia,LC08_L2SP_196011_20140919_20200910_02_T1,9,9/19/14,7.16,6.339066164,2.287101301,0.160097091,2.820699944,0.084620998,0.810827577,746.1687012,7.461687012,1,ok,0.18574838,0.544331155
Langfjordjoekelen,323,RGI2000-v7.0-G-08-01503,21.737,70.13,08: Scandinavia,LC08_L2SP_196011_20150821_20200908_02_T1,9,8/21/15,1.07,9.143577991,2.309963318,0.161697432,3.215318656,0.09645956,0.718424382,766.1987308,7.661987308,1,ok,0.281540622,0.142374946
Langfjordjoekelen,323,RGI2000-v7.0-G-08-01503,21.737,70.13,08: Scandinavia,LC08_L2SP_196011_20200903_20200918_02_T1,9,9/3/20,8.25,7.048928495,2.228713274,0.156009929,2.75688576,0.082706573,0.808416985,761.7912364,7.617912364,1,ok,0.185271494,0.105898994
Langfjordjoekelen,323,RGI2000-v7.0-G-08-01503,21.737,70.13,08: Scandinavia,LC08_L2SP_198010_20210920_20210925_02_T1,9,9/20/21,5.83,6.186959158,2.23174627,0.156222239,2.688468161,0.080654045,0.83011817,787.0617857,7.870617857,1,ok,0.168334409,0.196435159
Langfjordjoekelen,323,RGI2000-v7.0-G-08-01503,21.737,70.13,08: Scandinavia,LC09_L2SP_195011_20220825_20230401_02_T1,9,8/25/22,6.08,13.86582935,1.28048652,0.089634056,2.629571302,0.078887139,0.486956379,942.2073396,9.422073396,1,ok,0.482887918,0.907692308
Langfjordjoekelen,323,RGI2000-v7.0-G-08-01503,21.737,70.13,08: Scandinavia,LE07_L2SP_197010_20020816_20200916_02_T1,9,8/16/02,4,1.677177548,1.823209472,0.127624663,3.694532074,0.110835962,0.493488603,890.0007146,8.900007146,1,ok,0.497571152,0.495603294
Langfjordjoekelen,323,RGI2000-v7.0-G-08-01503,21.737,70.13,08: Scandinavia,LE07_L2SP_197011_19990909_20200918_02_T1,9,9/9/99,7,4.645175514,1.683659864,0.11785619,3.529809006,0.10589427,0.476983276,901.8106668,9.018106668,1,ok,0.483586484,0.598003366
Langfjordjoekelen,323,RGI2000-v7.0-G-08-01503,21.737,70.13,08: Scandinavia,LE07_L2SP_198010_20010820_20200917_02_T1,9,8/20/01,15,1.252682542,1.633956396,0.114376948,3.693603944,0.110808118,0.442374554,905.7714523,9.057714523,1,ok,0.452853814,0.867098575
Langfjordjoekelen,323,RGI2000-v7.0-G-08-01503,21.737,70.13,08: Scandinavia,LT05_L2SP_195011_19890806_20200916_02_T1,9,8/6/89,2,1.383720372,2.817603185,0.197232223,3.783675757,0.113510273,0.744673531,698.1509106,6.981509106,1,ok,0.249559038,0.180901175
Langfjordjoekelen,323,RGI2000-v7.0-G-08-01503,21.737,70.13,08: Scandinavia,LT05_L2SP_195011_19940905_20200913_02_T1,9,9/5/94,3,2.18923854,2.679419644,0.187559375,3.6619188,0.109857564,0.731698268,722.3780422,7.223780422,1,ok,0.261357773,0.152292106
Langfjordjoekelen,323,RGI2000-v7.0-G-08-01503,21.737,70.13,08: Scandinavia,LT05_L2SP_195011_20070808_20200830_02_T1,9,8/8/07,5,5.358771623,2.464631323,0.172524193,3.678284821,0.110348545,0.67004907,757.9785815,7.579785815,1,ok,0.32486159,0.199305763
Langfjordjoekelen,323,RGI2000-v7.0-G-08-01503,21.737,70.13,08: Scandinavia,LT05_L2SP_195011_20110819_20200820_02_T1,9,8/19/11,1,5.812514557,1.559944442,0.109196111,3.50822795,0.105246839,0.444653102,910.189734,9.10189734,1,ok,0.447912375,0.54359265
Langfjordjoekelen,323,RGI2000-v7.0-G-08-01503,21.737,70.13,08: Scandinavia,LT05_L2SP_196011_20060828_20200831_02_T1,9,8/28/06,11,16.60064399,0.766160509,0.053631236,3.202643845,0.096079315,0.239227509,986.1582529,9.861582529,1,ok,0.239363495,0.368421053
Langfjordjoekelen,323,RGI2000-v7.0-G-08-01503,21.737,70.13,08: Scandinavia,LT05_L2SP_196011_20090804_20200827_02_T1,9,8/4/09,5,5.312899492,2.673736556,0.187161559,3.660467377,0.109814021,0.730435838,726.168592,7.26168592,1,ok,0.265504438,0.112257875
Langfjordjoekelen,323,RGI2000-v7.0-G-08-01503,21.737,70.13,08: Scandinavia,LT05_L2SP_197010_19900908_20200915_02_T1,9,9/8/90,1,1.297576778,2.086432448,0.146050271,3.65373095,0.109611929,0.571041622,837.9790039,8.379790039,1,ok,0.421578625,0.348228414
Langfjordjoekelen,323,RGI2000-v7.0-G-08-01503,21.737,70.13,08: Scandinavia,LT05_L2SP_197010_19910826_20200915_02_T1,9,8/26/91,1,1.131779252,2.301010345,0.161070724,3.711332679,0.11133998,0.619995712,790.1337221,7.901337221,1,ok,0.379289081,0.427618388
Langfjordjoekelen,323,RGI2000-v7.0-G-08-01503,21.737,70.13,08: Scandinavia,LT05_L2SP_197010_19920913_20200914_02_T1,9,9/13/92,5,0.924821268,2.677432787,0.187420295,3.638133859,0.109144016,0.735935755,718.1553141,7.181553141,1,ok,0.259255141,0.476655568
Langfjordjoekelen,323,RGI2000-v7.0-G-08-01503,21.737,70.13,08: Scandinavia,LT05_L2SP_197010_19960807_20200911_02_T1,9,8/7/96,3,0.81369692,3.202454239,0.224171797,3.785236157,0.113557085,0.846038161,602.1771958,6.021771958,1,ok,0.147489682,0.121605363
Langfjordjoekelen,323,RGI2000-v7.0-G-08-01503,21.737,70.13,08: Scandinavia,LT05_L2SP_198010_19860904_20200917_02_T1,9,9/4/86,1,1.079506359,2.007220073,0.140505405,3.678783393,0.110363502,0.545620619,858.1418263,8.581418263,1,ok,0.449685812,0.429401364
Langfjordjoekelen,323,RGI2000-v7.0-G-08-01503,21.737,70.13,08: Scandinavia,LT05_L2SP_198010_19970801_20200910_02_T1,9,8/1/97,2,0.80178439,3.170733332,0.221951333,3.788621824,0.113658655,0.83690943,609.9855347,6.099855347,1,ok,0.160864016,0.124816446
Langjokull S Dome,3101,RGI2000-v7.0-G-06-00454,-20.0311,64.6423,06: Iceland,LC08_L2SP_219015_20170710_20200903_02_T1,8,7/10/17,4.2,5.25610014,100.5771858,7.040403005,117.5754583,3.527263749,0.855426696,894.0207806,8.940207806,0,secondary_peak_too_small,0.144214897,0.074161623
Langjokull S Dome,3101,RGI2000-v7.0-G-06-00454,-20.0311,64.6423,06: Iceland,LC08_L2SP_219015_20200702_20200913_02_T1,8,7/2/20,5.95,6.290051421,106.1878624,7.433150369,117.4949288,3.524847865,0.903765494,833.9973667,8.339973667,0,secondary_peak_too_small,0.095742643,0.018483253
Langjokull S Dome,3101,RGI2000-v7.0-G-06-00454,-20.0311,64.6423,06: Iceland,LC08_L2SP_220015_20160730_20200906_02_T1,8,7/30/16,8.86,0.441036838,81.2304782,5.686133474,114.9059858,3.447179575,0.70692991,1045.986263,10.45986263,1,ok,0.292671743,0.128652738
Langjokull S Dome,3101,RGI2000-v7.0-G-06-00454,-20.0311,64.6423,06: Iceland,LC08_L2SP_220015_20220816_20220824_02_T1,8,8/16/22,3.62,1.204289206,85.34582131,5.974207492,112.9762486,3.389287457,0.755431539,1022.034234,10.22034234,1,ok,0.243779828,0.355799769
Langjokull S Dome,3101,RGI2000-v7.0-G-06-00454,-20.0311,64.6423,06: Iceland,LC08_L2SP_220015_20230718_20230802_02_T1,8,7/18/23,4.19,1.363620811,82.50195084,5.775136559,110.4996199,3.314988597,0.746626558,1038.059147,10.38059147,1,ok,0.253114877,0.10806856
Langjokull S Dome,3101,RGI2000-v7.0-G-06-00454,-20.0311,64.6423,06: Iceland,LC09_L2SP_220015_20240829_20240830_02_T1,8,8/29/24,7.98,0.714976043,62.59048428,4.3813339,108.4172351,3.252517053,0.577311202,1150.018857,11.50018857,1,ok,0.417528966,0.548011426
Langjokull S Dome,3101,RGI2000-v7.0-G-06-00454,-20.0311,64.6423,06: Iceland,LT05_L2SP_219015_19860907_20200918_02_T1,8,9/7/86,6,1.125012771,101.8190066,7.127330461,126.3349384,3.790048152,0.805944958,881.961986,8.81961986,1,ok,0.192225823,0.142184224
Langjokull S Dome,3101,RGI2000-v7.0-G-06-00454,-20.0311,64.6423,06: Iceland,LT05_L2SP_219015_19880912_20200917_02_T1,8,9/12/88,15,0.542640606,86.12349067,6.028644347,124.3775969,3.731327908,0.692435718,1017.987811,10.17987811,1,ok,0.307103897,0.24618432
Langjokull S Dome,3101,RGI2000-v7.0-G-06-00454,-20.0311,64.6423,06: Iceland,LT05_L2SP_219015_19940812_20200913_02_T1,8,8/12/94,6,3.706876037,96.38604082,6.747022857,124.5462881,3.736388642,0.773897338,933.997632,9.33997632,1,ok,0.225438885,0.320382354
Langjokull S Dome,3101,RGI2000-v7.0-G-06-00454,-20.0311,64.6423,06: Iceland,LT05_L2SP_219015_19960817_20200911_02_T1,8,8/17/96,1,2.020268962,87.28917685,6.110242379,121.141636,3.634249079,0.720554714,1010.015906,10.10015906,1,ok,0.27920423,0.242241925
Langjokull S Dome,3101,RGI2000-v7.0-G-06-00454,-20.0311,64.6423,06: Iceland,LT05_L2SP_219015_19980823_20241030_02_T1,8,8/23/98,1,2.999212649,64.22055998,4.495439199,115.4723412,3.464170236,0.556155347,1141.988189,11.41988189,1,ok,0.441390064,0.343986186
Langjokull S Dome,3101,RGI2000-v7.0-G-06-00454,-20.0311,64.6423,06: Iceland,LT05_L2SP_220015_19870816_20201014_02_T1,8,8/16/87,10,1.058964188,99.89221706,6.992455194,124.1612,3.724835999,0.804536498,902.0051987,9.020051987,1,ok,0.195371009,0.123252195
Langjokull S Dome,3101,RGI2000-v7.0-G-06-00454,-20.0311,64.6423,06: Iceland,LT05_L2SP_220015_19950806_20200912_02_T1,8,8/6/95,8,0.531834305,92.81534008,6.497073806,122.4189118,3.672567354,0.758178117,966.0088252,9.660088252,1,ok,0.241564723,0.100186598
Lemon Creek,3334,RGI2000-v7.0-C-01-14094,-134.349,58.38,01: Alaska,LC08_L2SP_057019_20130801_20200912_02_T1,8,8/1/13,6.67,6.31889356,8.148853011,0.570419711,10.53521728,0.316056518,0.773486943,998.0980565,9.980980565,0,secondary_peak_too_small,0.22500982,0.092503987
Lemon Creek,3334,RGI2000-v7.0-C-01-14094,-134.349,58.38,01: Alaska,LC08_L2SP_057019_20150706_20200909_02_T1,8,7/6/15,11.29,5.586829582,8.261043095,0.578273017,10.53244881,0.315973464,0.784342107,993.9220605,9.939220605,0,secondary_peak_too_small,0.21404524,0.06231363
Lemon Creek,3334,RGI2000-v7.0-C-01-14094,-134.349,58.38,01: Alaska,LC08_L2SP_057019_20180916_20200830_02_T1,8,9/16/18,3.19,7.575246986,6.277690426,0.43943833,8.540700632,0.256221019,0.735032253,1013.936355,10.13936355,1,ok,0.2602928,0.627906977
Lemon Creek,3334,RGI2000-v7.0-C-01-14094,-134.349,58.38,01: Alaska,LC08_L2SP_057019_20210823_20210901_02_T1,8,8/23/21,8.01,4.108961209,5.96317418,0.417422193,9.584319496,0.287529585,0.622180237,1069.951106,10.69951106,1,ok,0.376302227,0.280701754
Lemon Creek,3334,RGI2000-v7.0-C-01-14094,-134.349,58.38,01: Alaska,LC08_L2SP_058019_20170920_20200903_02_T1,8,9/20/17,5.56,10.44875355,5.44938585,0.381457009,9.058918639,0.271767559,0.601549265,1069.956516,10.69956516,1,ok,0.395815881,0.735099338
Lemon Creek,3334,RGI2000-v7.0-C-01-14094,-134.349,58.38,01: Alaska,LC08_L2SP_058019_20190809_20200827_02_T1,8,8/9/19,8.64,8.652732326,5.46281148,0.382396804,8.819133298,0.264573999,0.619427249,1065.96568,10.6596568,1,ok,0.375509714,0.613402062
Lemon Creek,3334,RGI2000-v7.0-C-01-14094,-134.349,58.38,01: Alaska,LC08_L2SP_058019_20200912_20200919_02_T1,8,9/12/20,7.46,14.03108974,5.078898034,0.355522862,9.101857081,0.273055712,0.558006788,1086.002058,10.86002058,1,ok,0.439091398,0.4875
Lemon Creek,3334,RGI2000-v7.0-C-01-14094,-134.349,58.38,01: Alaska,LC08_L2SP_058019_20230820_20230826_02_T1,8,8/20/23,4.31,11.56827911,4.954441488,0.346810904,9.312048699,0.279361461,0.532046346,1097.748852,10.97748852,1,ok,0.464627111,0.273123929
Lemon Creek,3334,RGI2000-v7.0-C-01-14094,-134.349,58.38,01: Alaska,LC08_L2SP_058019_20240806_20240814_02_T1,8,8/6/24,3.02,7.200706858,6.776436142,0.47435053,9.776801957,0.293304059,0.693113778,1049.997834,10.49997834,0,secondary_peak_too_small,0.304740451,0.090225564
Lemon Creek,3334,RGI2000-v7.0-C-01-14094,-134.349,58.38,01: Alaska,LE07_L2SP_057019_19990803_20200918_02_T1,8,8/3/99,2,4.315856108,0.751816661,0.052627166,10.85693085,0.325707925,0.069247624,1277.916217,12.77916217,0,secondary_peak_too_small,0.068927262,0.04055088
Lemon Creek,3334,RGI2000-v7.0-C-01-14094,-134.349,58.38,01: Alaska,LE07_L2SP_058019_20010815_20200917_02_T1,8,8/15/01,12,2.644196281,0.46917206,0.032842044,10.9746648,0.329239944,0.042750468,1310.110222,13.10110222,0,secondary_peak_too_small,0.042757093,0.03369906
Lemon Creek,3334,RGI2000-v7.0-C-01-14094,-134.349,58.38,01: Alaska,LT05_L2SP_057019_19870725_20201014_02_T1,8,7/25/87,7,1.46330899,9.690218496,0.678315295,11.26918141,0.338075442,0.859886636,909.9171146,9.099171146,0,secondary_peak_too_small,0.137669492,0.07370626
Lemon Creek,3334,RGI2000-v7.0-C-01-14094,-134.349,58.38,01: Alaska,LT05_L2SP_057019_19970704_20200910_02_T1,8,7/4/97,6,3.291755173,9.263816506,0.648467155,11.07671269,0.332301381,0.836332653,933.9338685,9.339338685,0,secondary_peak_too_small,0.162657838,0.078544061
Lemon Creek,3334,RGI2000-v7.0-C-01-14094,-134.349,58.38,01: Alaska,LT05_L2SP_057019_20030806_20200904_02_T1,8,8/6/03,11,5.018983312,5.495414514,0.384679016,10.42338605,0.312701581,0.527219705,1101.986674,11.01986674,1,ok,0.470382994,0.338582775
Lemon Creek,3334,RGI2000-v7.0-C-01-14094,-134.349,58.38,01: Alaska,LT05_L2SP_057019_20050811_20200902_02_T1,8,8/11/05,3,7.198795939,6.339228775,0.443746014,10.32682234,0.30980467,0.613860544,1069.934126,10.69934126,1,ok,0.385729235,0.252475248
Lemon Creek,3334,RGI2000-v7.0-C-01-14094,-134.349,58.38,01: Alaska,LT05_L2SP_057019_20060915_20200831_02_T1,8,9/15/06,2,5.831730537,5.546043578,0.38822305,9.983949856,0.299518496,0.555495937,1086.021204,10.86021204,1,ok,0.441198325,0.666666667
Lemon Creek,3334,RGI2000-v7.0-C-01-14094,-134.349,58.38,01: Alaska,LT05_L2SP_057019_20080702_20200829_02_T1,8,7/2/08,11,1.395971843,9.777749177,0.684442442,11.30951456,0.339285437,0.864559581,905.8166005,9.058166005,0,secondary_peak_too_small,0.132541292,0.08055936
Lemon Creek,3334,RGI2000-v7.0-C-01-14094,-134.349,58.38,01: Alaska,LT05_L2SP_058019_19860915_20200917_02_T1,8,9/15/86,6,2.631729809,7.723494395,0.540644608,10.89698915,0.326909675,0.708773248,1026.021441,10.26021441,1,ok,0.2884622,0.365062794
Lemon Creek,3334,RGI2000-v7.0-C-01-14094,-134.349,58.38,01: Alaska,LT05_L2SP_058019_19900825_20200916_02_T1,8,8/25/90,10,5.411540677,5.18289903,0.362802932,10.65728946,0.319718684,0.486324318,1114.006042,11.14006042,1,ok,0.491284217,0.668067227
Lemon Creek,3334,RGI2000-v7.0-C-01-14094,-134.349,58.38,01: Alaska,LT05_L2SP_058019_19930716_20200913_02_T1,8,7/16/93,10,0.981090091,9.450948275,0.661566379,11.11875373,0.333562612,0.850000684,918.0062602,9.180062602,0,secondary_peak_too_small,0.147703099,0.067984436
Lemon Creek,3334,RGI2000-v7.0-C-01-14094,-134.349,58.38,01: Alaska,LT05_L2SP_058019_19950924_20200912_02_T1,8,9/24/95,3,6.263173588,5.20989191,0.364692434,10.00434874,0.300130462,0.520762725,1093.90115,10.9390115,1,ok,0.47528138,0.832823025
Lemon Creek,3334,RGI2000-v7.0-C-01-14094,-134.349,58.38,01: Alaska,LT05_L2SP_058019_19960724_20200911_02_T1,8,7/24/96,5,3.265608948,8.528369586,0.596985871,10.95456694,0.328637008,0.778521838,990.0099004,9.900099004,1,ok,0.219090777,0.103146853
Lemon Creek,3334,RGI2000-v7.0-C-01-14094,-134.349,58.38,01: Alaska,LT05_L2SP_058019_20040815_20200903_02_T1,8,8/15/04,3,7.241473131,4.886328603,0.342043002,10.25376865,0.307613059,0.476539775,1122.137965,11.22137965,1,ok,0.477532686,0.443609023
Lemon Creek,3334,RGI2000-v7.0-C-01-14094,-134.349,58.38,01: Alaska,LT05_L2SP_058019_20090914_20200825_02_T1,8,9/14/09,6,6.381438243,5.244490284,0.36711432,10.15648552,0.304694566,0.516368607,1101.996161,11.01996161,1,ok,0.481673384,0.685840708
Leviy Aktru,794,RGI2000-v7.0-G-10-01559,87.69024658,50.08007813,"10: Asia, North",LC08_L2SP_144025_20231018_20231103_02_T1,9,10/18/23,0.26,0,4.047278587,0.283309501,5.134309997,0.1540293,0.788280916,2996.469266,29.96469266,1,ok,0.207472543,0.281474467
Leviy Aktru,794,RGI2000-v7.0-G-10-01559,87.69024658,50.08007813,"10: Asia, North",LC09_L2SP_144025_20220921_20230328_02_T1,9,9/21/22,2.44,4.769008423,4.012919992,0.280904399,5.435422924,0.163062688,0.738290295,3067.725537,30.67725537,1,ok,0.257392489,0.322368421
Leviy Aktru,794,RGI2000-v7.0-G-10-01559,87.69024658,50.08007813,"10: Asia, North",LC08_L2SP_144025_20210825_20210901_02_T1,9,8/25/21,0.56,8.294234554,2.535604979,0.177492349,5.405847969,0.162175439,0.469048518,3379.558226,33.79558226,1,ok,0.474579241,0.973213012
Leviy Aktru,794,RGI2000-v7.0-G-10-01559,87.69024658,50.08007813,"10: Asia, North",LT05_L2SP_144025_19941018_20200912_02_T1,9,10/18/94,1,4.469424888,4.032030395,0.282242128,5.352733265,0.160581998,0.753265705,2979.426374,29.79426374,1,ok,0.246271755,0.623896657
Leviy Aktru,794,RGI2000-v7.0-G-10-01559,87.69024658,50.08007813,"10: Asia, North",LC08_L2SP_144025_20191007_20200825_02_T1,9,10/7/19,5.13,2.599367041,3.991246068,0.279387225,5.330812211,0.159924366,0.748712562,3043.534843,30.43534843,1,ok,0.246357662,0.194550025
Leviy Aktru,794,RGI2000-v7.0-G-10-01559,87.69024658,50.08007813,"10: Asia, North",LT05_L2SP_144025_19930812_20200913_02_T1,9,8/12/93,12,6.459947077,3.709740357,0.259681825,6.022858567,0.180685757,0.615943462,3227.026747,32.27026747,1,ok,0.381529941,0.66401784
Leviy Aktru,794,RGI2000-v7.0-G-10-01559,87.69024658,50.08007813,"10: Asia, North",LC08_L2SP_144025_20130904_20200913_02_T1,9,9/4/13,0.6,6.302268718,3.295239222,0.230666746,5.587331849,0.167619955,0.589769735,3268.315984,32.68315984,1,ok,0.405000301,0.747826087
Leviy Aktru,794,RGI2000-v7.0-G-10-01559,87.69024658,50.08007813,"10: Asia, North",LC08_L2SP_144025_20150910_20200908_02_T1,9,9/10/15,2.93,4.737675931,2.940950508,0.205866536,5.610803578,0.168324107,0.524158522,3332.068328,33.32068328,1,ok,0.46958151,0.693548387
Leviy Aktru,794,RGI2000-v7.0-G-10-01559,87.69024658,50.08007813,"10: Asia, North",LC08_L2SP_144025_20170915_20200903_02_T1,9,9/15/17,6.09,0.842929577,4.327037673,0.302892637,6.066874076,0.182006222,0.713223584,3116.122439,31.16122439,1,ok,0.281205801,0.233711099
Leviy Aktru,794,RGI2000-v7.0-G-10-01559,87.69024658,50.08007813,"10: Asia, North",LC08_L2SP_144025_20181004_20200830_02_T1,9,10/4/18,13.94,0.287713546,3.853616301,0.269753141,5.108135494,0.153244065,0.754407612,2963.654615,29.63654615,1,ok,0.244404631,0.267698516
Leviy Aktru,794,RGI2000-v7.0-G-10-01559,87.69024658,50.08007813,"10: Asia, North",LC09_L2SP_144025_20240910_20240911_02_T1,9,9/10/24,7.82,3.256333468,4.432900258,0.310303018,6.010938328,0.18032815,0.737472257,3091.361825,30.91361825,1,ok,0.257041461,0.303133718
Leviy Aktru,794,RGI2000-v7.0-G-10-01559,87.69024658,50.08007813,"10: Asia, North",LE07_L2SP_144025_20001010_20200918_02_T1,9,10/10/00,1,0.040903338,2.767205347,0.193704374,5.315311803,0.159459354,0.520610164,3276.300309,32.76300309,1,ok,0.479554355,0.5234375
Leviy Aktru,794,RGI2000-v7.0-G-10-01559,87.69024658,50.08007813,"10: Asia, North",LE07_L2SP_144025_20010927_20200917_02_T1,9,9/27/01,13,11.22253929,3.535783432,0.24750484,5.831267119,0.174938014,0.606349076,3204.171668,32.04171668,1,ok,0.39161405,0.394572398
Leviy Aktru,794,RGI2000-v7.0-G-10-01559,87.69024658,50.08007813,"10: Asia, North",LE07_L2SP_144025_20020930_20200916_02_T1,9,9/30/02,6,0.588847665,1.232641892,0.086284932,5.7053132,0.171159396,0.216051573,3579.52644,35.7952644,1,ok,0.217566183,0.418300654
Leviy Aktru,794,RGI2000-v7.0-G-10-01559,87.69024658,50.08007813,"10: Asia, North",LT05_L2SP_144025_19960820_20200911_02_T1,9,8/20/96,4,6.095345949,2.728385555,0.190986989,6.015680368,0.180470411,0.453545632,3372.288607,33.72288607,1,ok,0.460281435,0.92507453
Leviy Aktru,794,RGI2000-v7.0-G-10-01559,87.69024658,50.08007813,"10: Asia, North",LT05_L2SP_144025_19980826_20200909_02_T1,9,8/26/98,0,5.833083368,2.115915713,0.1481141,5.948949347,0.17846848,0.355678892,3476.432576,34.76432576,1,ok,0.361534546,0.668419778
Leviy Aktru,794,RGI2000-v7.0-G-10-01559,87.69024658,50.08007813,"10: Asia, North",LT05_L2SP_144025_20060917_20200831_02_T1,9,9/17/06,1,4.256567125,3.365197055,0.235563794,5.952014525,0.178560436,0.56538791,3283.902047,32.83902047,1,ok,0.427982763,0.53590729
Leviy Aktru,794,RGI2000-v7.0-G-10-01559,87.69024658,50.08007813,"10: Asia, North",LT05_L2SP_144025_20081008_20200828_02_T1,9,10/8/08,8,0.973339044,4.055596816,0.283891777,5.584479405,0.167534382,0.726226479,3043.913782,30.43913782,1,ok,0.269863101,0.419354058
Leviy Aktru,794,RGI2000-v7.0-G-10-01559,87.69024658,50.08007813,"10: Asia, North",LT05_L2SP_144025_20090925_20200825_02_T1,9,9/25/09,1,0.042614328,4.246838789,0.297278715,5.939266965,0.178178009,0.715044266,3075.914514,30.75914514,1,ok,0.28053446,0.268627451
Leviy Aktru,794,RGI2000-v7.0-G-10-01559,87.69024658,50.08007813,"10: Asia, North",LT05_L2SP_144025_20110915_20200820_02_T1,9,9/15/11,3,1.339116477,3.977800329,0.278446023,6.093160357,0.182794811,0.652830403,3187.407412,31.87407412,1,ok,0.33973078,0.33120009
Maladeta,942,RGI2000-v7.0-G-11-04073,0.639342666,42.64897919,11: Central Europe,LC08_L2SP_199030_20210826_20210901_02_T1,9,8/26/21,0.85,45.57820613,0.01521702,0.001065191,0.146212706,0.004386381,0.104074543,3167.921143,31.67921143,1,ok,0.103030303,0.222222222
Maladeta,942,RGI2000-v7.0-G-11-04073,0.639342666,42.64897919,11: Central Europe,LC09_L2SP_199030_20220922_20230328_02_T1,9,9/22/22,5.72,54.38111159,0.080714582,0.005650021,0.11577932,0.00347338,0.697141612,3106.699707,31.06699707,1,ok,0.3,0.666666667
Maladeta,942,RGI2000-v7.0-G-11-04073,0.639342666,42.64897919,11: Central Europe,LC09_L2SP_199030_20230925_20230927_02_T1,9,9/25/23,0.12,53.76939805,0.089976951,0.006298387,0.129673087,0.003890193,0.693875291,3113.390137,31.13390137,1,ok,0.300699301,0.6
Maladeta,942,RGI2000-v7.0-G-11-04073,0.639342666,42.64897919,11: Central Europe,LC08_L2SP_199030_20200908_20200919_02_T1,9,9/8/20,0.15,46.58638697,0.051407302,0.003598511,0.196295861,0.005888876,0.261886835,3144.334814,31.44334814,1,ok,0.28340403,0.5
Maladeta,942,RGI2000-v7.0-G-11-04073,0.639342666,42.64897919,11: Central Europe,LC08_L2SP_199030_20191008_20200825_02_T1,9,10/8/19,0.23,22.11784547,0.008600907,0.000602064,0.152166498,0.004564995,0.056523002,3172.552327,31.72552327,0,secondary_peak_too_small,0.064327485,0.076923077
Maladeta,942,RGI2000-v7.0-G-11-04073,0.639342666,42.64897919,11: Central Europe,LC08_L2SP_198031_20180928_20200830_02_T1,9,9/28/18,0.14,41.83173809,0.071254856,0.00498784,0.202911443,0.006087343,0.351162333,3130.306885,31.30306885,1,ok,0.3625,0.4
Maladeta,942,RGI2000-v7.0-G-11-04073,0.639342666,42.64897919,11: Central Europe,LC08_L2SP_198031_20160906_20200906_02_T1,9,9/6/16,0.08,45.59817743,0.040357386,0.002825017,0.199800651,0.00599402,0.20198826,3151.382782,31.51382782,1,ok,0.211711712,0.428571429
Maladeta,942,RGI2000-v7.0-G-11-04073,0.639342666,42.64897919,11: Central Europe,LC08_L2SP_198031_20150920_20200908_02_T1,9,9/20/15,2.09,43.89100108,0.249148075,0.017440365,0.289505342,0.00868516,0.860599232,3006.659973,30.06659973,1,ok,0.130078338,0.333333333
Maladeta,942,RGI2000-v7.0-G-11-04073,0.639342666,42.64897919,11: Central Europe,LC08_L2SP_198030_20140901_20200911_02_T1,9,9/1/14,0.56,34.15758096,0.190212892,0.013314902,0.306651773,0.009199553,0.620289555,3057.06485,30.5706485,1,ok,0.373658705,0.555555556
Maladeta,942,RGI2000-v7.0-G-11-04073,0.639342666,42.64897919,11: Central Europe,LT05_L2SP_198030_20100922_20200823_02_T1,9,9/22/10,1,33.76998979,0.128740814,0.009011857,0.288843417,0.008665303,0.445711436,3093.478638,30.93478638,1,ok,0.448715613,0.727272727
Maladeta,942,RGI2000-v7.0-G-11-04073,0.639342666,42.64897919,11: Central Europe,LT05_L2SP_198030_20080916_20200829_02_T1,9,9/16/08,2,32.50957883,0.322263027,0.022558412,0.36977842,0.011093353,0.871503067,2961.219604,29.61219604,1,ok,0.131132866,0.25
Maladeta,942,RGI2000-v7.0-G-11-04073,0.639342666,42.64897919,11: Central Europe,LT05_L2SP_198030_20110909_20200820_02_T1,9,9/9/11,0,39.51876563,0.036388192,0.002547173,0.238171838,0.007145155,0.152781255,3154.460042,31.54460042,1,ok,0.152671756,0.25
Maladeta,942,RGI2000-v7.0-G-11-04073,0.639342666,42.64897919,11: Central Europe,LT05_L2SP_199030_20090926_20200825_02_T1,9,9/26/09,13,28.23202213,0.312167858,0.02185175,0.374331568,0.011229947,0.833934097,2984.981201,29.84981201,1,ok,0.161062999,0.285714286
Maladeta,942,RGI2000-v7.0-G-11-04073,0.639342666,42.64897919,11: Central Europe,LT05_L2SP_199030_20070905_20200830_02_T1,9,9/5/07,0,29.68400965,0.058023644,0.004061655,0.292091443,0.008762743,0.198648899,3141.407166,31.41407166,1,ok,0.20278834,0.272727273
Maladeta,942,RGI2000-v7.0-G-11-04073,0.639342666,42.64897919,11: Central Europe,LT05_L2SP_199030_20050915_20200901_02_T1,9,9/15/05,0,28.11367368,0.108501912,0.007595134,0.312195687,0.009365871,0.347544557,3110.978027,31.10978027,1,ok,0.351585014,0.333333333
Maladeta,942,RGI2000-v7.0-G-11-04073,0.639342666,42.64897919,11: Central Europe,LT05_L2SP_198030_20030919_20200904_02_T1,9,9/19/03,0,22.15926742,0.336155836,0.023530909,0.382962492,0.011488875,0.877777441,2945.719971,29.45719971,1,ok,0.115349464,0.125
Maladeta,942,RGI2000-v7.0-G-11-04073,0.639342666,42.64897919,11: Central Europe,LE07_L2SP_199030_20020915_20200916_02_T1,9,9/15/02,0,21.06528396,0.313029927,0.021912095,0.378396767,0.011351903,0.827253177,2977.077148,29.77077148,1,ok,0.168319961,0.279605263
Maladeta,942,RGI2000-v7.0-G-11-04073,0.639342666,42.64897919,11: Central Europe,LE07_L2SP_198030_19990916_20211205_02_T1,9,9/16/99,0,9.987129606,0.358189891,0.025073292,0.425459141,0.012763774,0.841890222,2955.867676,29.55867676,1,ok,0.152016399,0.171794296
Maladeta,942,RGI2000-v7.0-G-11-04073,0.639342666,42.64897919,11: Central Europe,LE07_L2SP_199030_20010912_20211128_02_T1,9,9/12/01,0,15.16561386,0.168910838,0.011823759,0.370517432,0.011115523,0.455878248,3075.303418,30.75303418,1,ok,0.449092718,0.5
Maladeta,942,RGI2000-v7.0-G-11-04073,0.639342666,42.64897919,11: Central Europe,LT05_L2SP_198030_19960915_20200911_02_T1,9,9/15/96,2,13.95402163,0.260231203,0.018216184,0.395811717,0.011874352,0.657462102,3021.100179,30.21100179,1,ok,0.328462442,0.621004566
Maladeta,942,RGI2000-v7.0-G-11-04073,0.639342666,42.64897919,11: Central Europe,LT05_L2SP_198030_19970918_20200909_02_T1,9,9/18/97,0,8.171960294,0.209811845,0.014686829,0.378141013,0.01134423,0.554850805,3040.726563,30.40726563,1,ok,0.439883381,0.811029412
Maladeta,942,RGI2000-v7.0-G-11-04073,0.639342666,42.64897919,11: Central Europe,LT05_L2SP_198030_19980921_20200908_02_T1,9,9/21/98,8,18.62730595,0.206824959,0.014477747,0.38777463,0.011633239,0.533363823,3049.175293,30.49175293,1,ok,0.457854424,1
Maladeta,942,RGI2000-v7.0-G-11-04073,0.639342666,42.64897919,11: Central Europe,LT05_L2SP_198030_20000910_20200906_02_T1,9,9/10/00,0,17.18567392,0.054251285,0.00379759,0.349725341,0.01049176,0.155125404,3144.553019,31.44553019,1,ok,0.158210748,0.166666667
Maladeta,942,RGI2000-v7.0-G-11-04073,0.639342666,42.64897919,11: Central Europe,LT05_L2SP_198031_19950812_20200912_02_T1,9,8/12/95,1,16.59467136,0.205271696,0.014369019,0.395261996,0.01185786,0.519330718,3050.937805,30.50937805,1,ok,0.478133746,0.888888889
Maladeta,942,RGI2000-v7.0-G-11-04073,0.639342666,42.64897919,11: Central Europe,LT05_L2SP_198030_19920920_20200914_02_T1,9,9/20/92,5,17.522967,0.095269259,0.006668848,0.378203117,0.011346094,0.25189972,3115.713928,31.15713928,1,ok,0.253483835,0.461538462
Maladeta,942,RGI2000-v7.0-G-11-04073,0.639342666,42.64897919,11: Central Europe,LT05_L2SP_198031_19940926_20200913_02_T1,9,9/26/94,13,1.270026776,0.378617344,0.026503214,0.435468229,0.013064047,0.869448833,2931.302102,29.31302102,1,ok,0.121972961,0.216959728
Maladeta,942,RGI2000-v7.0-G-11-04073,0.639342666,42.64897919,11: Central Europe,LT05_L2SP_199030_19930829_20200913_02_T1,9,8/29/93,8,7.805080107,0.388590598,0.027201342,0.447244912,0.013417347,0.868854151,2935.039917,29.35039917,1,ok,0.124789882,0.166176471
Maladeta,942,RGI2000-v7.0-G-11-04073,0.639342666,42.64897919,11: Central Europe,LC08_L2SP_199030_20130905_20200912_02_T1,9,9/5/13,1.1,34.75893901,0.182195851,0.01275371,0.302604114,0.009078123,0.602093105,3058.900482,30.58900482,1,ok,0.387785427,1
Maladeta,942,RGI2000-v7.0-G-11-04073,0.639342666,42.64897919,11: Central Europe,LT05_L2SP_198030_19850917_20200918_02_T1,9,9/17/85,0,2.2086779,0.125041211,0.008752885,0.391652462,0.011749574,0.319265735,3094.590495,30.94590495,1,ok,0.318594166,0.410958904
Maladeta,942,RGI2000-v7.0-G-11-04073,0.639342666,42.64897919,11: Central Europe,LT05_L2SP_198030_19870907_20201015_02_T1,9,9/7/87,0,8.769619954,0.096520652,0.006756446,0.392581499,0.011777445,0.245861439,3118.742432,31.18742432,1,ok,0.254993108,0.238095238
Maladeta,942,RGI2000-v7.0-G-11-04073,0.639342666,42.64897919,11: Central Europe,LT05_L2SP_198030_19910918_20200915_02_T1,9,9/18/91,0,11.67507434,0.022494437,0.001574611,0.370100903,0.011103027,0.0607792,3162.922363,31.62922363,1,ok,0.06071602,0.14354067
Maladeta,942,RGI2000-v7.0-G-11-04073,0.639342666,42.64897919,11: Central Europe,LT05_L2SP_198031_19860803_20200918_02_T1,9,8/3/86,3,16.53179875,0.16664369,0.011665058,0.402398971,0.012071969,0.414125537,3075.303418,30.75303418,1,ok,0.41179015,0.986809269
Maladeta,942,RGI2000-v7.0-G-11-04073,0.639342666,42.64897919,11: Central Europe,LT05_L2SP_198031_19880925_20211118_02_T1,9,9/25/88,1,11.43098066,0.3754443,0.026281101,0.407997639,0.012239929,0.920211942,2895.342407,28.95342407,1,ok,0.072932403,0.2
Maladeta,942,RGI2000-v7.0-G-11-04073,0.639342666,42.64897919,11: Central Europe,LT05_L2SP_198031_19890928_20211121_02_T1,9,9/28/89,1,12.94140272,0.315843601,0.022109052,0.400401205,0.012012036,0.788817809,2973.362061,29.73362061,1,ok,0.191733966,0.482352941
Maladeta,942,RGI2000-v7.0-G-11-04073,0.639342666,42.64897919,11: Central Europe,LT05_L2SP_199030_19900821_20200915_02_T1,9,8/21/90,7,11.72611211,0.06814436,0.004770105,0.38887683,0.011666305,0.175233788,3139.279492,31.39279492,1,ok,0.18312471,0.311926606
Maliy Aktru,795,RGI2000-v7.0-G-10-01575,87.74552155,50.04967499,"10: Asia, North",LT05_L2SP_144025_19941018_20200912_02_T1,9,10/18/94,1,0.454073446,1.420781198,0.099454684,2.306354803,0.069190644,0.616028894,3252.090198,32.52090198,1,ok,0.385961465,0.656146616
Maliy Aktru,795,RGI2000-v7.0-G-10-01575,87.74552155,50.04967499,"10: Asia, North",LT05_L2SP_144025_19930812_20200913_02_T1,9,8/12/93,12,0.271692498,1.768216809,0.123775177,2.548452635,0.076453579,0.693839385,3211.914249,32.11914249,1,ok,0.302652898,0.150983271
Maliy Aktru,795,RGI2000-v7.0-G-10-01575,87.74552155,50.04967499,"10: Asia, North",LC08_L2SP_144025_20130904_20200913_02_T1,9,9/4/13,0.6,1.813538028,1.276732624,0.089371284,2.260488211,0.067814646,0.56480393,3267.820815,32.67820815,1,ok,0.433301033,0.468085106
Maliy Aktru,795,RGI2000-v7.0-G-10-01575,87.74552155,50.04967499,"10: Asia, North",LC08_L2SP_144025_20150910_20200908_02_T1,9,9/10/15,2.93,0.663260385,1.470527904,0.102936953,2.278372943,0.068351188,0.645428971,3252.042251,32.52042251,1,ok,0.354079065,0.26984127
Maliy Aktru,795,RGI2000-v7.0-G-10-01575,87.74552155,50.04967499,"10: Asia, North",LC08_L2SP_144025_20170915_20200903_02_T1,9,9/15/17,6.09,2.007944093,1.523545879,0.106648211,2.388275744,0.071648272,0.637927125,3252.022537,32.52022537,1,ok,0.360272021,0.201550388
Maliy Aktru,795,RGI2000-v7.0-G-10-01575,87.74552155,50.04967499,"10: Asia, North",LC08_L2SP_144025_20181004_20200830_02_T1,9,10/4/18,13.94,7.985805351,1.526234174,0.106836392,2.501053559,0.075031607,0.610236501,3252.086459,32.52086459,1,ok,0.386370484,0.454984514
Maliy Aktru,795,RGI2000-v7.0-G-10-01575,87.74552155,50.04967499,"10: Asia, North",LC08_L2SP_144025_20191007_20200825_02_T1,9,10/7/19,5.13,0.929190847,1.324805981,0.092736419,2.193325505,0.065799765,0.604017041,3259.794054,32.59794054,1,ok,0.392947848,0.219567827
Maliy Aktru,795,RGI2000-v7.0-G-10-01575,87.74552155,50.04967499,"10: Asia, North",LC08_L2SP_144025_20210825_20210901_02_T1,9,8/25/21,0.56,2.413666546,1.447720498,0.101340435,2.22049128,0.066614738,0.651982069,3252.042251,32.52042251,1,ok,0.34785831,0.487407241
Maliy Aktru,795,RGI2000-v7.0-G-10-01575,87.74552155,50.04967499,"10: Asia, North",LC09_L2SP_144025_20220921_20230328_02_T1,9,9/21/22,2.44,1.544225501,1.458238189,0.102076673,2.247862641,0.067435879,0.648722107,3244.372419,32.44372419,1,ok,0.347888443,0.177777778
Maliy Aktru,795,RGI2000-v7.0-G-10-01575,87.74552155,50.04967499,"10: Asia, North",LC09_L2SP_144025_20240910_20240911_02_T1,9,9/10/24,7.82,1.094035166,1.589809022,0.111286632,2.406358105,0.072190743,0.660670172,3252.022537,32.52022537,1,ok,0.334865287,0.199056762
Maliy Aktru,795,RGI2000-v7.0-G-10-01575,87.74552155,50.04967499,"10: Asia, North",LE07_L2SP_144025_20001010_20200918_02_T1,9,10/10/00,1,0,0.690162869,0.048311401,2.417076414,0.072512292,0.285536222,3323.840388,33.23840388,1,ok,0.283704913,0.640599769
Maliy Aktru,795,RGI2000-v7.0-G-10-01575,87.74552155,50.04967499,"10: Asia, North",LE07_L2SP_144025_20010927_20200917_02_T1,9,9/27/01,13,2.713668174,0.928427805,0.064989946,2.534461723,0.076033852,0.366321494,3307.936611,33.07936611,1,ok,0.366172853,0.62937665
Maliy Aktru,795,RGI2000-v7.0-G-10-01575,87.74552155,50.04967499,"10: Asia, North",LE07_L2SP_144025_20020930_20200916_02_T1,9,9/30/02,6,0,0.523582712,0.03665079,2.513441079,0.075403232,0.208313104,3348.056611,33.48056611,1,ok,0.209799841,0.538338119
Maliy Aktru,795,RGI2000-v7.0-G-10-01575,87.74552155,50.04967499,"10: Asia, North",LT05_L2SP_144025_19960820_20200911_02_T1,9,8/20/96,4,2.731455327,1.5907657,0.111353599,2.528647605,0.075859428,0.629097426,3244.350067,32.44350067,1,ok,0.365169311,0.291473587
Maliy Aktru,795,RGI2000-v7.0-G-10-01575,87.74552155,50.04967499,"10: Asia, North",LT05_L2SP_144025_19980826_20200909_02_T1,9,8/26/98,0,1.198879159,1.711408537,0.119798598,2.521027728,0.075630832,0.678853516,3228.118185,32.28118185,1,ok,0.317435404,0.180876436
Maliy Aktru,795,RGI2000-v7.0-G-10-01575,87.74552155,50.04967499,"10: Asia, North",LT05_L2SP_144025_20060917_20200831_02_T1,9,9/17/06,1,1.479590495,1.460392037,0.102227443,2.399397524,0.071981926,0.608649472,3252.022537,32.52022537,1,ok,0.388228983,0.417028263
Maliy Aktru,795,RGI2000-v7.0-G-10-01575,87.74552155,50.04967499,"10: Asia, North",LT05_L2SP_144025_20081008_20200828_02_T1,9,10/8/08,8,0.864430579,1.465109146,0.10255764,2.426353454,0.072790604,0.603831706,3252.086459,32.52086459,1,ok,0.393597861,0.406931506
Maliy Aktru,795,RGI2000-v7.0-G-10-01575,87.74552155,50.04967499,"10: Asia, North",LT05_L2SP_144025_20090925_20200825_02_T1,9,9/25/09,1,0.122380623,1.490563061,0.104339414,2.551910426,0.076557313,0.584096936,3259.812149,32.59812149,1,ok,0.413468539,0.285817894
Maliy Aktru,795,RGI2000-v7.0-G-10-01575,87.74552155,50.04967499,"10: Asia, North",LT05_L2SP_144025_20101030_20200823_02_T1,9,10/30/10,4,0.368269222,1.209703794,0.084679266,2.141707851,0.064251236,0.564831377,3267.790419,32.67790419,1,ok,0.433941735,0.889434508
Maliy Aktru,795,RGI2000-v7.0-G-10-01575,87.74552155,50.04967499,"10: Asia, North",LT05_L2SP_144025_20110915_20200820_02_T1,9,9/15/11,3,0.996957395,1.486786697,0.104075069,2.470339321,0.07411018,0.601855253,3252.075276,32.52075276,1,ok,0.395835131,0.302170388
Marmaglaciaeren,1461,RGI2000-v7.0-G-08-01658,18.686,68.081,08: Scandinavia,LC08_L2SP_197012_20140708_20200911_02_T1,8,7/8/14,10.12,8.820874144,2.531131628,0.177179214,3.394507294,0.101835219,0.745655086,1441.921975,14.41921975,1,ok,0.24620695,0.131455399
Marmaglaciaeren,1461,RGI2000-v7.0-G-08-01658,18.686,68.081,08: Scandinavia,LC08_L2SP_197012_20190924_20200826_02_T1,8,9/24/19,0.96,0.704916765,2.670475277,0.186933269,2.950324907,0.088509747,0.905146166,1369.689664,13.69689664,0,secondary_peak_too_small,0.085527832,0.094339623
Marmaglaciaeren,1461,RGI2000-v7.0-G-08-01658,18.686,68.081,08: Scandinavia,LC08_L2SP_196012_20220824_20220924_02_T1,8,8/24/22,3.09,9.104152167,0.689567653,0.048269736,2.755643313,0.082669299,0.250238356,1605.064087,16.05064087,1,ok,0.253368906,0.25
Marmaglaciaeren,1461,RGI2000-v7.0-G-08-01658,18.686,68.081,08: Scandinavia,LT05_L2SP_196012_19910803_20200915_02_T1,8,8/3/91,10,6.611641802,1.137840271,0.079648819,3.517078227,0.105512347,0.323518613,1573.892328,15.73892328,1,ok,0.330529547,0.317517776
Marmaglaciaeren,1461,RGI2000-v7.0-G-08-01658,18.686,68.081,08: Scandinavia,LT05_L2SP_196012_19940811_20200913_02_T1,8,8/11/94,5,9.356328448,1.518378719,0.10628651,3.424159783,0.102724793,0.443431036,1530.085713,15.30085713,1,ok,0.461846662,0.77
Marmaglaciaeren,1461,RGI2000-v7.0-G-08-01658,18.686,68.081,08: Scandinavia,LT05_L2SP_196012_19900715_20200916_02_T1,8,7/15/90,4,5.805266113,3.423130546,0.239619138,3.61351384,0.108405415,0.947313529,1349.855413,13.49855413,0,secondary_peak_too_small,0.047564774,0.055172414
Marmaglaciaeren,1461,RGI2000-v7.0-G-08-01658,18.686,68.081,08: Scandinavia,LC08_L2SP_196012_20170725_20200903_02_T1,8,7/25/17,4.48,8.054594484,2.857582046,0.200030743,3.373076075,0.101192282,0.84717391,1406.216123,14.06216123,0,secondary_peak_too_small,0.141332025,0.073710074
Marmaglaciaeren,1461,RGI2000-v7.0-G-08-01658,18.686,68.081,08: Scandinavia,LT05_L2SP_198012_19920718_20200914_02_T1,8,7/18/92,12,12.69464751,2.260597325,0.158241813,3.614776714,0.108443301,0.625376753,1478.106963,14.78106963,1,ok,0.355831211,0.464164735
Marmaglaciaeren,1461,RGI2000-v7.0-G-08-01658,18.686,68.081,08: Scandinavia,LC08_L2SP_196012_20150821_20200908_02_T1,8,8/21/15,1.56,7.595381475,1.866766142,0.13067363,3.195151603,0.095854548,0.58424963,1502.158295,15.02158295,1,ok,0.409895491,0.671641791
Marmaglaciaeren,1461,RGI2000-v7.0-G-08-01658,18.686,68.081,08: Scandinavia,LT05_L2SP_196012_19950915_20200912_02_T1,8,9/15/95,13,5.347313986,2.999985801,0.209999006,3.359113109,0.100773393,0.893088653,1374.05169,13.7405169,1,ok,0.095487441,0.108317489
Marmaglaciaeren,1461,RGI2000-v7.0-G-08-01658,18.686,68.081,08: Scandinavia,LC08_L2SP_198012_20240912_20240920_02_T1,8,9/12/24,1.63,8.817242249,0.323335604,0.022633492,2.402545493,0.072076365,0.13458043,1622.918685,16.22918685,1,ok,0.137518685,0.166666667
Marmaglaciaeren,1461,RGI2000-v7.0-G-08-01658,18.686,68.081,08: Scandinavia,LE07_L2SP_196012_20020825_20200916_02_T1,8,8/25/02,10,9.12020739,0.426984963,0.029888947,2.870783208,0.086123496,0.14873466,1621.916205,16.21916205,0,secondary_peak_too_small,0.149081037,0.066298343
Marmaglaciaeren,1461,RGI2000-v7.0-G-08-01658,18.686,68.081,08: Scandinavia,LE07_L2SP_197012_19990925_20200918_02_T1,8,9/25/99,7,1.582322106,1.151705579,0.080619391,2.86014298,0.085804289,0.402674128,1545.887778,15.45887778,1,ok,0.406672607,0.678571429
Marmaglaciaeren,1461,RGI2000-v7.0-G-08-01658,18.686,68.081,08: Scandinavia,LT05_L2SP_196012_20100908_20200823_02_T1,8,9/8/10,1,5.679598266,1.3821858,0.096753006,2.915027809,0.087450834,0.474158701,1530.078823,15.30078823,1,ok,0.478306324,0.777777778
Marmaglaciaeren,1461,RGI2000-v7.0-G-08-01658,18.686,68.081,08: Scandinavia,LT05_L2SP_197012_19860828_20200918_02_T1,8,8/28/86,14,5.347566163,2.861341975,0.200293938,3.246218763,0.097386563,0.881438431,1381.918005,13.81918005,1,ok,0.109540722,0.111111111
Marmaglaciaeren,1461,RGI2000-v7.0-G-08-01658,18.686,68.081,08: Scandinavia,LT05_L2SP_197012_19960807_20200911_02_T1,8,8/7/96,12,13.44721614,1.455299079,0.101870936,3.153744848,0.094612345,0.461451116,1530.100137,15.30100137,1,ok,0.468860257,0.888888889
Marmaglaciaeren,1461,RGI2000-v7.0-G-08-01658,18.686,68.081,08: Scandinavia,LT05_L2SP_198012_19880707_20200917_02_T1,8,7/7/88,6,5.742710697,2.091094153,0.146376591,3.526385219,0.105791557,0.592985174,1490.083971,14.90083971,1,ok,0.401157679,0.489204417
Marmaglaciaeren,1461,RGI2000-v7.0-G-08-01658,18.686,68.081,08: Scandinavia,LT05_L2SP_198012_19890710_20200916_02_T1,8,7/10/89,9,3.336274263,3.404874408,0.238341209,3.66859634,0.11005789,0.928113669,1357.935223,13.57935223,0,secondary_peak_too_small,0.062044644,0.06504065
Martial Este,2000,RGI2000-v7.0-G-17-16255,-68.4093,-54.7862,17: Southern Andes,LE07_L2SP_227098_20020207_20200916_02_T1,3,2/7/02,15,8.694505316,0.071786555,0.005025059,0.115404824,0.003462145,0.622041196,1058.232788,10.58232788,1,ok,0.381467039,0.428571429
Martial Este,2000,RGI2000-v7.0-G-17-16255,-68.4093,-54.7862,17: Southern Andes,LT05_L2SP_226098_20040317_20200903_02_T1,3,3/17/04,11,14.03092281,0.037453594,0.002621752,0.100917009,0.00302751,0.371132622,1086.732951,10.86732951,1,ok,0.380530973,0.4
Martial Este,2000,RGI2000-v7.0-G-17-16255,-68.4093,-54.7862,17: Southern Andes,LC08_L2SP_227098_20170224_20200905_02_T1,3,2/24/17,16.48,13.49931012,0.061902771,0.004333194,0.112803797,0.003384114,0.54876496,1073.439331,10.73439331,1,ok,0.447607848,0.5
Martial Este,2000,RGI2000-v7.0-G-17-16255,-68.4093,-54.7862,17: Southern Andes,LC08_L2SP_226098_20220319_20220329_02_T1,3,3/19/22,8.88,0.517409301,0.094211168,0.006594782,0.13967039,0.004190112,0.674524989,1050.61379,10.5061379,1,ok,0.322249291,0.75
Midtre Lovenbree,291,RGI2000-v7.0-C-07-00188,12.0311,78.8779,07: Svalbard and Jan Mayen,LT05_L2SP_215004_19930813_20241104_02_T1,8,8/13/93,2,0.731744313,1.037769073,0.072643835,5.07202483,0.152160745,0.204606465,469.9115226,4.699115226,1,ok,0.209622555,0.195412282
Midtre Lovenbree,291,RGI2000-v7.0-C-07-00188,12.0311,78.8779,07: Svalbard and Jan Mayen,LE07_L2SP_217003_20020711_20200916_02_T1,8,7/11/02,9,0.190786776,3.3269359,0.232885513,5.403390334,0.16210171,0.615712672,321.8964525,3.218964525,1,ok,0.37604826,0.595041322
Midtre Lovenbree,291,RGI2000-v7.0-C-07-00188,12.0311,78.8779,07: Svalbard and Jan Mayen,LE07_L2SP_220003_20000726_20201008_02_T1,8,7/26/00,1,0.029210522,3.540470343,0.247832924,5.269526294,0.158085789,0.671876397,297.8957835,2.978957835,1,ok,0.320613575,0.666143791
Midtre Lovenbree,291,RGI2000-v7.0-C-07-00188,12.0311,78.8779,07: Svalbard and Jan Mayen,LC08_L2SP_215004_20150709_20200909_02_T1,8,7/9/15,6.42,2.898477735,3.86020263,0.270214184,4.96956074,0.149086822,0.776769383,265.9947824,2.659947824,1,ok,0.2197521,0.167664671
Midtre Lovenbree,291,RGI2000-v7.0-C-07-00188,12.0311,78.8779,07: Svalbard and Jan Mayen,LC08_L2SP_215004_20240802_20240808_02_T1,8,8/2/24,13.56,2.178465032,2.130680365,0.149147626,3.895553977,0.116866619,0.546951827,350.058632,3.50058632,1,ok,0.441524717,0.754901961
Midtre Lovenbree,291,RGI2000-v7.0-C-07-00188,12.0311,78.8779,07: Svalbard and Jan Mayen,LC08_L2SP_217004_20160709_20200906_02_T1,8,7/9/16,2.07,2.887279381,2.680598326,0.187641883,4.866791109,0.146003733,0.550793791,357.9081179,3.579081179,1,ok,0.44531036,0.954545455
Midtre Lovenbree,291,RGI2000-v7.0-C-07-00188,12.0311,78.8779,07: Svalbard and Jan Mayen,LC08_L2SP_217004_20190803_20200827_02_T1,8,8/3/19,14.65,7.501119835,2.432332187,0.170263253,4.453490043,0.133604701,0.546163158,354.02441,3.5402441,1,ok,0.448989386,0.882352941
Midtre Lovenbree,291,RGI2000-v7.0-C-07-00188,12.0311,78.8779,07: Svalbard and Jan Mayen,LC08_L2SP_219003_20220708_20220721_02_T1,8,7/8/22,7.85,2.211289837,3.62892943,0.25402506,4.594967371,0.137849021,0.789761741,274.0994383,2.740994383,1,ok,0.203033051,0.494845361
Midtre Lovenbree,291,RGI2000-v7.0-C-07-00188,12.0311,78.8779,07: Svalbard and Jan Mayen,LC08_L2SP_220003_20170802_20200903_02_T1,8,8/2/17,4.96,1.038010414,3.750634294,0.262544401,4.70157914,0.141047374,0.797739266,262.008011,2.62008011,1,ok,0.194662136,0.918604651
Midtre Lovenbree,291,RGI2000-v7.0-C-07-00188,12.0311,78.8779,07: Svalbard and Jan Mayen,LC08_L2SP_221003_20140716_20200911_02_T1,8,7/16/14,12.15,0.029506775,4.234024439,0.296381711,5.163534729,0.154906042,0.819985661,234.0911346,2.340911346,1,ok,0.172770947,0.105919003
Midtre Lovenbree,291,RGI2000-v7.0-C-07-00188,12.0311,78.8779,07: Svalbard and Jan Mayen,LE07_L2SP_218003_19990710_20200918_02_T1,8,7/10/99,5,1.585248509,2.670527287,0.18693691,5.479737835,0.164392135,0.487345812,370.031995,3.70031995,1,ok,0.499862919,0.941605839
Midtre Lovenbree,291,RGI2000-v7.0-C-07-00188,12.0311,78.8779,07: Svalbard and Jan Mayen,LT05_L2SP_216004_19880721_20241111_02_T1,8,7/21/88,2,0.872049619,3.777015551,0.264391089,5.459691298,0.163790739,0.691800203,290.1451375,2.901451375,1,ok,0.300405202,0.406332607
Midtre Lovenbree,291,RGI2000-v7.0-C-07-00188,12.0311,78.8779,07: Svalbard and Jan Mayen,LT05_L2SP_217003_19890731_20200916_02_T1,8,7/31/89,5,1.989396521,3.643152031,0.255020642,5.269582274,0.158087468,0.691354996,286.1706997,2.861706997,1,ok,0.299633921,0.421232493
Midtre Lovenbree,291,RGI2000-v7.0-C-07-00188,12.0311,78.8779,07: Svalbard and Jan Mayen,LT05_L2SP_217004_19870710_20201014_02_T1,8,7/10/87,5,0.316694198,4.626539527,0.323857767,5.56312335,0.166893701,0.831644247,209.9231193,2.099231193,1,ok,0.161431652,0.267153659
Midtre Lovenbree,291,RGI2000-v7.0-C-07-00188,12.0311,78.8779,07: Svalbard and Jan Mayen,LT05_L2SP_218003_19960725_20241031_02_T1,8,7/25/96,4,0.713021138,4.188059575,0.29316417,5.41997189,0.162599157,0.772708726,246.2188369,2.462188369,1,ok,0.219204854,0.434277415
Midtre Lovenbree,291,RGI2000-v7.0-C-07-00188,12.0311,78.8779,07: Svalbard and Jan Mayen,LT05_L2SP_219003_19980706_20250425_02_T1,8,7/6/98,6,1.739477695,4.541545344,0.317908174,5.221582266,0.156647468,0.869764204,217.9239625,2.179239625,1,ok,0.12583335,0.170270775
Mittivakkat,1629,RGI2000-v7.0-C-05-12200,-37.8032,65.6957,05: Greenland Periphery,LC09_L2SP_233014_20230806_20230808_02_T1,8,8/6/23,0.02,0.32252533,15.08083109,1.055658176,26.9645598,0.808936794,0.559283415,662.0557907,6.620557907,1,ok,0.438487916,0.473230576
Mittivakkat,1629,RGI2000-v7.0-C-05-12200,-37.8032,65.6957,05: Greenland Periphery,LC08_L2SP_231014_20180818_20200831_02_T1,8,8/18/18,8.52,14.08712714,17.59703292,1.231792305,27.51727084,0.825518125,0.639490487,613.9719864,6.139719864,1,ok,0.357399781,0.390334572
Mittivakkat,1629,RGI2000-v7.0-C-05-12200,-37.8032,65.6957,05: Greenland Periphery,LC08_L2SP_232014_20160803_20200906_02_T1,8,8/3/16,0.33,0.484913421,11.70147008,0.819102906,26.24626204,0.787387861,0.445833775,697.9706512,6.979706512,1,ok,0.44786129,0.975238633
Mittivakkat,1629,RGI2000-v7.0-C-05-12200,-37.8032,65.6957,05: Greenland Periphery,LC08_L2SP_232014_20190812_20200827_02_T1,8,8/12/19,0.04,0.145277894,12.35688817,0.864982172,24.89410624,0.746823187,0.496378061,694.0027272,6.940027272,1,ok,0.498867565,0.869109948
Mittivakkat,1629,RGI2000-v7.0-C-05-12200,-37.8032,65.6957,05: Greenland Periphery,LC08_L2SP_232014_20210801_20210810_02_T1,8,8/1/21,0.09,0.276266159,17.05574054,1.193901838,26.54724809,0.796417443,0.642467365,638.0352565,6.380352565,1,ok,0.355618892,0.307291072
Mittivakkat,1629,RGI2000-v7.0-C-05-12200,-37.8032,65.6957,05: Greenland Periphery,LC08_L2SP_233014_20130903_20200912_02_T1,8,9/3/13,0.15,0.023710367,18.86238582,1.320367007,28.97257611,0.869177283,0.651042757,597.9658001,5.979658001,1,ok,0.343822898,0.556503198
Mittivakkat,1629,RGI2000-v7.0-C-05-12200,-37.8032,65.6957,05: Greenland Periphery,LC08_L2SP_233014_20150808_20200908_02_T1,8,8/8/15,0.1,0.00476321,25.21612754,1.765128928,31.80801697,0.954240509,0.792760126,494.0028107,4.940028107,1,ok,0.202205741,0.145915033
Mittivakkat,1629,RGI2000-v7.0-C-05-12200,-37.8032,65.6957,05: Greenland Periphery,LC08_L2SP_233014_20170813_20200903_02_T1,8,8/13/17,0.18,0,16.32919661,1.143043763,28.57724336,0.857317301,0.57140559,646.0178362,6.460178362,1,ok,0.425578507,0.506060606
Mittivakkat,1629,RGI2000-v7.0-C-05-12200,-37.8032,65.6957,05: Greenland Periphery,LC08_L2SP_233014_20200821_20200905_02_T1,8,8/21/20,0,0.050013701,13.50107601,0.945075321,26.50910011,0.795273003,0.509299673,678.006442,6.78006442,1,ok,0.488347891,0.850711265
Mittivakkat,1629,RGI2000-v7.0-C-05-12200,-37.8032,65.6957,05: Greenland Periphery,LC09_L2SP_233014_20220803_20230404_02_T1,8,8/3/22,0.01,0.00476321,15.64353569,1.095047498,27.808174,0.83424522,0.562551705,650.0038734,6.500038734,1,ok,0.435398747,0.5
Mittivakkat,1629,RGI2000-v7.0-C-05-12200,-37.8032,65.6957,05: Greenland Periphery,LC09_L2SP_233014_20240824_20240825_02_T1,8,8/24/24,0.4,0.00476321,6.430815252,0.450157068,22.89488795,0.686846638,0.28088433,770.0445593,7.700445593,1,ok,0.283133619,0.398268398
Mittivakkat,1629,RGI2000-v7.0-C-05-12200,-37.8032,65.6957,05: Greenland Periphery,LE07_L2SP_232014_19990829_20200918_02_T1,8,8/29/99,15,5.593922742,12.15427668,0.850799367,29.67500782,0.890250235,0.409579561,705.9983799,7.059983799,1,ok,0.413080556,0.661052612
Mittivakkat,1629,RGI2000-v7.0-C-05-12200,-37.8032,65.6957,05: Greenland Periphery,LE07_L2SP_232014_20000815_20200918_02_T1,8,8/15/00,9,0.100615799,19.36449934,1.355514954,31.51721165,0.94551635,0.614410296,618.0309461,6.180309461,1,ok,0.382601756,0.424825175
Mittivakkat,1629,RGI2000-v7.0-C-05-12200,-37.8032,65.6957,05: Greenland Periphery,LE07_L2SP_232014_20010802_20200917_02_T1,8,8/2/01,0,0,23.5564717,1.648953019,33.62092609,1.008627783,0.700649103,554.0838935,5.540838935,1,ok,0.296578982,0.314241095
Mittivakkat,1629,RGI2000-v7.0-C-05-12200,-37.8032,65.6957,05: Greenland Periphery,LE07_L2SP_232014_20020805_20200916_02_T1,8,8/5/02,8,0.002381605,19.53164031,1.367214822,32.61255954,0.978376786,0.598899338,618.0372485,6.180372485,1,ok,0.398119027,0.445482581
Mittivakkat,1629,RGI2000-v7.0-C-05-12200,-37.8032,65.6957,05: Greenland Periphery,LT05_L2SP_231014_19880831_20200917_02_T1,8,8/31/88,6,2.68615137,20.3645521,1.425518647,33.39801052,1.001940316,0.609753449,606.0201661,6.060201661,1,ok,0.384949142,0.447331155
Mittivakkat,1629,RGI2000-v7.0-C-05-12200,-37.8032,65.6957,05: Greenland Periphery,LT05_L2SP_231014_19900922_20200915_02_T1,8,9/22/90,3,0.035182374,26.29562787,1.840693951,35.17515231,1.055254569,0.747562587,509.9281359,5.099281359,1,ok,0.246876932,0.569282021
Mittivakkat,1629,RGI2000-v7.0-C-05-12200,-37.8032,65.6957,05: Greenland Periphery,LT05_L2SP_231014_19930813_20200913_02_T1,8,8/13/93,3,2.41389191,25.10112918,1.757079042,34.48792654,1.034637796,0.727823667,525.9036325,5.259036325,1,ok,0.269347789,0.273625386
Mittivakkat,1629,RGI2000-v7.0-C-05-12200,-37.8032,65.6957,05: Greenland Periphery,LT05_L2SP_231014_19980710_20200909_02_T1,8,7/10/98,4,0.036704733,25.81868175,1.807307723,34.9971266,1.049913798,0.737737188,513.9069596,5.139069596,1,ok,0.258200745,0.289943239
Mittivakkat,1629,RGI2000-v7.0-C-05-12200,-37.8032,65.6957,05: Greenland Periphery,LT05_L2SP_232014_19850830_20200918_02_T1,8,8/30/85,0,0.045838888,23.85648465,1.669953925,33.90352845,1.017105853,0.703657871,542.0674268,5.420674268,1,ok,0.291324036,0.344461986
Mittivakkat,1629,RGI2000-v7.0-C-05-12200,-37.8032,65.6957,05: Greenland Periphery,LT05_L2SP_232014_19860817_20200918_02_T1,8,8/17/86,1,0,25.5359048,1.787513336,34.3388446,1.030165338,0.743644846,521.9193316,5.219193316,1,ok,0.252490593,0.339310525
Mittivakkat,1629,RGI2000-v7.0-C-05-12200,-37.8032,65.6957,05: Greenland Periphery,LT05_L2SP_232014_19890809_20200916_02_T1,8,8/9/89,14,58.2528024,20.2021088,1.414147616,33.89390018,1.016817005,0.596039662,613.9439224,6.139439224,1,ok,0.397164753,0.855353889
Mittivakkat,1629,RGI2000-v7.0-C-05-12200,-37.8032,65.6957,05: Greenland Periphery,LT05_L2SP_232014_19920801_20200914_02_T1,8,8/1/92,0,0,27.99045681,1.959331977,35.88455637,1.076536691,0.780014013,485.991637,4.85991637,1,ok,0.214443077,0.310838987
Mittivakkat,1629,RGI2000-v7.0-C-05-12200,-37.8032,65.6957,05: Greenland Periphery,LT05_L2SP_232014_19950826_20200912_02_T1,8,8/26/95,2,0.027374446,14.86635728,1.04064501,29.26964794,0.878089438,0.507910355,662.0374293,6.620374293,1,ok,0.488644848,0.786516854
Mittivakkat,1629,RGI2000-v7.0-C-05-12200,-37.8032,65.6957,05: Greenland Periphery,LT05_L2SP_232014_19970831_20250425_02_T1,8,8/31/97,1,0.38359715,12.89685483,0.902779838,31.52905743,0.945871723,0.409046634,702.0148296,7.020148296,1,ok,0.414034907,0.686909431
Mittivakkat,1629,RGI2000-v7.0-C-05-12200,-37.8032,65.6957,05: Greenland Periphery,LT05_L2SP_233014_19870811_20201014_02_T1,8,8/11/87,2,7.299516039,23.96727091,1.677708964,35.21930711,1.056579213,0.680515117,566.0021958,5.660021958,1,ok,0.315126374,0.378431373
Mittivakkat,1629,RGI2000-v7.0-C-05-12200,-37.8032,65.6957,05: Greenland Periphery,LT05_L2SP_233014_19910822_20200915_02_T1,8,8/22/91,0,0.069406766,25.22963517,1.766074462,33.90986879,1.017296064,0.74402043,521.9230304,5.219230304,1,ok,0.25311399,0.218500402
Mittivakkat,1629,RGI2000-v7.0-C-05-12200,-37.8032,65.6957,05: Greenland Periphery,LT05_L2SP_233014_19960819_20200911_02_T1,8,8/19/96,1,18.22377858,17.8454821,1.249183747,30.14481954,0.904344586,0.591991671,618.0380881,6.180380881,1,ok,0.40162358,0.865757157
Nigardsbreen,290,RGI2000-v7.0-G-08-01989,7.099,61.715,08: Scandinavia,LC08_L2SP_200017_20140915_20200911_02_T1,8,9/15/14,11.88,4.098221849,31.60595915,2.212417141,40.78210031,1.223463009,0.774995866,1500.036582,15.00036582,1,ok,0.22401766,0.159871495
Nigardsbreen,290,RGI2000-v7.0-G-08-01989,7.099,61.715,08: Scandinavia,LC08_L2SP_200017_20170822_20200903_02_T1,8,8/22/17,4.6,2.007563184,35.92860013,2.515002009,41.31516943,1.239455083,0.869622481,1387.978778,13.87978778,0,secondary_peak_too_small,0.130038803,0.035634474
Nigardsbreen,290,RGI2000-v7.0-G-08-01989,7.099,61.715,08: Scandinavia,LC08_L2SP_201017_20150909_20200908_02_T1,8,9/9/15,5.69,2.294074772,36.77135925,2.573995147,41.43720116,1.243116035,0.887399685,1339.954772,13.39954772,0,secondary_peak_too_small,0.112190872,0.061800613
Nigardsbreen,290,RGI2000-v7.0-G-08-01989,7.099,61.715,08: Scandinavia,LC08_L2SP_201017_20200704_20200913_02_T1,8,7/4/20,6.68,1.347055487,38.67412721,2.707188905,41.74917973,1.252475392,0.9263446,1211.764958,12.11764958,0,secondary_peak_too_small,0.073476201,0.027035558
Nigardsbreen,290,RGI2000-v7.0-G-08-01989,7.099,61.715,08: Scandinavia,LC08_L2SP_201017_20210723_20210729_02_T1,8,7/23/21,4.61,3.946076426,36.17875192,2.532512635,40.99971926,1.229991578,0.882414626,1372.020026,13.72020026,0,secondary_peak_too_small,0.11685525,0.032616733
Nigardsbreen,290,RGI2000-v7.0-G-08-01989,7.099,61.715,08: Scandinavia,LC08_L2SP_201017_20240901_20240906_02_T1,8,9/1/24,2.75,4.336627419,26.93690685,1.88558348,40.22064613,1.206619384,0.669728347,1579.686382,15.79686382,1,ok,0.328961807,0.17289197
Nigardsbreen,290,RGI2000-v7.0-G-08-01989,7.099,61.715,08: Scandinavia,LC09_L2SP_201017_20220920_20230328_02_T1,8,9/20/22,3.56,2.356368632,35.80045721,2.506032004,40.52450879,1.215735264,0.883427296,1388.017354,13.88017354,0,secondary_peak_too_small,0.11542772,0.064158769
Nigardsbreen,290,RGI2000-v7.0-G-08-01989,7.099,61.715,08: Scandinavia,LE07_L2SP_201017_20000721_20200918_02_T1,8,7/21/00,7,0.818714611,38.67488499,2.707241949,42.42563838,1.272769151,0.911592293,1220.247852,12.20247852,0,secondary_peak_too_small,0.087732329,0.029605043
Nigardsbreen,290,RGI2000-v7.0-G-08-01989,7.099,61.715,08: Scandinavia,LT05_L2SP_200017_19890724_20200916_02_T1,8,7/24/89,10,1.130297296,38.55163473,2.698614431,42.10898048,1.263269414,0.915520497,1235.932428,12.35932428,0,secondary_peak_too_small,0.084056255,0.028029153
Nigardsbreen,290,RGI2000-v7.0-G-08-01989,7.099,61.715,08: Scandinavia,LT05_L2SP_200017_19900727_20200915_02_T1,8,7/27/90,12,1.28149198,38.52459019,2.696721313,42.10939186,1.263281756,0.914869308,1235.932428,12.35932428,0,secondary_peak_too_small,0.084852546,0.021521776
Nigardsbreen,290,RGI2000-v7.0-G-08-01989,7.099,61.715,08: Scandinavia,LT05_L2SP_200017_19950709_20200912_02_T1,8,7/9/95,15,0.142078655,37.95742923,2.657020046,42.38298288,1.271489486,0.895581827,1292.225731,12.92225731,0,secondary_peak_too_small,0.102886407,0.02189274
Nigardsbreen,290,RGI2000-v7.0-G-08-01989,7.099,61.715,08: Scandinavia,LT05_L2SP_200017_19970815_20200910_02_T1,8,8/15/97,5,1.327745563,34.87520135,2.441264095,42.1422101,1.264266303,0.827559857,1428.367215,14.28367215,0,secondary_peak_too_small,0.171576687,0.046526269
Nigardsbreen,290,RGI2000-v7.0-G-08-01989,7.099,61.715,08: Scandinavia,LT05_L2SP_200017_19980903_20200908_02_T1,8,9/3/98,5,0.768037789,35.40005875,2.478004112,42.13884481,1.264165344,0.840081377,1412.118478,14.12118478,0,secondary_peak_too_small,0.15928641,0.084572508
Nigardsbreen,290,RGI2000-v7.0-G-08-01989,7.099,61.715,08: Scandinavia,LT05_L2SP_200017_20030901_20200904_02_T1,8,9/1/03,15,1.212916444,32.87261515,2.301083061,41.94494013,1.258348204,0.783708716,1467.804431,14.67804431,1,ok,0.214166065,0.111046048
Nigardsbreen,290,RGI2000-v7.0-G-08-01989,7.099,61.715,08: Scandinavia,LT05_L2SP_200017_20080728_20200829_02_T1,8,7/28/08,7,2.049225901,37.51913044,2.626339131,42.11965483,1.263589645,0.890774879,1316.005428,13.16005428,0,secondary_peak_too_small,0.108928133,0.030611276
Nigardsbreen,290,RGI2000-v7.0-G-08-01989,7.099,61.715,08: Scandinavia,LT05_L2SP_201017_19910705_20200915_02_T1,8,7/5/91,6,1.302148441,38.96380583,2.727466408,42.12326167,1.26369785,0.924994986,1171.983346,11.71983346,0,secondary_peak_too_small,0.074275418,0.021583945
Nigardsbreen,290,RGI2000-v7.0-G-08-01989,7.099,61.715,08: Scandinavia,LT05_L2SP_201017_19920707_20200914_02_T1,8,7/7/92,6,1.243448457,38.49296997,2.694507898,42.1448761,1.264346283,0.913348752,1244.456857,12.44456857,0,secondary_peak_too_small,0.08569535,0.022850079
Nigardsbreen,290,RGI2000-v7.0-G-08-01989,7.099,61.715,08: Scandinavia,LT05_L2SP_201017_19930827_20200913_02_T1,8,8/27/93,5,0.592973217,36.33374054,2.543361837,42.07976059,1.262392818,0.863449317,1372.013843,13.72013843,0,secondary_peak_too_small,0.135817579,0.065151573
Nigardsbreen,290,RGI2000-v7.0-G-08-01989,7.099,61.715,08: Scandinavia,LT05_L2SP_201017_19940729_20200913_02_T1,8,7/29/94,12,1.151550245,37.62629304,2.633840513,42.20496385,1.266148915,0.891513453,1308.301225,13.08301225,0,secondary_peak_too_small,0.107880649,0.033145296
Nigardsbreen,290,RGI2000-v7.0-G-08-01989,7.099,61.715,08: Scandinavia,LT05_L2SP_201017_19960920_20200911_02_T1,8,9/20/96,3,0.990974529,33.05584239,2.313908967,41.92806489,1.257841947,0.788394181,1467.808888,14.67808888,1,ok,0.210720745,0.111062073
Nigardsbreen,290,RGI2000-v7.0-G-08-01989,7.099,61.715,08: Scandinavia,LT05_L2SP_201017_19990727_20200907_02_T1,8,7/27/99,13,0.851748737,37.79333425,2.645533398,42.39053628,1.271716088,0.891551218,1308.304827,13.08304827,0,secondary_peak_too_small,0.106924761,0.026832697
Nigardsbreen,290,RGI2000-v7.0-G-08-01989,7.099,61.715,08: Scandinavia,LT05_L2SP_201017_20100927_20200823_02_T1,8,9/27/10,3,1.456882056,33.75841009,2.363088706,41.40247205,1.242074162,0.815371847,1452.132406,14.52132406,0,secondary_peak_too_small,0.18277816,0.094672094
Peyto,57,RGI2000-v7.0-G-02-13190,-116.56,51.6585,02: Western Canada and USA,LC08_L2SP_044024_20211031_20211109_02_T1,9,10/31/21,0.23,0.846900063,4.445652074,0.311195645,8.643444795,0.259303344,0.514337996,2629.831622,26.29831622,1,ok,0.481419829,0.977364475
Peyto,57,RGI2000-v7.0-G-02-13190,-116.56,51.6585,02: Western Canada and USA,LC08_L2SP_043024_20220925_20221004_02_T1,9,9/25/22,5.37,14.36149879,4.2222973,0.295560811,8.131979072,0.243959372,0.519221368,2673.982901,26.73982901,1,ok,0.474870929,0.955702995
Peyto,57,RGI2000-v7.0-G-02-13190,-116.56,51.6585,02: Western Canada and USA,LT05_L2SP_044024_19931002_20200913_02_T1,9,10/2/93,2,1.221097044,5.552609425,0.38868266,9.803608728,0.294108262,0.566384235,2601.891381,26.01891381,1,ok,0.428877705,0.875808679
Peyto,57,RGI2000-v7.0-G-02-13190,-116.56,51.6585,02: Western Canada and USA,LT05_L2SP_044024_20050917_20200901_02_T1,9,9/17/05,10,0.519531674,8.814339217,0.617003745,10.11714441,0.303514332,0.871227973,2406.031763,24.06031763,1,ok,0.125419985,0.153395448
Peyto,57,RGI2000-v7.0-G-02-13190,-116.56,51.6585,02: Western Canada and USA,LT05_L2SP_044024_20040813_20200903_02_T1,9,8/13/04,5,5.234440204,5.422166449,0.379551651,8.948804442,0.268464133,0.605909592,2617.953003,26.17953003,1,ok,0.392113081,0.839250693
Peyto,57,RGI2000-v7.0-G-02-13190,-116.56,51.6585,02: Western Canada and USA,LT05_L2SP_044024_19850910_20200918_02_T1,9,9/10/85,13,0.002922636,9.763164651,0.683421526,10.39781277,0.311934383,0.938963306,2198.049542,21.98049542,0,secondary_peak_too_small,0.060134721,0.066246635
Peyto,57,RGI2000-v7.0-G-02-13190,-116.56,51.6585,02: Western Canada and USA,LT05_L2SP_044024_19880902_20200917_02_T1,9,9/2/88,1,2.148701702,3.962295573,0.27736069,8.75630905,0.262689272,0.452507506,2690.095793,26.90095793,1,ok,0.454305316,0.727878211
Peyto,57,RGI2000-v7.0-G-02-13190,-116.56,51.6585,02: Western Canada and USA,LT05_L2SP_044024_19900807_20200915_02_T1,9,8/7/90,6,2.457305443,7.043990082,0.493079306,9.890540589,0.296716218,0.712194649,2518.127964,25.18127964,1,ok,0.287844911,0.500156613
Peyto,57,RGI2000-v7.0-G-02-13190,-116.56,51.6585,02: Western Canada and USA,LT05_L2SP_043024_19891016_20200916_02_T1,9,10/16/89,12,0.208702745,8.051271283,0.56358899,9.991971513,0.299759145,0.805774043,2441.96546,24.4196546,1,ok,0.190669765,0.411825479
Peyto,57,RGI2000-v7.0-G-02-13190,-116.56,51.6585,02: Western Canada and USA,LT05_L2SP_043024_19860906_20200917_02_T1,9,9/6/86,3,1.290376791,4.009269257,0.280648848,10.29791134,0.30893734,0.389328391,2693.671195,26.93671195,1,ok,0.402210785,0.728517615
Peyto,57,RGI2000-v7.0-G-02-13190,-116.56,51.6585,02: Western Canada and USA,LT05_L2SP_043024_19870925_20201014_02_T1,9,9/25/87,2,3.265281315,3.802487633,0.266174134,9.480886547,0.284426596,0.401068783,2693.659193,26.93659193,1,ok,0.40273089,0.538058183
Peyto,57,RGI2000-v7.0-G-02-13190,-116.56,51.6585,02: Western Canada and USA,LC08_L2SP_043024_20150922_20200908_02_T1,9,9/22/15,8.56,4.936929194,7.923713001,0.55465991,9.470492617,0.284114779,0.836673795,2461.970194,24.61970194,1,ok,0.159038597,0.255227672
Peyto,57,RGI2000-v7.0-G-02-13190,-116.56,51.6585,02: Western Canada and USA,LC08_L2SP_043024_20170927_20200903_02_T1,9,9/27/17,4,6.50837717,6.674859428,0.46724016,9.183636138,0.275509084,0.726820981,2526.107885,25.26107885,1,ok,0.265801618,0.486589684
Peyto,57,RGI2000-v7.0-G-02-13190,-116.56,51.6585,02: Western Canada and USA,LC08_L2SP_044024_20160915_20200906_02_T1,9,9/15/16,5.35,11.85012459,7.389096268,0.517236739,8.826150772,0.264784523,0.837182194,2470.037544,24.70037544,1,ok,0.157286162,0.235668589
Peyto,57,RGI2000-v7.0-G-02-13190,-116.56,51.6585,02: Western Canada and USA,LC08_L2SP_044024_20180905_20200831_02_T1,9,9/5/18,3.49,8.776143058,7.818277347,0.547279414,9.198870421,0.275966113,0.849917108,2465.943534,24.65943534,1,ok,0.147226957,0.162170006
Peyto,57,RGI2000-v7.0-G-02-13190,-116.56,51.6585,02: Western Canada and USA,LC08_L2SP_044024_20191010_20200825_02_T1,9,10/10/19,2.98,0,7.021653049,0.491515713,9.720278162,0.291608345,0.722371617,2497.953123,24.97953123,1,ok,0.271616933,0.577327589
Peyto,57,RGI2000-v7.0-G-02-13190,-116.56,51.6585,02: Western Canada and USA,LC08_L2SP_044024_20200910_20200919_02_T1,9,9/10/20,3.36,9.995147761,4.643858181,0.325070073,7.673587985,0.23020764,0.605174293,2654.140417,26.54140417,1,ok,0.394716564,0.801526718
Peyto,57,RGI2000-v7.0-G-02-13190,-116.56,51.6585,02: Western Canada and USA,LE07_L2SP_043024_19990918_20200918_02_T1,9,9/18/99,10,2.603038677,0.556882759,0.038981793,9.956626466,0.298698794,0.055930868,2914.386856,29.14386856,0,secondary_peak_too_small,0.055706993,0.08310992
Peyto,57,RGI2000-v7.0-G-02-13190,-116.56,51.6585,02: Western Canada and USA,LE07_L2SP_043024_20021012_20200916_02_T1,9,10/12/02,1,12.10834608,7.934644346,0.555425104,9.967452732,0.299023582,0.796055377,2449.975638,24.49975638,1,ok,0.200291225,0.348709268
Peyto,57,RGI2000-v7.0-G-02-13190,-116.56,51.6585,02: Western Canada and USA,LE07_L2SP_044024_20000927_20200918_02_T1,9,9/27/00,4,2.531400896,6.946242818,0.486236997,9.95991534,0.29879746,0.697419866,2526.178931,25.26178931,1,ok,0.299448404,0.504767061
Peyto,57,RGI2000-v7.0-G-02-13190,-116.56,51.6585,02: Western Canada and USA,LT05_L2SP_043024_19970920_20200910_02_T1,9,9/20/97,8,0.090933819,9.540420991,0.667829469,10.31860131,0.309558039,0.924584709,2254.060323,22.54060323,0,secondary_peak_too_small,0.073511325,0.092592593
Peyto,57,RGI2000-v7.0-G-02-13190,-116.56,51.6585,02: Western Canada and USA,LT05_L2SP_043024_20010915_20200906_02_T1,9,9/15/01,0,3.924933435,5.529954914,0.387096844,9.736096611,0.292082898,0.567984803,2606.141435,26.06141435,1,ok,0.429752654,0.647937255
Peyto,57,RGI2000-v7.0-G-02-13190,-116.56,51.6585,02: Western Canada and USA,LT05_L2SP_043024_20030921_20200904_02_T1,9,9/21/03,11,0.399902889,9.136047533,0.639523327,10.11591178,0.303477353,0.903136339,2346.264124,23.46264124,0,secondary_peak_too_small,0.093593366,0.087700862
Peyto,57,RGI2000-v7.0-G-02-13190,-116.56,51.6585,02: Western Canada and USA,LT05_L2SP_043024_20070916_20200830_02_T1,9,9/16/07,1,7.216385623,5.363181321,0.375422692,9.569925419,0.287097763,0.560420388,2621.899565,26.21899565,1,ok,0.436959314,0.772727273
Peyto,57,RGI2000-v7.0-G-02-13190,-116.56,51.6585,02: Western Canada and USA,LT05_L2SP_043024_20080817_20200829_02_T1,9,8/17/08,2,9.674687419,5.813956991,0.406976989,9.024749343,0.27074248,0.644223653,2593.944388,25.93944388,1,ok,0.354278952,0.73480663
Peyto,57,RGI2000-v7.0-G-02-13190,-116.56,51.6585,02: Western Canada and USA,LT05_L2SP_043024_20110826_20200820_02_T1,9,8/26/11,8,7.980256269,6.02939506,0.422057654,9.38627683,0.281588305,0.642362799,2582.057365,25.82057365,1,ok,0.356810155,0.735135135
Peyto,57,RGI2000-v7.0-G-02-13190,-116.56,51.6585,02: Western Canada and USA,LT05_L2SP_044024_19910927_20200915_02_T1,9,9/27/91,4,1.628406157,4.957202093,0.347004147,9.925239488,0.297757185,0.499454154,2645.889501,26.45889501,1,ok,0.499488854,0.690537084
Peyto,57,RGI2000-v7.0-G-02-13190,-116.56,51.6585,02: Western Canada and USA,LT05_L2SP_044024_19920929_20200914_02_T1,9,9/29/92,4,0.112222561,8.070536979,0.564937589,10.21343467,0.30640304,0.790188339,2457.79593,24.5779593,1,ok,0.202982737,0.421562889
Peyto,57,RGI2000-v7.0-G-02-13190,-116.56,51.6585,02: Western Canada and USA,LT05_L2SP_044024_19960823_20200911_02_T1,9,8/23/96,4,2.362984024,7.603582774,0.532250794,9.964649723,0.298939492,0.7630557,2485.954833,24.85954833,1,ok,0.234731988,0.474242167
Peyto,57,RGI2000-v7.0-G-02-13190,-116.56,51.6585,02: Western Canada and USA,LT05_L2SP_044024_20090912_20200825_02_T1,9,9/12/09,2,5.273430819,6.767433136,0.47372032,9.643974548,0.289319236,0.701726565,2533.824252,25.33824252,1,ok,0.296861213,0.504094888
Peyto,57,RGI2000-v7.0-G-02-13190,-116.56,51.6585,02: Western Canada and USA,LT05_L2SP_044024_20101017_20200823_02_T1,9,10/17/10,5,2.193936129,8.007147164,0.560500301,9.750006754,0.292500203,0.821245294,2433.875793,24.33875793,1,ok,0.175202804,0.373722707
Place,41,RGI2000-v7.0-G-02-07366,-122.605,50.4195,02: Western Canada and USA,LC09_L2SP_047025_20230916_20230918_02_T1,9,9/16/23,4.29,33.89153131,1.07457374,0.075220162,2.122106694,0.063663201,0.506371213,2045.935628,20.45935628,1,ok,0.490006059,0.875
Place,41,RGI2000-v7.0-G-02-07366,-122.605,50.4195,02: Western Canada and USA,LT05_L2SP_047025_20040802_20200903_02_T1,9,8/2/04,4,9.66488691,1.066857128,0.074679999,3.071592339,0.09214777,0.347330313,2134.198703,21.34198703,1,ok,0.348577639,0.443666503
Place,41,RGI2000-v7.0-G-02-07366,-122.605,50.4195,02: Western Canada and USA,LT05_L2SP_048025_19950902_20200912_02_T1,9,9/2/95,6,5.763568813,1.206268949,0.084438826,3.22442288,0.096732686,0.37410383,2094.237209,20.94237209,1,ok,0.373833835,0.595516114
Place,41,RGI2000-v7.0-G-02-07366,-122.605,50.4195,02: Western Canada and USA,LT05_L2SP_047025_20050906_20200901_02_T1,9,9/6/05,2,10.06505094,2.198533706,0.153897359,3.052907285,0.091587219,0.720144276,1986.005599,19.86005599,1,ok,0.277697131,0.268316996
Place,41,RGI2000-v7.0-G-02-07366,-122.605,50.4195,02: Western Canada and USA,LC08_L2SP_047025_20210902_20210910_02_T1,9,9/2/21,3.94,24.57086933,0.788889706,0.055222279,2.377551216,0.071326536,0.33180766,2206.039684,22.06039684,1,ok,0.333376941,0.452380952
Place,41,RGI2000-v7.0-G-02-07366,-122.605,50.4195,02: Western Canada and USA,LT05_L2SP_047025_19930905_20200913_02_T1,9,9/5/93,4,6.055331651,0.984869688,0.068940878,3.180996489,0.095429895,0.309610429,2149.432183,21.49432183,1,ok,0.318870932,0.684839533
Place,41,RGI2000-v7.0-G-02-07366,-122.605,50.4195,02: Western Canada and USA,LT05_L2SP_047025_19850814_20200918_02_T1,9,8/14/85,3,3.70762766,1.020689063,0.071448234,3.277319741,0.098319592,0.311440184,2157.699922,21.57699922,1,ok,0.313654675,0.540087146
Place,41,RGI2000-v7.0-G-02-07366,-122.605,50.4195,02: Western Canada and USA,LC08_L2SP_047025_20220921_20220929_02_T1,9,9/21/22,2.19,26.38341912,0.763501342,0.053445094,2.367328907,0.071019867,0.322515954,2214.015181,22.14015181,1,ok,0.322933714,0.729884448
Place,41,RGI2000-v7.0-G-02-07366,-122.605,50.4195,02: Western Canada and USA,LT05_L2SP_047025_19940924_20200912_02_T1,9,9/24/94,3,8.373685508,0.714666057,0.050026624,3.100164004,0.09300492,0.230525242,2249.818007,22.49818007,1,ok,0.233884971,0.314715045
Place,41,RGI2000-v7.0-G-02-07366,-122.605,50.4195,02: Western Canada and USA,LT05_L2SP_047025_19910815_20200915_02_T1,9,8/15/91,4,3.408194926,2.520748903,0.176452423,3.295627095,0.098868813,0.76487686,1958.025506,19.58025506,1,ok,0.234625671,0.232405799
Place,41,RGI2000-v7.0-G-02-07366,-122.605,50.4195,02: Western Canada and USA,LT05_L2SP_047025_19920902_20200914_02_T1,9,9/2/92,9,5.352462395,0.693034592,0.048512421,3.167165483,0.095014964,0.21881856,2261.870307,22.61870307,1,ok,0.222608746,0.183142667
Place,41,RGI2000-v7.0-G-02-07366,-122.605,50.4195,02: Western Canada and USA,LC08_L2SP_047025_20130912_20200913_02_T1,9,9/12/13,2.56,16.88491781,0.671176069,0.046982325,2.603440169,0.078103205,0.257803531,2261.870307,22.61870307,1,ok,0.258987158,0.296875
Place,41,RGI2000-v7.0-G-02-07366,-122.605,50.4195,02: Western Canada and USA,LC08_L2SP_047025_20140915_20200911_02_T1,9,9/15/14,2.19,19.22464511,1.099910752,0.076993753,2.600863045,0.078025891,0.422902219,2082.302961,20.82302961,1,ok,0.431692316,0.734890427
Place,41,RGI2000-v7.0-G-02-07366,-122.605,50.4195,02: Western Canada and USA,LC08_L2SP_047025_20151004_20200908_02_T1,9,10/4/15,2.41,16.02507136,0.90072536,0.063050775,2.55049212,0.076514764,0.353157476,2138.097331,21.38097331,1,ok,0.352577077,0.670294118
Place,41,RGI2000-v7.0-G-02-07366,-122.605,50.4195,02: Western Canada and USA,LC08_L2SP_047025_20180809_20200831_02_T1,9,8/9/18,3.35,22.7366393,0.789037178,0.055232602,2.57916253,0.077374876,0.305927668,2238.236534,22.38236534,1,ok,0.307001527,0.363701195
Place,41,RGI2000-v7.0-G-02-07366,-122.605,50.4195,02: Western Canada and USA,LC08_L2SP_047025_20190828_20200826_02_T1,9,8/28/19,5.07,22.17571425,0.395375058,0.027676254,2.435009845,0.073050295,0.16237103,2326.40437,23.2640437,1,ok,0.164274033,0.360172626
Place,41,RGI2000-v7.0-G-02-07366,-122.605,50.4195,02: Western Canada and USA,LC08_L2SP_048025_20160927_20200906_02_T1,9,9/27/16,13.65,23.87566997,0.598184829,0.041872938,2.452063982,0.073561919,0.243951558,2258.117747,22.58117747,1,ok,0.244020884,0.3
Place,41,RGI2000-v7.0-G-02-07366,-122.605,50.4195,02: Western Canada and USA,LC08_L2SP_048025_20170914_20200903_02_T1,9,9/14/17,6.52,19.98887354,1.289277427,0.09024942,2.63997575,0.079199272,0.488367148,2054.124829,20.54124829,1,ok,0.496211472,0.852710496
Place,41,RGI2000-v7.0-G-02-07366,-122.605,50.4195,02: Western Canada and USA,LC08_L2SP_048025_20240901_20240906_02_T1,9,9/1/24,7.04,28.13225764,0.558517333,0.039096213,2.188726489,0.065661795,0.255179136,2285.892741,22.85892741,1,ok,0.261194512,0.627118644
Place,41,RGI2000-v7.0-G-02-07366,-122.605,50.4195,02: Western Canada and USA,LE07_L2SP_047025_20011005_20200917_02_T1,9,10/5/01,2,7.00333078,0.970292428,0.06792047,3.09180807,0.092754242,0.313826863,2153.834982,21.53834982,1,ok,0.315150257,0.378438543
Place,41,RGI2000-v7.0-G-02-07366,-122.605,50.4195,02: Western Canada and USA,LE07_L2SP_048025_20000923_20200918_02_T1,9,9/23/00,4,6.207604651,1.77120151,0.123984106,3.181539794,0.095446194,0.55671204,2026.043593,20.26043593,1,ok,0.442474005,0.567396651
Place,41,RGI2000-v7.0-G-02-07366,-122.605,50.4195,02: Western Canada and USA,LE07_L2SP_048025_20020913_20200916_02_T1,9,9/13/02,5,7.213690457,1.035598921,0.072491924,3.122830001,0.0936849,0.331621933,2145.072896,21.45072896,1,ok,0.330940452,0.513975917
Place,41,RGI2000-v7.0-G-02-07366,-122.605,50.4195,02: Western Canada and USA,LT05_L2SP_047025_19870905_20201014_02_T1,9,9/5/87,3,3.628065274,1.291070392,0.090374927,3.274588799,0.098237664,0.39426947,2077.889456,20.77889456,1,ok,0.395712753,0.631520403
Place,41,RGI2000-v7.0-G-02-07366,-122.605,50.4195,02: Western Canada and USA,LT05_L2SP_047025_19890910_20200916_02_T1,9,9/10/89,4,4.217113276,0.76598231,0.053618762,3.246212516,0.097386375,0.23596185,2253.90694,22.5390694,1,ok,0.237684032,0.1966558
Place,41,RGI2000-v7.0-G-02-07366,-122.605,50.4195,02: Western Canada and USA,LT05_L2SP_047025_19900913_20200915_02_T1,9,9/13/90,2,5.342542663,0.586322531,0.041042577,3.193577277,0.095807318,0.183594283,2293.890489,22.93890489,1,ok,0.184688794,0.203089001
Place,41,RGI2000-v7.0-G-02-07366,-122.605,50.4195,02: Western Canada and USA,LT05_L2SP_047025_19960812_20200911_02_T1,9,8/12/96,3,4.077623437,2.734916597,0.191444162,3.277079952,0.098312399,0.834559009,1929.988305,19.29988305,1,ok,0.164559189,0.141925737
Place,41,RGI2000-v7.0-G-02-07366,-122.605,50.4195,02: Western Canada and USA,LT05_L2SP_047025_20030901_20200904_02_T1,9,9/1/03,2,7.636148321,0.94452507,0.066116755,3.072213347,0.0921664,0.307441236,2170.151221,21.70151221,1,ok,0.307708065,0.268817204
Place,41,RGI2000-v7.0-G-02-07366,-122.605,50.4195,02: Western Canada and USA,LT05_L2SP_047025_20061011_20200831_02_T1,9,10/11/06,2,12.14952411,1.565664269,0.109596499,2.888019062,0.086640572,0.542123939,2029.940617,20.29940617,1,ok,0.456447204,0.938039216
Place,41,RGI2000-v7.0-G-02-07366,-122.605,50.4195,02: Western Canada and USA,LT05_L2SP_047025_20070912_20200830_02_T1,9,9/12/07,2,10.7729312,1.389606138,0.09727243,3.013332221,0.090399967,0.46115265,2053.996958,20.53996958,1,ok,0.462146579,0.753423831
Place,41,RGI2000-v7.0-G-02-07366,-122.605,50.4195,02: Western Canada and USA,LT05_L2SP_047025_20080914_20200829_02_T1,9,9/14/08,2,11.79814061,0.990957528,0.069367027,2.933373494,0.088001205,0.337821805,2157.619678,21.57619678,1,ok,0.337453285,0.459016393
Place,41,RGI2000-v7.0-G-02-07366,-122.605,50.4195,02: Western Canada and USA,LT05_L2SP_047025_20101006_20200823_02_T1,9,10/6/10,4,12.5356778,1.064584779,0.074520935,2.823636183,0.084709086,0.377026185,2105.885149,21.05885149,1,ok,0.3774195,0.578938177
Place,41,RGI2000-v7.0-G-02-07366,-122.605,50.4195,02: Western Canada and USA,LT05_L2SP_047025_20110907_20200820_02_T1,9,9/7/11,4,14.21569179,2.008770052,0.140613904,3.001081113,0.090032433,0.669348803,2006.10842,20.0610842,1,ok,0.329969796,0.298969072
Place,41,RGI2000-v7.0-G-02-07366,-122.605,50.4195,02: Western Canada and USA,LT05_L2SP_048025_19860925_20200917_02_T1,9,9/25/86,9,0.441683736,3.109562556,0.217669379,3.316303167,0.099489095,0.937659315,1870.425499,18.70425499,0,secondary_peak_too_small,0.063528891,0.061234291
Place,41,RGI2000-v7.0-G-02-07366,-122.605,50.4195,02: Western Canada and USA,LT05_L2SP_048025_19880914_20200917_02_T1,9,9/14/88,10,2.613798245,0.436274718,0.03053923,3.264582308,0.097937469,0.133638756,2326.28089,23.2628089,0,secondary_peak_too_small,0.135946405,0.088683415
Place,41,RGI2000-v7.0-G-02-07366,-122.605,50.4195,02: Western Canada and USA,LT05_L2SP_048025_19970923_20200909_02_T1,9,9/23/97,5,6.207911446,1.15826326,0.081078428,3.188296214,0.095648886,0.363285963,2101.724948,21.01724948,1,ok,0.363300851,0.316164695
Place,41,RGI2000-v7.0-G-02-07366,-122.605,50.4195,02: Western Canada and USA,LT05_L2SP_048025_19980926_20200908_02_T1,9,9/26/98,4,7.552290793,0.910988401,0.063769188,3.075421742,0.092262652,0.296215764,2173.703774,21.73703774,1,ok,0.300206526,0.472972973
Place,41,RGI2000-v7.0-G-02-07366,-122.605,50.4195,02: Western Canada and USA,LT05_L2SP_048025_19990913_20200907_02_T1,9,9/13/99,6,5.625203891,2.328327268,0.162982909,3.230469064,0.096914072,0.720739689,1978.024883,19.78024883,1,ok,0.278895473,0.195945946
Place,41,RGI2000-v7.0-G-02-07366,-122.605,50.4195,02: Western Canada and USA,LT05_L2SP_048025_20090924_20200825_02_T1,9,9/24/09,7,20.17714391,1.442360615,0.100965243,2.683051915,0.080491557,0.537582075,2026.01239,20.2601239,1,ok,0.457513589,1
Rabots,334,RGI2000-v7.0-G-08-00765,18.496,67.91,08: Scandinavia,LC09_L2SP_197012_20230826_20230828_02_T1,9,8/26/23,5.44,3.138518624,1.392139682,0.097449778,1.845782832,0.055373485,0.754227235,1281.951707,12.81951707,1,ok,0.235918083,0.273170732
Rabots,334,RGI2000-v7.0-G-08-00765,18.496,67.91,08: Scandinavia,LC09_L2SP_197012_20220908_20230330_02_T1,9,9/8/22,3.41,2.680616004,0.941155746,0.065880902,2.077928393,0.062337852,0.452929826,1433.813341,14.33813341,0,secondary_peak_too_small,0.466612016,0.07253886
Rabots,334,RGI2000-v7.0-G-08-00765,18.496,67.91,08: Scandinavia,LC08_L2SP_196012_20150821_20200908_02_T1,9,8/21/15,1.56,4.301063783,1.297701608,0.090839113,2.403885905,0.072116577,0.539834942,1357.968366,13.57968366,1,ok,0.444750721,0.536649559
Rabots,334,RGI2000-v7.0-G-08-00765,18.496,67.91,08: Scandinavia,LC08_L2SP_198012_20170925_20200903_02_T1,9,9/25/17,19.86,0.005093013,0.483662583,0.033856381,1.960945446,0.058828363,0.246647648,1433.829021,14.33829021,0,secondary_peak_too_small,0.243312535,0.087719298
Rabots,334,RGI2000-v7.0-G-08-00765,18.496,67.91,08: Scandinavia,LC08_L2SP_196012_20200903_20200918_02_T1,9,9/3/20,7.74,6.563709102,1.004249087,0.070297436,1.995542226,0.059866267,0.503246223,1389.927759,13.89927759,1,ok,0.485649032,0.206896552
Rabots,334,RGI2000-v7.0-G-08-00765,18.496,67.91,08: Scandinavia,LT05_L2SP_196012_19910803_20200915_02_T1,9,8/3/91,10,3.220190112,1.432140289,0.10024982,3.572067352,0.107162021,0.400927572,1405.482531,14.05482531,1,ok,0.416097297,0.577319588
Rabots,334,RGI2000-v7.0-G-08-00765,18.496,67.91,08: Scandinavia,LT05_L2SP_196012_19940811_20200913_02_T1,9,8/11/94,5,2.597712048,2.109888593,0.147692202,3.549284869,0.106478546,0.594454565,1334.009791,13.34009791,1,ok,0.386065754,0.633818258
Rabots,334,RGI2000-v7.0-G-08-00765,18.496,67.91,08: Scandinavia,LT05_L2SP_196012_19950915_20200912_02_T1,9,9/15/95,13,0.448207212,0.572801291,0.04009609,3.282353337,0.0984706,0.174509333,1501.934826,15.01934826,0,secondary_peak_too_small,0.173440064,0.02787235
Rabots,334,RGI2000-v7.0-G-08-00765,18.496,67.91,08: Scandinavia,LE07_L2SP_197012_19990925_20200918_02_T1,9,9/25/99,7,0.256517492,0.517131025,0.036199172,3.185893875,0.095576816,0.162318974,1509.922014,15.09922014,0,secondary_peak_too_small,0.163227235,0.014893492
Rabots,334,RGI2000-v7.0-G-08-00765,18.496,67.91,08: Scandinavia,LT05_L2SP_196012_20090804_20200827_02_T1,9,8/4/09,16,42.72643091,0.234916965,0.016444188,2.723135984,0.08169408,0.086267071,1565.725655,15.65725655,0,secondary_peak_too_small,0.08790272,0.068659128
Rabots,334,RGI2000-v7.0-G-08-00765,18.496,67.91,08: Scandinavia,LT05_L2SP_196012_20100908_20200823_02_T1,9,9/8/10,1,2.583497594,0.93606978,0.065524885,3.180220526,0.095406616,0.294341154,1462.019251,14.62019251,0,secondary_peak_too_small,0.303913769,0.051146384
Rabots,334,RGI2000-v7.0-G-08-00765,18.496,67.91,08: Scandinavia,LT05_L2SP_197012_19960807_20200911_02_T1,9,8/7/96,12,0.128012252,0.544582549,0.038120778,3.594428486,0.107832855,0.15150741,1525.952054,15.25952054,1,ok,0.154159768,0.124945166
Riukojietna,342,RGI2000-v7.0-G-08-01715,18.055,68.083,08: Scandinavia,LC09_L2SP_197012_20220908_20230330_02_T1,9,9/8/22,3.41,27.90218382,2.183360917,0.152835264,3.542382834,0.106271485,0.616353742,1346.984945,13.46984945,1,ok,0.376906635,0.671641791
Riukojietna,342,RGI2000-v7.0-G-08-01715,18.055,68.083,08: Scandinavia,LC09_L2SP_197012_20230826_20230828_02_T1,9,8/26/23,5.44,33.8616755,1.246307201,0.087241504,3.218710193,0.096561306,0.387207026,1393.040701,13.93040701,1,ok,0.390002189,0.525252525
Riukojietna,342,RGI2000-v7.0-G-08-01715,18.055,68.083,08: Scandinavia,LT05_L2SP_197012_19860828_20200918_02_T1,9,8/28/86,14,13.76741206,2.152091056,0.150646374,4.302456726,0.129073702,0.500200512,1371.005501,13.71005501,1,ok,0.49325811,0.921874204
Riukojietna,342,RGI2000-v7.0-G-08-01715,18.055,68.083,08: Scandinavia,LC08_L2SP_196012_20200903_20200918_02_T1,9,9/3/20,7.74,27.08878162,1.638500341,0.114695024,3.924437728,0.117733132,0.417512126,1388.929609,13.88929609,1,ok,0.41971745,0.973684211
Riukojietna,342,RGI2000-v7.0-G-08-01715,18.055,68.083,08: Scandinavia,LC08_L2SP_196012_20150821_20200908_02_T1,9,8/21/15,1.56,23.85421005,3.566077368,0.249625416,4.537851099,0.136135533,0.785851561,1307.031223,13.07031223,1,ok,0.207000304,0.187096774
Riukojietna,342,RGI2000-v7.0-G-08-01715,18.055,68.083,08: Scandinavia,LT05_L2SP_196012_19940811_20200913_02_T1,9,8/11/94,5,8.17196644,3.753876308,0.262771342,5.085394034,0.152561821,0.738168229,1313.025228,13.13025228,1,ok,0.252229681,0.25779344
Riukojietna,342,RGI2000-v7.0-G-08-01715,18.055,68.083,08: Scandinavia,LC08_L2SP_198012_20170925_20200903_02_T1,9,9/25/17,19.86,17.28250199,2.734587057,0.191421094,4.25904985,0.127771496,0.64206505,1341.050096,13.41050096,1,ok,0.35483957,0.433494142
Riukojietna,342,RGI2000-v7.0-G-08-01715,18.055,68.083,08: Scandinavia,LT05_L2SP_196012_19910803_20200915_02_T1,9,8/3/91,10,11.01929645,3.453349956,0.241734497,4.962629196,0.148878876,0.695871043,1318.953347,13.18953347,1,ok,0.301962143,0.185
Riukojietna,342,RGI2000-v7.0-G-08-01715,18.055,68.083,08: Scandinavia,LT05_L2SP_196012_19950915_20200912_02_T1,9,9/15/95,13,6.016213466,2.284233683,0.159896358,5.114765903,0.153442977,0.446595939,1377.048186,13.77048186,1,ok,0.464535457,0.706319703
Riukojietna,342,RGI2000-v7.0-G-08-01715,18.055,68.083,08: Scandinavia,LE07_L2SP_197012_19990925_20200918_02_T1,9,9/25/99,7,9.162876009,3.065716883,0.214600182,4.669129586,0.140073888,0.656592803,1328.960668,13.28960668,1,ok,0.332893705,0.729166667
Riukojietna,342,RGI2000-v7.0-G-08-01715,18.055,68.083,08: Scandinavia,LE07_L2SP_198012_20010820_20200917_02_T1,9,8/20/01,7,13.57007762,1.240567741,0.086839742,4.550367214,0.136511016,0.272630248,1409.007025,14.09007025,1,ok,0.276579944,0.247126437
Riukojietna,342,RGI2000-v7.0-G-08-01715,18.055,68.083,08: Scandinavia,LT05_L2SP_196012_20090804_20200827_02_T1,9,8/4/09,16,31.28099638,1.5159606,0.106117242,4.218973625,0.126569209,0.359319762,1386.987388,13.86987388,1,ok,0.362825362,0.5
Riukojietna,342,RGI2000-v7.0-G-08-01715,18.055,68.083,08: Scandinavia,LT05_L2SP_196012_20100908_20200823_02_T1,9,9/8/10,1,26.08247336,1.5380415,0.107662905,3.737604592,0.112128138,0.411504605,1380.977738,13.80977738,1,ok,0.42250442,0.775193798
Riukojietna,342,RGI2000-v7.0-G-08-01715,18.055,68.083,08: Scandinavia,LT05_L2SP_197012_19960807_20200911_02_T1,9,8/7/96,12,6.826756832,4.742738258,0.331991678,5.16981202,0.155094361,0.917390853,1258.938148,12.58938148,0,secondary_peak_too_small,0.078054827,0.030769231
Schwarzberg,395,RGI2000-v7.0-G-11-01084,7.92806,46.0081,11: Central Europe,LC08_L2SP_195028_20220918_20220928_02_T1,9,9/18/22,4.24,24.7521506,1.873219168,0.131125342,4.200444092,0.126013323,0.44595741,3097.911636,30.97911636,1,ok,0.45095347,0.829545455
Schwarzberg,395,RGI2000-v7.0-G-11-01084,7.92806,46.0081,11: Central Europe,LT05_L2SP_195028_19900910_20200915_02_T1,9,9/10/90,2,9.370025113,1.356942231,0.094985956,4.993521266,0.149805638,0.271740553,3185.980423,31.85980423,1,ok,0.275622152,0.27804878
Schwarzberg,395,RGI2000-v7.0-G-11-01084,7.92806,46.0081,11: Central Europe,LC08_L2SP_194028_20171015_20200902_02_T1,9,10/15/17,1.72,19.58253966,2.565396698,0.179577769,4.24191965,0.12725759,0.604772582,2997.80733,29.9780733,1,ok,0.391430228,0.731343284
Schwarzberg,395,RGI2000-v7.0-G-11-01084,7.92806,46.0081,11: Central Europe,LT05_L2SP_195028_20030914_20200904_02_T1,9,9/14/03,5,8.350410144,4.113300516,0.287931036,5.197376944,0.155921308,0.791418548,2914.29783,29.1429783,1,ok,0.208138438,0.324074074
Schwarzberg,395,RGI2000-v7.0-G-11-01084,7.92806,46.0081,11: Central Europe,LC08_L2SP_195028_20150830_20200908_02_T1,9,8/30/15,3.97,23.21000326,1.85109321,0.129576525,4.394439955,0.131833199,0.421235295,3118.15851,31.1815851,1,ok,0.422030597,0.517241379
Schwarzberg,395,RGI2000-v7.0-G-11-01084,7.92806,46.0081,11: Central Europe,LT05_L2SP_195028_19860814_20200918_02_T1,9,8/14/86,14,42.4685548,2.740729113,0.191851038,4.161344816,0.124840344,0.658616201,2997.826501,29.97826501,1,ok,0.337016026,0.375
Schwarzberg,395,RGI2000-v7.0-G-11-01084,7.92806,46.0081,11: Central Europe,LT05_L2SP_195028_20060922_20200831_02_T1,9,9/22/06,12,3.403048436,4.122423291,0.28856963,5.191751408,0.155752542,0.794033259,2921.945123,29.21945123,1,ok,0.205373434,0.260602964
Schwarzberg,395,RGI2000-v7.0-G-11-01084,7.92806,46.0081,11: Central Europe,LT05_L2SP_194028_20110913_20200820_02_T1,9,9/13/11,2,15.00783949,1.322459004,0.09257213,4.555539301,0.136666179,0.290296915,3189.926384,31.89926384,1,ok,0.293803133,0.238095238
Schwarzberg,395,RGI2000-v7.0-G-11-01084,7.92806,46.0081,11: Central Europe,LT05_L2SP_195028_19960910_20200911_02_T1,9,9/10/96,8,4.893514101,4.429913912,0.310093974,5.494199338,0.16482598,0.806289259,2878.164216,28.78164216,1,ok,0.190873277,0.319327731
Schwarzberg,395,RGI2000-v7.0-G-11-01084,7.92806,46.0081,11: Central Europe,LT05_L2SP_195028_20100901_20200823_02_T1,9,9/1/10,3,16.01253356,2.653484804,0.185743936,4.740791794,0.142223754,0.559713423,3025.957354,30.25957354,1,ok,0.43333244,0.873563218
Schwarzberg,395,RGI2000-v7.0-G-11-01084,7.92806,46.0081,11: Central Europe,LC08_L2SP_194028_20190903_20200826_02_T1,9,9/3/19,8.2,17.89762096,1.386231308,0.097036192,4.315090779,0.129452723,0.321251946,3174.062606,31.74062606,1,ok,0.323359549,0.305343511
Schwarzberg,395,RGI2000-v7.0-G-11-01084,7.92806,46.0081,11: Central Europe,LC08_L2SP_195028_20181025_20200830_02_T1,9,10/25/18,7.44,9.319606906,3.233889452,0.226372262,4.715194012,0.14145582,0.685844409,2950.208571,29.50208571,1,ok,0.31328577,0.37254902
Schwarzberg,395,RGI2000-v7.0-G-11-01084,7.92806,46.0081,11: Central Europe,LC08_L2SP_194028_20210924_20210930_02_T1,9,9/24/21,1.92,17.34434432,4.009908941,0.280693626,4.890547601,0.146716428,0.819930459,2909.972571,29.09972571,1,ok,0.178659204,0.218508616
Schwarzberg,395,RGI2000-v7.0-G-11-01084,7.92806,46.0081,11: Central Europe,LC08_L2SP_194028_20200905_20200918_02_T1,9,9/5/20,6.16,26.27125476,2.610838488,0.182758694,4.143841756,0.124315253,0.630052652,3002.253411,30.02253411,1,ok,0.367085869,0.671396182
Schwarzberg,395,RGI2000-v7.0-G-11-01084,7.92806,46.0081,11: Central Europe,LT05_L2SP_195028_19970929_20200909_02_T1,9,9/29/97,5,9.793165024,1.855208725,0.129864611,4.930691175,0.147920735,0.376257336,3118.166467,31.18166467,1,ok,0.38446885,0.678880443
Schwarzberg,395,RGI2000-v7.0-G-11-01084,7.92806,46.0081,11: Central Europe,LT05_L2SP_194028_19850921_20200918_02_T1,9,9/21/85,6,12.55666032,1.895874828,0.132711238,5.001893469,0.150056804,0.379031429,3110.102636,31.10102636,1,ok,0.381782635,0.497868713
Schwarzberg,395,RGI2000-v7.0-G-11-01084,7.92806,46.0081,11: Central Europe,LT05_L2SP_194028_20051030_20200901_02_T1,9,10/30/05,6,2.937492254,3.781560971,0.264709268,5.293139374,0.158794181,0.714426865,2918.104392,29.18104392,1,ok,0.284036485,0.520833333
Schwarzberg,395,RGI2000-v7.0-G-11-01084,7.92806,46.0081,11: Central Europe,LT05_L2SP_194028_20090907_20200825_02_T1,9,9/7/09,2,21.49121171,1.955876431,0.13691135,4.650563742,0.139516912,0.4205676,3110.120797,31.10120797,1,ok,0.423751287,0.512820513
Schwarzberg,395,RGI2000-v7.0-G-11-01084,7.92806,46.0081,11: Central Europe,LC08_L2SP_195028_20161003_20200906_02_T1,9,10/3/16,4.56,16.43206357,3.810284503,0.266719915,4.760155626,0.142804669,0.800453767,2930.130146,29.30130146,1,ok,0.197046353,0.30562903
Schwarzberg,395,RGI2000-v7.0-G-11-01084,7.92806,46.0081,11: Central Europe,LT05_L2SP_194028_19890916_20200916_02_T1,9,9/16/89,8,4.537638575,4.010806871,0.280756481,5.267924975,0.158037749,0.761363704,2930.157519,29.30157519,1,ok,0.236456483,0.285714286
Schwarzberg,395,RGI2000-v7.0-G-11-01084,7.92806,46.0081,11: Central Europe,LC08_L2SP_194028_20130801_20200912_02_T1,9,8/1/13,7.55,17.04183508,4.376324046,0.306342683,5.096960175,0.152908805,0.858614526,2870.101459,28.70101459,0,secondary_peak_too_small,0.142928139,0.092744135
Schwarzberg,395,RGI2000-v7.0-G-11-01084,7.92806,46.0081,11: Central Europe,LT05_L2SP_195028_19951026_20200912_02_T1,9,10/26/95,11,2.897903734,3.849579021,0.269470531,5.256382769,0.157691483,0.732362765,2918.13521,29.1813521,1,ok,0.265113309,0.460784314
Schwarzberg,395,RGI2000-v7.0-G-11-01084,7.92806,46.0081,11: Central Europe,LE07_L2SP_195028_20020818_20200916_02_T1,9,8/18/02,15,14.57844243,4.001043153,0.280073021,5.147378037,0.154421341,0.77729732,2921.944759,29.21944759,1,ok,0.220792105,0.288461538
Schwarzberg,395,RGI2000-v7.0-G-11-01084,7.92806,46.0081,11: Central Europe,LE07_L2SP_194028_20011011_20200917_02_T1,9,10/11/01,2,6.162452515,0.226914209,0.015883995,5.441032001,0.16323096,0.041704259,3425.286323,34.25286323,0,secondary_peak_too_small,0.042090666,0.132412504
Schwarzberg,395,RGI2000-v7.0-G-11-01084,7.92806,46.0081,11: Central Europe,LT05_L2SP_194028_19910906_20200915_02_T1,9,9/6/91,4,12.79106286,1.816435839,0.127150509,4.955927298,0.148677819,0.366517854,3121.835026,31.21835026,1,ok,0.371173937,0.389774873
Schwarzberg,395,RGI2000-v7.0-G-11-01084,7.92806,46.0081,11: Central Europe,LT05_L2SP_195028_19940804_20200913_02_T1,9,8/4/94,3,12.878302,4.051502843,0.283605199,5.228460035,0.156853801,0.774894102,2918.13521,29.1813521,1,ok,0.223488061,0.183891675
Schwarzberg,395,RGI2000-v7.0-G-11-01084,7.92806,46.0081,11: Central Europe,LT05_L2SP_194028_19931029_20200913_02_T1,9,10/29/93,2,0.09530124,3.801568862,0.26610982,5.449587594,0.163487628,0.697588358,2930.13721,29.3013721,1,ok,0.295845025,0.419039892
Schwarzberg,395,RGI2000-v7.0-G-11-01084,7.92806,46.0081,11: Central Europe,LT05_L2SP_195028_19920915_20200914_02_T1,9,9/15/92,4,11.44926472,2.446273597,0.171239152,5.083127469,0.152493824,0.48125364,3062.259067,30.62259067,1,ok,0.482838499,0.599576769
Schwarzberg,395,RGI2000-v7.0-G-11-01084,7.92806,46.0081,11: Central Europe,LC09_L2SP_195028_20230929_20231002_02_T1,9,9/29/23,1.76,21.7528088,1.632621295,0.114283491,4.197003145,0.125910094,0.38899692,3138.191495,31.38191495,1,ok,0.393122892,0.484678119
Schwarzberg,395,RGI2000-v7.0-G-11-01084,7.92806,46.0081,11: Central Europe,LC09_L2SP_195028_20240915_20240916_02_T1,9,9/15/24,8.32,25.53188801,3.376386628,0.236347064,4.355050231,0.130651507,0.775280754,2950.282316,29.50282316,1,ok,0.221721633,0.366336634
Silvretta,408,RGI2000-v7.0-G-11-01949,10.0766,46.8524,11: Central Europe,LC09_L2SP_193027_20220912_20230329_02_T1,9,9/12/22,0.96,11.83130047,1.880078152,0.131605471,2.480220947,0.074406628,0.758028495,2702.183606,27.02183606,1,ok,0.23822029,0.351851852
Silvretta,408,RGI2000-v7.0-G-11-01949,10.0766,46.8524,11: Central Europe,LC09_L2SP_194027_20230906_20230908_02_T1,9,9/6/23,0.39,4.745698841,1.273568793,0.089149816,2.068468735,0.062054062,0.615706088,2738.180269,27.38180269,1,ok,0.376163142,0.651430135
Silvretta,408,RGI2000-v7.0-G-11-01949,10.0766,46.8524,11: Central Europe,LT05_L2SP_193028_20030916_20200904_02_T1,9,9/16/03,2,6.89356375,2.312359938,0.161865196,3.118891861,0.093566756,0.741404332,2681.909172,26.81909172,1,ok,0.253499607,0.347826087
Silvretta,408,RGI2000-v7.0-G-11-01949,10.0766,46.8524,11: Central Europe,LT05_L2SP_194027_19980808_20200908_02_T1,9,8/8/98,0,4.97275915,1.106067591,0.077424731,2.8368993,0.085106979,0.389886095,2826.185773,28.26185773,1,ok,0.390548314,0.777342048
Silvretta,408,RGI2000-v7.0-G-11-01949,10.0766,46.8524,11: Central Europe,LC08_L2SP_193028_20180909_20200830_02_T1,9,9/9/18,6.17,5.082936093,0.76987204,0.053891043,2.214984945,0.066449548,0.347574389,2861.674999,28.61674999,1,ok,0.347113452,0.482142857
Silvretta,408,RGI2000-v7.0-G-11-01949,10.0766,46.8524,11: Central Europe,LC08_L2SP_194027_20190903_20200826_02_T1,9,9/3/19,2.96,6.175870078,0.38105266,0.026673686,2.056095767,0.061682873,0.185328265,2942.278179,29.42278179,1,ok,0.187521377,0.333333333
Silvretta,408,RGI2000-v7.0-G-11-01949,10.0766,46.8524,11: Central Europe,LT05_L2SP_193028_20061026_20200831_02_T1,9,10/26/06,1,5.941145287,1.327734837,0.092941439,2.604334841,0.078130045,0.509817254,2769.930203,27.69930203,1,ok,0.486791798,0.869565217
Silvretta,408,RGI2000-v7.0-G-11-01949,10.0766,46.8524,11: Central Europe,LT05_L2SP_194027_20090806_20241030_02_T1,9,8/6/09,1,9.965744019,1.871404562,0.130998319,2.86786504,0.086035951,0.652542758,2718.184871,27.18184871,1,ok,0.346347827,0.583333333
Silvretta,408,RGI2000-v7.0-G-11-01949,10.0766,46.8524,11: Central Europe,LT05_L2SP_194027_19910821_20200915_02_T1,9,8/21/91,0,2.476373167,0.846623545,0.059263648,2.831460575,0.084943817,0.299005945,2865.766225,28.65766225,1,ok,0.299091113,0.428571429
Silvretta,408,RGI2000-v7.0-G-11-01949,10.0766,46.8524,11: Central Europe,LC08_L2SP_193028_20140914_20200910_02_T1,9,9/14/14,6.28,7.860033766,2.433757019,0.170362991,2.907095196,0.087212856,0.837178302,2625.788317,26.25788317,1,ok,0.162453597,0.233233632
Silvretta,408,RGI2000-v7.0-G-11-01949,10.0766,46.8524,11: Central Europe,LT05_L2SP_193027_19920917_20200914_02_T1,9,9/17/92,1,8.710259123,2.083198492,0.145823894,2.975169027,0.089255071,0.700195005,2698.052443,26.98052443,1,ok,0.294802052,0.4
Silvretta,408,RGI2000-v7.0-G-11-01949,10.0766,46.8524,11: Central Europe,LC08_L2SP_194027_20210924_20210930_02_T1,9,9/24/21,1.94,9.546539379,1.539549847,0.107768489,2.371257336,0.07113772,0.649254648,2725.946797,27.25946797,1,ok,0.350802448,0.448979592
Silvretta,408,RGI2000-v7.0-G-11-01949,10.0766,46.8524,11: Central Europe,LT05_L2SP_193028_20070826_20200830_02_T1,9,8/26/07,8,5.449660314,0.601732089,0.042121246,2.570775789,0.077123274,0.234066344,2909.814057,29.09814057,1,ok,0.232300937,0.253164557
Silvretta,408,RGI2000-v7.0-G-11-01949,10.0766,46.8524,11: Central Europe,LC08_L2SP_193027_20200914_20200919_02_T1,9,9/14/20,0.9,9.518968531,0.405328936,0.028373026,2.141709506,0.064251285,0.189254862,2934.307414,29.34307414,1,ok,0.187522163,0.220779221
Silvretta,408,RGI2000-v7.0-G-11-01949,10.0766,46.8524,11: Central Europe,LT05_L2SP_193027_20050905_20200901_02_T1,9,9/5/05,6,8.925609805,0.78957622,0.055270335,2.719126952,0.081573809,0.290378579,2874.142004,28.74142004,1,ok,0.290988901,0.345679012
Silvretta,408,RGI2000-v7.0-G-11-01949,10.0766,46.8524,11: Central Europe,LT05_L2SP_193028_20080929_20200829_02_T1,9,9/29/08,5,8.741236409,2.251922398,0.157634568,2.832167942,0.084965038,0.795123186,2646.060852,26.46060852,1,ok,0.201217367,0.311688312
Silvretta,408,RGI2000-v7.0-G-11-01949,10.0766,46.8524,11: Central Europe,LC08_L2SP_194027_20160825_20200906_02_T1,9,8/25/16,0.52,7.902720679,0.977991091,0.068459376,2.444901318,0.07334704,0.400012501,2837.927972,28.37927972,1,ok,0.402597872,0.716981132
Silvretta,408,RGI2000-v7.0-G-11-01949,10.0766,46.8524,11: Central Europe,LT05_L2SP_194027_19890831_20200916_02_T1,9,8/31/89,3,5.974145144,2.508304232,0.175581296,3.192818058,0.095784542,0.785608258,2646.302556,26.46302556,1,ok,0.206662882,0.28742515
Silvretta,408,RGI2000-v7.0-G-11-01949,10.0766,46.8524,11: Central Europe,LT05_L2SP_193027_19880922_20211118_02_T1,9,9/22/88,5,5.252406328,2.393342909,0.167534004,3.070327223,0.092109817,0.779507439,2646.190162,26.46190162,1,ok,0.216373791,0.310891357
Silvretta,408,RGI2000-v7.0-G-11-01949,10.0766,46.8524,11: Central Europe,LT05_L2SP_193028_19941025_20211122_02_T1,9,10/25/94,15,7.193543099,2.231314509,0.156192016,3.02655736,0.090796721,0.737245075,2677.786139,26.77786139,1,ok,0.257085186,0.388949026
Silvretta,408,RGI2000-v7.0-G-11-01949,10.0766,46.8524,11: Central Europe,LT05_L2SP_193028_19860816_20200917_02_T1,9,8/16/86,8,4.897817538,1.546247487,0.108237324,2.990266371,0.089707991,0.517093561,2762.092905,27.62092905,1,ok,0.480290627,0.851851852
Silvretta,408,RGI2000-v7.0-G-11-01949,10.0766,46.8524,11: Central Europe,LT05_L2SP_193028_20101021_20200823_02_T1,9,10/21/10,10,88.22905733,1.726848037,0.120879363,2.268297277,0.068048918,0.761297055,2689.94201,26.8994201,1,ok,0.236365531,0.333333333
Silvretta,408,RGI2000-v7.0-G-11-01949,10.0766,46.8524,11: Central Europe,LT05_L2SP_193027_19970915_20200909_02_T1,9,9/15/97,1,7.334058621,1.875469589,0.131282871,2.966125243,0.088983757,0.632296156,2718.16613,27.1816613,1,ok,0.363740884,0.601671488
Silvretta,408,RGI2000-v7.0-G-11-01949,10.0766,46.8524,11: Central Europe,LT05_L2SP_193028_19930920_20200913_02_T1,9,9/20/93,3,7.922733495,2.324860643,0.162740245,3.084880808,0.092546424,0.753630622,2670.175893,26.70175893,1,ok,0.239558276,0.367679379
Silvretta,408,RGI2000-v7.0-G-11-01949,10.0766,46.8524,11: Central Europe,LT05_L2SP_194027_19990912_20211205_02_T1,9,9/12/99,1,6.9858569,1.741686972,0.121918088,2.916293977,0.087488819,0.597226132,2729.937037,27.29937037,1,ok,0.402063865,0.612903226
Silvretta,408,RGI2000-v7.0-G-11-01949,10.0766,46.8524,11: Central Europe,LC08_L2SP_194027_20130801_20200912_02_T1,9,8/1/13,1.32,11.13063898,2.254099707,0.15778698,2.887039089,0.086611173,0.780765219,2665.999352,26.65999352,1,ok,0.216643285,0.185185185
Silvretta,408,RGI2000-v7.0-G-11-01949,10.0766,46.8524,11: Central Europe,LT05_L2SP_194027_20040909_20200903_02_T1,9,9/9/04,0,6.496181597,0.991531521,0.069407206,2.815874946,0.084476248,0.352122001,2842.253924,28.42253924,1,ok,0.351705346,0.62295082
Silvretta,408,RGI2000-v7.0-G-11-01949,10.0766,46.8524,11: Central Europe,LT05_L2SP_194027_20000813_20200906_02_T1,9,8/13/00,5,7.026095436,2.598299052,0.181880934,3.117076234,0.093512287,0.833569299,2613.955307,26.13955307,1,ok,0.163043737,0.152380952
Silvretta,408,RGI2000-v7.0-G-11-01949,10.0766,46.8524,11: Central Europe,LT05_L2SP_193027_20010825_20200906_02_T1,9,8/25/01,1,6.348001593,1.584774826,0.110934238,2.883974809,0.086519244,0.549510634,2758.168744,27.58168744,1,ok,0.446489626,0.640625
Silvretta,408,RGI2000-v7.0-G-11-01949,10.0766,46.8524,11: Central Europe,LT05_L2SP_193027_19850813_20200918_02_T1,9,8/13/85,2,7.692692554,2.563450107,0.179441508,3.146610699,0.094398321,0.814670244,2618.130306,26.18130306,1,ok,0.183833233,0.2
Silvretta,408,RGI2000-v7.0-G-11-01949,10.0766,46.8524,11: Central Europe,LC09_L2SP_194027_20240823_20240824_02_T1,9,8/23/24,1.42,8.567508128,0.404097131,0.028286799,2.139894901,0.064196847,0.188839709,2938.148165,29.38148165,1,ok,0.192714944,0.197530864
Silvretta,408,RGI2000-v7.0-G-11-01949,10.0766,46.8524,11: Central Europe,LT05_L2SP_193027_20110906_20200820_02_T1,9,9/6/11,7,5.72355913,1.194743894,0.083632073,2.513576961,0.075407309,0.475316218,2793.862508,27.93862508,1,ok,0.480825494,0.905660377
South Cascade,205,RGI2000-v7.0-G-02-14143,-121.05735,48.35698,02: Western Canada and USA,LC08_L2SP_045026_20130813_20200913_02_T1,9,8/13/13,1.79,18.5922737,1.735780832,0.121504658,2.129362906,0.063880887,0.815164399,1829.956936,18.29956936,0,secondary_peak_too_small,0.183491229,0.09375
South Cascade,205,RGI2000-v7.0-G-02-14143,-121.05735,48.35698,02: Western Canada and USA,LC08_L2SP_045026_20200917_20201005_02_T1,9,9/17/20,0.37,41.96099958,0.834401692,0.058408118,1.126499089,0.033794973,0.740703388,1928.951429,19.28951429,1,ok,0.251596284,0.254901961
South Cascade,205,RGI2000-v7.0-G-02-14143,-121.05735,48.35698,02: Western Canada and USA,LC08_L2SP_045027_20140901_20200911_02_T1,9,9/1/14,10.86,39.63525848,1.328173647,0.092972155,1.834497127,0.055034914,0.723998761,1855.182581,18.55182581,1,ok,0.272118055,0.25
South Cascade,205,RGI2000-v7.0-G-02-14143,-121.05735,48.35698,02: Western Canada and USA,LC08_L2SP_045027_20171027_20200902_02_T1,9,10/27/17,0.53,13.06279878,1.447641578,0.10133491,2.231196711,0.066935901,0.648818444,1862.009367,18.62009367,1,ok,0.348843647,0.405828816
South Cascade,205,RGI2000-v7.0-G-02-14143,-121.05735,48.35698,02: Western Canada and USA,LC08_L2SP_045027_20180928_20200830_02_T1,9,9/28/18,0.73,24.84457943,0.429771453,0.030084002,1.157581716,0.034727451,0.371266621,1983.278121,19.83278121,1,ok,0.374319066,0.351351351
South Cascade,205,RGI2000-v7.0-G-02-14143,-121.05735,48.35698,02: Western Canada and USA,LC08_L2SP_046026_20150911_20200908_02_T1,9,9/11/15,0.52,9.884060887,0.544106491,0.038087454,1.517900854,0.045537026,0.358459836,1984.793631,19.84793631,1,ok,0.363528715,0.512195122
South Cascade,205,RGI2000-v7.0-G-02-14143,-121.05735,48.35698,02: Western Canada and USA,LC08_L2SP_046026_20160913_20200906_02_T1,9,9/13/16,0.54,11.39827212,0.49203592,0.034442514,1.640569641,0.049217089,0.299917728,2012.956713,20.12956713,1,ok,0.302880929,0.622222222
South Cascade,205,RGI2000-v7.0-G-02-14143,-121.05735,48.35698,02: Western Canada and USA,LC09_L2SP_045026_20240904_20240906_02_T1,9,9/4/24,0.21,15.06107427,0.281936487,0.019735554,1.23775769,0.037132731,0.227780033,2027.16364,20.2716364,1,ok,0.22658791,0.428571429
South Cascade,205,RGI2000-v7.0-G-02-14143,-121.05735,48.35698,02: Western Canada and USA,LC09_L2SP_046026_20220906_20230330_02_T1,9,9/6/22,1.18,13.00263276,0.83201399,0.058240979,1.622023606,0.048660708,0.512948139,1943.31203,19.4331203,1,ok,0.485226545,0.828571429
South Cascade,205,RGI2000-v7.0-G-02-14143,-121.05735,48.35698,02: Western Canada and USA,LC09_L2SP_046026_20230909_20230911_02_T1,9,9/9/23,0.57,8.018316766,0.23225404,0.016257783,1.179137404,0.035374122,0.196969445,2030.938857,20.30938857,1,ok,0.196796339,0.291666667
South Cascade,205,RGI2000-v7.0-G-02-14143,-121.05735,48.35698,02: Western Canada and USA,LE07_L2SP_046026_20010912_20200917_02_T1,9,9/12/01,1,8.61270519,1.326993774,0.092889564,1.942855033,0.058285651,0.683012243,1873.965047,18.73965047,1,ok,0.313382455,0.454545455
South Cascade,205,RGI2000-v7.0-G-02-14143,-121.05735,48.35698,02: Western Canada and USA,LT05_L2SP_045026_19860819_20200918_02_T1,9,8/19/86,0,13.97950832,1.908714327,0.133610003,2.542547013,0.07627641,0.750709551,1825.89721,18.2589721,1,ok,0.24859361,0.217821782
South Cascade,205,RGI2000-v7.0-G-02-14143,-121.05735,48.35698,02: Western Canada and USA,LT05_L2SP_045026_19870907_20201015_02_T1,9,9/7/87,0,12.33727037,0.592591394,0.041481398,2.034397268,0.061031918,0.291285976,2005.954093,20.05954093,1,ok,0.292539641,0.303030303
South Cascade,205,RGI2000-v7.0-G-02-14143,-121.05735,48.35698,02: Western Canada and USA,LT05_L2SP_045026_19961001_20200911_02_T1,9,10/1/96,0,9.499025302,1.532227518,0.107255926,2.096929715,0.062907891,0.730700465,1842.250836,18.42250836,1,ok,0.263834318,0.233766234
South Cascade,205,RGI2000-v7.0-G-02-14143,-121.05735,48.35698,02: Western Canada and USA,LT05_L2SP_045026_19980905_20200908_02_T1,9,9/5/98,0,16.02201319,0.998410869,0.069888761,1.979356773,0.059380703,0.504411778,1934.169986,19.34169986,1,ok,0.492977303,0.974358974
South Cascade,205,RGI2000-v7.0-G-02-14143,-121.05735,48.35698,02: Western Canada and USA,LT05_L2SP_045026_19990908_20200907_02_T1,9,9/8/99,0,21.60327533,1.856277922,0.129939455,2.46870457,0.074061137,0.751923881,1837.779338,18.37779338,1,ok,0.245972653,0.139037433
South Cascade,205,RGI2000-v7.0-G-02-14143,-121.05735,48.35698,02: Western Canada and USA,LT05_L2SP_045026_20000926_20200906_02_T1,9,9/26/00,0,16.13945796,1.640520642,0.114836445,2.139038089,0.064171143,0.766943165,1837.753589,18.37753589,1,ok,0.227628745,0.20212766
South Cascade,205,RGI2000-v7.0-G-02-14143,-121.05735,48.35698,02: Western Canada and USA,LT05_L2SP_045026_20030903_20200904_02_T1,9,9/3/03,0,25.80801707,1.182750532,0.082792537,1.803396861,0.054101906,0.655845952,1897.954269,18.97954269,1,ok,0.341471711,0.442622951
South Cascade,205,RGI2000-v7.0-G-02-14143,-121.05735,48.35698,02: Western Canada and USA,LT05_L2SP_045026_20060927_20200831_02_T1,9,9/27/06,0,13.57973864,0.63150142,0.044205099,1.681893576,0.050456807,0.375470499,1978.023171,19.78023171,1,ok,0.377872795,0.733333333
South Cascade,205,RGI2000-v7.0-G-02-14143,-121.05735,48.35698,02: Western Canada and USA,LT05_L2SP_045026_20070914_20200830_02_T1,9,9/14/07,0,19.27526331,1.066039,0.07462273,1.904518241,0.057135547,0.559742079,1926.232759,19.26232759,1,ok,0.4346294,0.530612245
South Cascade,205,RGI2000-v7.0-G-02-14143,-121.05735,48.35698,02: Western Canada and USA,LT05_L2SP_045026_20080916_20200829_02_T1,9,9/16/08,0,19.93259605,1.363502341,0.095445164,1.930244824,0.057907345,0.70638829,1865.869236,18.65869236,1,ok,0.291225339,0.293333333
South Cascade,205,RGI2000-v7.0-G-02-14143,-121.05735,48.35698,02: Western Canada and USA,LT05_L2SP_045026_20100922_20200823_02_T1,9,9/22/10,1,17.46565909,1.209631892,0.084674232,1.872204713,0.056166141,0.646100228,1878.111707,18.78111707,1,ok,0.352078585,0.452380952
South Cascade,205,RGI2000-v7.0-G-02-14143,-121.05735,48.35698,02: Western Canada and USA,LT05_L2SP_045026_20110909_20200820_02_T1,9,9/9/11,1,29.48818541,1.797092273,0.125796459,2.296563447,0.068896903,0.782513662,1829.943468,18.29943468,1,ok,0.216679389,0.155963303
South Cascade,205,RGI2000-v7.0-G-02-14143,-121.05735,48.35698,02: Western Canada and USA,LT05_L2SP_045027_19890928_20200916_02_T1,9,9/28/89,0,10.76314214,0.838585391,0.058700977,2.076895448,0.062306863,0.403768708,1954.161223,19.54161223,1,ok,0.408674479,0.951219512
South Cascade,205,RGI2000-v7.0-G-02-14143,-121.05735,48.35698,02: Western Canada and USA,LT05_L2SP_045027_19910902_20200915_02_T1,9,9/2/91,0,12.79334667,1.925226381,0.134765847,2.460397111,0.073811913,0.782486035,1822.123334,18.22123334,1,ok,0.21679752,0.153153153
South Cascade,205,RGI2000-v7.0-G-02-14143,-121.05735,48.35698,02: Western Canada and USA,LT05_L2SP_045027_19930923_20200913_02_T1,9,9/23/93,0,18.16137043,1.727952203,0.120956654,2.356588052,0.070697642,0.733243216,1825.89721,18.2589721,1,ok,0.264201409,0.265822785
South Cascade,205,RGI2000-v7.0-G-02-14143,-121.05735,48.35698,02: Western Canada and USA,LT05_L2SP_045027_19950913_20200912_02_T1,9,9/13/95,0,13.38873122,0.97745282,0.068421697,1.929079644,0.057872389,0.506693865,1934.136052,19.34136052,1,ok,0.489738473,0.8
South Cascade,205,RGI2000-v7.0-G-02-14143,-121.05735,48.35698,02: Western Canada and USA,LT05_L2SP_045027_19970801_20200910_02_T1,9,8/1/97,1,20.11875815,2.254589786,0.157821285,2.753069588,0.082592088,0.818936723,1810.347764,18.10347764,1,ok,0.183314589,0.124031008
South Cascade,205,RGI2000-v7.0-G-02-14143,-121.05735,48.35698,02: Western Canada and USA,LT05_L2SP_045027_20040921_20200903_02_T1,9,9/21/04,1,13.45218445,1.837803342,0.128646234,2.498454442,0.074953633,0.735576087,1857.960528,18.57960528,1,ok,0.260058963,0.281096125
South Cascade,205,RGI2000-v7.0-G-02-14143,-121.05735,48.35698,02: Western Canada and USA,LT05_L2SP_045027_20050924_20200901_02_T1,9,9/24/05,0,9.887646941,0.214295679,0.015000698,1.621430582,0.048642917,0.132164572,2042.88147,20.4288147,1,ok,0.133740289,0.23255814
South Cascade,205,RGI2000-v7.0-G-02-14143,-121.05735,48.35698,02: Western Canada and USA,LT05_L2SP_046026_19850924_20200918_02_T1,9,9/24/85,8,6.343629624,0.918766627,0.064313664,1.899676531,0.056990296,0.483643721,1918.090741,19.18090741,1,ok,0.485597878,0.771428571
South Cascade,205,RGI2000-v7.0-G-02-14143,-121.05735,48.35698,02: Western Canada and USA,LT05_L2SP_046026_19900922_20200915_02_T1,9,9/22/90,0,10.34696067,1.321007086,0.092470496,2.049973766,0.061499213,0.644401947,1878.131829,18.78131829,1,ok,0.351530554,0.421875
South Cascade,205,RGI2000-v7.0-G-02-14143,-121.05735,48.35698,02: Western Canada and USA,LT05_L2SP_046026_19920927_20200914_02_T1,9,9/27/92,1,7.82088458,1.758495377,0.123094676,2.637212227,0.079116367,0.666800859,1878.021888,18.78021888,1,ok,0.331353268,0.369739538
South Cascade,205,RGI2000-v7.0-G-02-14143,-121.05735,48.35698,02: Western Canada and USA,LT05_L2SP_046026_20020923_20200905_02_T1,9,9/23/02,3,9.45921312,1.602294105,0.112160587,2.098965349,0.06296896,0.7633733,1837.789219,18.37789219,1,ok,0.230203307,0.222222222
South Cascade,205,RGI2000-v7.0-G-02-14143,-121.05735,48.35698,02: Western Canada and USA,LT05_L2SP_046026_20090910_20200825_02_T1,9,9/10/09,7,7.604127548,0.875703728,0.061299261,1.781818418,0.053454553,0.491466313,1941.943002,19.41943002,1,ok,0.49424475,0.873015873
Storbreen,302,RGI2000-v7.0-G-08-03147,8.132,61.573,08: Scandinavia,LC08_L2SP_199017_20180701_20200831_02_T1,8,7/1/18,3.61,9.433705003,3.95650694,0.276955486,5.236041562,0.157081247,0.755629399,1658.033409,16.58033409,1,ok,0.241887764,0.136986301
Storbreen,302,RGI2000-v7.0-G-08-03147,8.132,61.573,08: Scandinavia,LC08_L2SP_199017_20190922_20200826_02_T1,8,9/22/19,9.15,3.475093964,3.785906998,0.26501349,4.78029966,0.14340899,0.791981103,1606.10727,16.0610727,1,ok,0.202459973,0.236363636
Storbreen,302,RGI2000-v7.0-G-08-03147,8.132,61.573,08: Scandinavia,LC08_L2SP_199017_20210725_20210803_02_T1,8,7/25/21,13.03,13.05543346,2.399611536,0.167972807,4.915979792,0.147479394,0.488124776,1778.210836,17.78210836,1,ok,0.489663278,0.659793814
Storbreen,302,RGI2000-v7.0-G-08-03147,8.132,61.573,08: Scandinavia,LC08_L2SP_199017_20220728_20220802_02_T1,8,7/28/22,12.98,6.867720976,3.929038507,0.275032695,5.048638378,0.151459151,0.778237262,1646.063104,16.46063104,1,ok,0.220581814,0.156381125
Storbreen,302,RGI2000-v7.0-G-08-03147,8.132,61.573,08: Scandinavia,LC08_L2SP_199017_20240802_20240808_02_T1,8,8/2/24,4.58,10.88288676,1.795563312,0.125689432,4.808163098,0.144244893,0.3734406,1814.125304,18.14125304,1,ok,0.375184835,0.909090909
Storbreen,302,RGI2000-v7.0-G-08-03147,8.132,61.573,08: Scandinavia,LC08_L2SP_200017_20170822_20200903_02_T1,8,8/22/17,4.6,6.966334467,3.207385751,0.224517003,5.084538079,0.152536142,0.63081163,1717.960856,17.17960856,1,ok,0.365727921,0.401360544
Storbreen,302,RGI2000-v7.0-G-08-03147,8.132,61.573,08: Scandinavia,LE07_L2SP_199017_20000925_20200918_02_T1,8,9/25/00,15,1.667997261,3.801835855,0.26612851,5.317070548,0.159512116,0.715024527,1662.32458,16.6232458,1,ok,0.280208639,0.735221954
Storbreen,302,RGI2000-v7.0-G-08-03147,8.132,61.573,08: Scandinavia,LT05_L2SP_199017_19850924_20200918_02_T1,8,9/24/85,8,0.37878584,4.427811157,0.309946781,5.338706136,0.160161184,0.829379075,1589.744613,15.89744613,1,ok,0.167416106,0.547058824
Storbreen,302,RGI2000-v7.0-G-08-03147,8.132,61.573,08: Scandinavia,LT05_L2SP_199017_19870813_20201014_02_T1,8,8/13/87,5,4.212273164,4.408900409,0.308623029,5.505726814,0.165171804,0.800784448,1606.067111,16.06067111,1,ok,0.19323597,0.150997151
Storbreen,302,RGI2000-v7.0-G-08-03147,8.132,61.573,08: Scandinavia,LT05_L2SP_199017_19910707_20200915_02_T1,8,7/7/91,8,3.677703125,4.871168143,0.34098177,5.705637196,0.171169116,0.853746563,1581.845259,15.81845259,0,secondary_peak_too_small,0.142204909,0.093595771
Storbreen,302,RGI2000-v7.0-G-08-03147,8.132,61.573,08: Scandinavia,LT05_L2SP_199017_19960805_20200911_02_T1,8,8/5/96,7,5.387023565,3.698703478,0.258909243,5.509808801,0.165294264,0.671294343,1693.849946,16.93849946,1,ok,0.32650929,0.358884804
Storbreen,302,RGI2000-v7.0-G-08-03147,8.132,61.573,08: Scandinavia,LT05_L2SP_199017_19990729_20200908_02_T1,8,7/29/99,6,4.129626806,4.44406896,0.311084827,5.575646631,0.167269399,0.797049966,1606.074555,16.06074555,1,ok,0.197684419,0.113893708
Storbreen,302,RGI2000-v7.0-G-08-03147,8.132,61.573,08: Scandinavia,LT05_L2SP_199017_20030809_20200904_02_T1,8,8/9/03,2,6.954673077,1.428539126,0.099997739,5.188820586,0.155664618,0.27531095,1830.033999,18.30033999,1,ok,0.278979307,0.291338583
Storbreen,302,RGI2000-v7.0-G-08-03147,8.132,61.573,08: Scandinavia,LT05_L2SP_199017_20040811_20201008_02_T1,8,8/11/04,8,8.115728822,2.633514226,0.184345996,5.29245118,0.158773535,0.497598209,1765.751341,17.65751341,1,ok,0.498962916,0.65324875
Storbreen,302,RGI2000-v7.0-G-08-03147,8.132,61.573,08: Scandinavia,LT05_L2SP_199017_20060716_20201008_02_T1,8,7/16/06,12,6.857793845,3.192046079,0.223443226,5.428935562,0.162868067,0.587969049,1730.112986,17.30112986,1,ok,0.40799543,0.464088398
Storbreen,302,RGI2000-v7.0-G-08-03147,8.132,61.573,08: Scandinavia,LT05_L2SP_199017_20110714_20200822_02_T1,8,7/14/11,11,6.394986201,3.011068391,0.210774787,5.314632468,0.159438974,0.566561923,1738.157155,17.38157155,1,ok,0.429378036,0.612903226
Storbreen,302,RGI2000-v7.0-G-08-03147,8.132,61.573,08: Scandinavia,LT05_L2SP_200017_19880806_20200917_02_T1,8,8/6/88,15,4.025571333,3.252853675,0.227699757,5.416187891,0.162485637,0.600579917,1722.048769,17.22048769,1,ok,0.394114191,0.458625162
Storbreen,302,RGI2000-v7.0-G-08-03147,8.132,61.573,08: Scandinavia,LT05_L2SP_200017_19890724_20200916_02_T1,8,7/24/89,10,4.280866053,4.748810823,0.332416758,5.610942893,0.168328287,0.846348094,1586.10982,15.8610982,1,ok,0.149071037,0.106122449
Storbreen,302,RGI2000-v7.0-G-08-03147,8.132,61.573,08: Scandinavia,LT05_L2SP_200017_19900727_20200915_02_T1,8,7/27/90,12,3.554511014,4.75985596,0.333189917,5.615259798,0.168457794,0.847664424,1581.845259,15.81845259,1,ok,0.147785013,0.105460874
Storbreen,302,RGI2000-v7.0-G-08-03147,8.132,61.573,08: Scandinavia,LT05_L2SP_200017_19950709_20200912_02_T1,8,7/9/95,15,1.33292668,4.822917589,0.337604231,5.758071623,0.172742149,0.837592497,1589.761196,15.89761196,1,ok,0.155054873,0.124238975
Storbreen,302,RGI2000-v7.0-G-08-03147,8.132,61.573,08: Scandinavia,LT05_L2SP_200017_19970815_20200910_02_T1,8,8/15/97,5,4.276022091,2.807290452,0.196510332,5.363623256,0.160908698,0.523394414,1749.906379,17.49906379,1,ok,0.471454015,0.776595745
Storbreen,302,RGI2000-v7.0-G-08-03147,8.132,61.573,08: Scandinavia,LT05_L2SP_200017_19980903_20200908_02_T1,8,9/3/98,5,1.836519285,3.826811255,0.267876788,5.431980006,0.1629594,0.704496565,1669.827035,16.69827035,1,ok,0.291565009,0.280821918
Storbreen,302,RGI2000-v7.0-G-08-03147,8.132,61.573,08: Scandinavia,LT05_L2SP_200017_20080728_20200829_02_T1,8,7/28/08,7,6.993663979,4.383327817,0.306832947,5.463755016,0.16391265,0.802255556,1610.117836,16.10117836,1,ok,0.194941407,0.138233418
Storbreen,302,RGI2000-v7.0-G-08-03147,8.132,61.573,08: Scandinavia,LT05_L2SP_200017_20100904_20200824_02_T1,8,9/4/10,4,4.516545717,3.753409485,0.262738664,5.155550103,0.154666503,0.728032782,1673.770721,16.73770721,1,ok,0.269138482,0.529495202
Storglaciaren,332,RGI2000-v7.0-G-08-00761,18.569,67.903,08: Scandinavia,LC08_L2SP_196012_20180728_20200831_02_T1,8,7/28/18,1.28,8.065042409,1.369127278,0.095838909,2.922405799,0.087672174,0.468493211,1481.917169,14.81917169,1,ok,0.469671249,0.821917808
Storglaciaren,332,RGI2000-v7.0-G-08-00761,18.569,67.903,08: Scandinavia,LT05_L2SP_198012_19880707_20200917_02_T1,8,7/7/88,6,9.106792736,1.86805227,0.130763659,3.447670445,0.103430113,0.541830288,1402.082223,14.02082223,1,ok,0.448533703,0.517078716
Storglaciaren,332,RGI2000-v7.0-G-08-00761,18.569,67.903,08: Scandinavia,LC08_L2SP_197012_20210727_20210804_02_T1,8,7/27/21,2.36,11.82062652,1.362782944,0.095394806,2.992830355,0.089784911,0.455349212,1490.059303,14.90059303,1,ok,0.456819265,0.771929825
Storglaciaren,332,RGI2000-v7.0-G-08-00761,18.569,67.903,08: Scandinavia,LC09_L2SP_197012_20230826_20230828_02_T1,8,8/26/23,5.44,11.86993718,1.274159567,0.08919117,2.525223869,0.075756716,0.504572914,1478.132492,14.78132492,1,ok,0.487204756,0.595238095
Storglaciaren,332,RGI2000-v7.0-G-08-00761,18.569,67.903,08: Scandinavia,LC08_L2SP_196012_20220824_20220924_02_T1,8,8/24/22,3.09,8.177228741,1.334020641,0.093381445,2.799628899,0.083988867,0.476499097,1481.927945,14.81927945,1,ok,0.484520295,0.567567568
Storglaciaren,332,RGI2000-v7.0-G-08-00761,18.569,67.903,08: Scandinavia,LC08_L2SP_197012_20190924_20200826_02_T1,8,9/24/19,0.96,0.071674601,1.967247679,0.137707337,2.328806848,0.069864205,0.844744887,1314.063377,13.14063377,1,ok,0.14220842,0.263684065
Storglaciaren,332,RGI2000-v7.0-G-08-00761,18.569,67.903,08: Scandinavia,LT05_L2SP_196012_19940811_20200913_02_T1,8,8/11/94,5,7.869449572,1.592923337,0.111504634,3.3412226,0.100236678,0.476748642,1457.900677,14.57900677,1,ok,0.487626307,0.758241758
Storglaciaren,332,RGI2000-v7.0-G-08-00761,18.569,67.903,08: Scandinavia,LT05_L2SP_196012_19910803_20200915_02_T1,8,8/3/91,10,6.490309264,1.863202536,0.130424177,3.368774091,0.101063223,0.553080285,1394.079037,13.94079037,1,ok,0.442898753,0.650046685
Storglaciaren,332,RGI2000-v7.0-G-08-00761,18.569,67.903,08: Scandinavia,LC08_L2SP_196012_20170725_20200903_02_T1,8,7/25/17,4.48,7.841402989,2.299386176,0.160957032,3.247865492,0.097435965,0.707968412,1357.93873,13.5793873,1,ok,0.277837367,0.166411505
Storglaciaren,332,RGI2000-v7.0-G-08-00761,18.569,67.903,08: Scandinavia,LT05_L2SP_196012_19950915_20200912_02_T1,8,9/15/95,13,3.677860247,2.226904377,0.155883306,2.870848965,0.086125469,0.775695414,1334.174076,13.34174076,1,ok,0.211751476,0.681818182
Storglaciaren,332,RGI2000-v7.0-G-08-00761,18.569,67.903,08: Scandinavia,LT05_L2SP_196012_19900715_20200916_02_T1,8,7/15/90,4,5.999035784,3.045936569,0.21321556,3.497165504,0.104914965,0.870972954,1306.335588,13.06335588,0,secondary_peak_too_small,0.118958914,0.09578431
Storglaciaren,332,RGI2000-v7.0-G-08-00761,18.569,67.903,08: Scandinavia,LT05_L2SP_198012_19890710_20200916_02_T1,8,7/10/89,9,3.025763656,3.162485292,0.22137397,3.565051017,0.106951531,0.887079954,1294.150759,12.94150759,0,secondary_peak_too_small,0.103871265,0.070822859
Storglaciaren,332,RGI2000-v7.0-G-08-00761,18.569,67.903,08: Scandinavia,LC08_L2SP_196012_20150821_20200908_02_T1,8,8/21/15,1.56,6.169423359,2.179379471,0.152556563,3.152680976,0.094580429,0.691278149,1361.950536,13.61950536,1,ok,0.29276588,0.28092385
Storglaciaren,332,RGI2000-v7.0-G-08-00761,18.569,67.903,08: Scandinavia,LC08_L2SP_197012_20140708_20200911_02_T1,8,7/8/14,10.12,9.381948633,2.40306546,0.168214582,3.316980459,0.099509414,0.724473807,1354.141255,13.54141255,1,ok,0.271322988,0.1953125
Storglaciaren,332,RGI2000-v7.0-G-08-00761,18.569,67.903,08: Scandinavia,LC08_L2SP_198012_20240912_20240920_02_T1,8,9/12/24,1.63,5.058178953,0.927377031,0.064916392,2.272472772,0.068174183,0.408091592,1494.090928,14.94090928,1,ok,0.411260593,0.32
Storglaciaren,332,RGI2000-v7.0-G-08-00761,18.569,67.903,08: Scandinavia,LE07_L2SP_197012_19990925_20200918_02_T1,8,9/25/99,7,0.539575928,1.985185084,0.138962956,3.14879999,0.094464,0.630457663,1369.81479,13.6981479,1,ok,0.351313684,0.286624204
Storglaciaren,332,RGI2000-v7.0-G-08-00761,18.569,67.903,08: Scandinavia,LE07_L2SP_197012_20000725_20200918_02_T1,8,7/25/00,4,5.434346249,0.581849643,0.040729475,3.406451508,0.102193545,0.170808139,1606.053119,16.06053119,1,ok,0.170317484,0.228916517
Storglaciaren,332,RGI2000-v7.0-G-08-00761,18.569,67.903,08: Scandinavia,LT05_L2SP_196012_20100908_20200823_02_T1,8,9/8/10,1,5.962923517,1.053187328,0.073723113,3.059445357,0.091783361,0.344241261,1517.766809,15.17766809,1,ok,0.350695287,0.277777778
Storglaciaren,332,RGI2000-v7.0-G-08-00761,18.569,67.903,08: Scandinavia,LT05_L2SP_198012_20050706_20200902_02_T1,8,7/6/05,12,9.550235464,2.728154362,0.190970805,3.509333388,0.105280002,0.777399597,1346.120077,13.46120077,1,ok,0.214354564,0.101265823
Stubacher Sonnblickkees,573,RGI2000-v7.0-G-11-03614,12.5964,47.1316,11: Central Europe,LC09_L2SP_192027_20220804_20230404_02_T1,9,8/4/22,2.65,48.01618385,0.100466452,0.007032652,0.355290787,0.010658724,0.282772465,2896.424282,28.96424282,1,ok,0.284280936,0.4
Stubacher Sonnblickkees,573,RGI2000-v7.0-G-11-03614,12.5964,47.1316,11: Central Europe,LC08_L2SP_192027_20150809_20200909_02_T1,9,8/9/15,5.65,51.97065141,0.304379129,0.021306539,0.589163466,0.017674904,0.516629334,2826.907135,28.26907135,1,ok,0.478871041,0.998039216
Stubacher Sonnblickkees,573,RGI2000-v7.0-G-11-03614,12.5964,47.1316,11: Central Europe,LT05_L2SP_192027_20030925_20200904_02_T1,9,9/25/03,3,7.510921246,1.008056812,0.070563977,1.478678554,0.044360357,0.681728161,2725.889272,27.25889272,1,ok,0.307598095,0.630177317
Stubacher Sonnblickkees,573,RGI2000-v7.0-G-11-03614,12.5964,47.1316,11: Central Europe,LT05_L2SP_192027_20111001_20200820_02_T1,9,10/1/11,1,29.13948697,0.649113749,0.045437962,1.153439492,0.034603185,0.56276359,2764.833076,27.64833076,1,ok,0.429795921,1
Stubacher Sonnblickkees,573,RGI2000-v7.0-G-11-03614,12.5964,47.1316,11: Central Europe,LC08_L2SP_192027_20170830_20200903_02_T1,9,8/30/17,1.18,39.72415488,0.13538516,0.009476961,0.540824186,0.016224726,0.250331186,2888.817437,28.88817437,1,ok,0.256772559,0.347826087
Stubacher Sonnblickkees,573,RGI2000-v7.0-G-11-03614,12.5964,47.1316,11: Central Europe,LT05_L2SP_192027_19920809_20200914_02_T1,9,8/9/92,1,17.36472684,0.502869875,0.035200891,1.196957974,0.035908739,0.42012325,2804.705944,28.04705944,1,ok,0.416327931,0.724431818
Stubacher Sonnblickkees,573,RGI2000-v7.0-G-11-03614,12.5964,47.1316,11: Central Europe,LT05_L2SP_192027_19980810_20200908_02_T1,9,8/10/98,1,17.95099646,0.786746279,0.05507224,1.304374429,0.039131233,0.603159846,2742.101377,27.42101377,1,ok,0.396126966,0.606060606
Stubacher Sonnblickkees,573,RGI2000-v7.0-G-11-03614,12.5964,47.1316,11: Central Europe,LT05_L2SP_192027_19940815_20200913_02_T1,9,8/15/94,14,27.16016877,0.544562339,0.038119364,1.108027269,0.033240818,0.49147016,2794.994263,27.94994263,1,ok,0.496844517,0.944444444
Stubacher Sonnblickkees,573,RGI2000-v7.0-G-11-03614,12.5964,47.1316,11: Central Europe,LT05_L2SP_192027_19860809_20200918_02_T1,9,8/9/86,7,12.09597971,0.714810738,0.050036752,1.370996231,0.041129887,0.521380527,2761.835759,27.61835759,1,ok,0.474608254,0.789803922
Stubacher Sonnblickkees,573,RGI2000-v7.0-G-11-03614,12.5964,47.1316,11: Central Europe,LC08_L2SP_192027_20190921_20200826_02_T1,9,9/21/19,0.74,39.35751696,0.31268919,0.021888243,0.68629793,0.020588938,0.455617271,2859.446723,28.59446723,1,ok,0.454313462,0.8125
Stubacher Sonnblickkees,573,RGI2000-v7.0-G-11-03614,12.5964,47.1316,11: Central Europe,LT05_L2SP_192027_20100912_20200823_02_T1,9,9/12/10,2,18.39662281,1.06737272,0.07471609,1.378876525,0.041366296,0.774088688,2701.849589,27.01849589,1,ok,0.218426285,0.452380952
Stubacher Sonnblickkees,573,RGI2000-v7.0-G-11-03614,12.5964,47.1316,11: Central Europe,LT05_L2SP_192027_19910807_20200915_02_T1,9,8/7/91,1,12.68334639,0.968111891,0.067767832,1.442644588,0.043279338,0.671067496,2721.862116,27.21862116,1,ok,0.322483226,0.369565217
Stubacher Sonnblickkees,573,RGI2000-v7.0-G-11-03614,12.5964,47.1316,11: Central Europe,LT05_L2SP_192027_20060901_20200831_02_T1,9,9/1/06,4,5.045166018,0.045871652,0.003211016,1.528491718,0.045854752,0.030011057,2973.362264,29.73362264,0,secondary_peak_too_small,0.030230536,0.059716173
Stubacher Sonnblickkees,573,RGI2000-v7.0-G-11-03614,12.5964,47.1316,11: Central Europe,LT05_L2SP_192027_19990914_20200907_02_T1,9,9/14/99,2,18.56052378,0.582920376,0.040804426,1.260383955,0.037811519,0.462494285,2781.819516,27.81819516,1,ok,0.46649639,1
Stubacher Sonnblickkees,573,RGI2000-v7.0-G-11-03614,12.5964,47.1316,11: Central Europe,LT05_L2SP_192027_19900804_20200915_02_T1,9,8/4/90,2,10.88965098,1.053223412,0.073725639,1.412808415,0.042384252,0.74548212,2705.784368,27.05784368,1,ok,0.249028438,0.282066464
Stubacher Sonnblickkees,573,RGI2000-v7.0-G-11-03614,12.5964,47.1316,11: Central Europe,LE07_L2SP_192027_20020930_20200916_02_T1,9,9/30/02,1,0.111900264,1.10769736,0.077538815,1.531544683,0.04594634,0.723255006,2713.864147,27.13864147,1,ok,0.268200752,0.463531016
Stubacher Sonnblickkees,573,RGI2000-v7.0-G-11-03614,12.5964,47.1316,11: Central Europe,LT05_L2SP_192027_20051016_20200901_02_T1,9,10/16/05,7,7.418109851,1.020364591,0.071425521,1.426036484,0.042781095,0.715524885,2718.147996,27.18147996,1,ok,0.279053079,0.576769558
Stubacher Sonnblickkees,573,RGI2000-v7.0-G-11-03614,12.5964,47.1316,11: Central Europe,LC08_L2SP_192027_20130904_20200913_02_T1,9,9/4/13,1.95,36.72983546,0.761461254,0.053302288,0.979876666,0.0293963,0.777099078,2734.756368,27.34756368,1,ok,0.225228717,0.218910964
Stubacher Sonnblickkees,573,RGI2000-v7.0-G-11-03614,12.5964,47.1316,11: Central Europe,LT05_L2SP_192027_19930812_20200913_02_T1,9,8/12/93,5,12.49179947,1.05633755,0.073943629,1.397355744,0.041920672,0.755954634,2698.072841,26.98072841,1,ok,0.242828733,0.288355342
Stubacher Sonnblickkees,573,RGI2000-v7.0-G-11-03614,12.5964,47.1316,11: Central Europe,LT05_L2SP_192027_19961023_20211124_02_T1,9,10/23/96,10,17.54903316,0.9243936,0.064707552,1.377630573,0.041328917,0.67100253,2725.822222,27.25822222,1,ok,0.323117568,0.846746486
Stubacher Sonnblickkees,573,RGI2000-v7.0-G-11-03614,12.5964,47.1316,11: Central Europe,LT05_L2SP_192027_20000815_20200906_02_T1,9,8/15/00,5,14.29119959,1.158430922,0.081090165,1.395457674,0.04186373,0.830144076,2662.316422,26.62316422,1,ok,0.162149726,0.140680953
Stubacher Sonnblickkees,573,RGI2000-v7.0-G-11-03614,12.5964,47.1316,11: Central Europe,LT05_L2SP_192027_19970908_20200910_02_T1,9,9/8/97,10,12.20919645,1.099322458,0.076952572,1.388659627,0.041659789,0.791642845,2686.065448,26.86065448,1,ok,0.204198137,0.344687541
Stubacher Sonnblickkees,573,RGI2000-v7.0-G-11-03614,12.5964,47.1316,11: Central Europe,LT05_L2SP_192027_19890918_20211121_02_T1,9,9/18/89,2,9.427706944,1.101156081,0.077080926,1.458029453,0.043740884,0.755235828,2701.932061,27.01932061,1,ok,0.240833873,0.445560993
Stubacher Sonnblickkees,573,RGI2000-v7.0-G-11-03614,12.5964,47.1316,11: Central Europe,LC09_L2SP_192027_20230908_20230910_02_T1,9,9/8/23,0.83,43.90746945,0.289511368,0.020265796,0.571200302,0.017136009,0.506847365,2835.013951,28.35013951,1,ok,0.488060646,1
Tsentralniy,817,RGI2000-v7.0-G-13-33843,77.08058731,43.043653,"13: Asia, Central",LC08_L2SP_149030_20220916_20220922_02_T1,9,9/16/22,0.51,4.751659751,0.882995329,0.061809673,1.932901255,0.057987038,0.456823817,3813.878238,38.13878238,1,ok,0.464416455,0.909090909
Tsentralniy,817,RGI2000-v7.0-G-13-33843,77.08058731,43.043653,"13: Asia, Central",LT05_L2SP_149030_20080925_20200829_02_T1,9,9/25/08,2,11.77728216,1.291906749,0.090433472,2.141722656,0.06425168,0.603209172,3738.133926,37.38133926,1,ok,0.389549282,0.80952381
Tsentralniy,817,RGI2000-v7.0-G-13-33843,77.08058731,43.043653,"13: Asia, Central",LT05_L2SP_149030_20060920_20200831_02_T1,9,9/20/06,10,2.867427386,2.25094456,0.157566119,3.179083136,0.095372494,0.708048347,3685.872587,36.85872587,1,ok,0.288382431,0.233849743
Tsentralniy,817,RGI2000-v7.0-G-13-33843,77.08058731,43.043653,"13: Asia, Central",LC08_L2SP_149030_20170918_20200903_02_T1,9,9/18/17,0.72,2.512863071,0.999353853,0.06995477,2.005207225,0.060156217,0.49837934,3786.000908,37.86000908,1,ok,0.494830265,0.898305085
Tsentralniy,817,RGI2000-v7.0-G-13-33843,77.08058731,43.043653,"13: Asia, Central",LC08_L2SP_149030_20140809_20200911_02_T1,9,8/9/14,2.27,7.212966805,0.66014049,0.046209834,2.08673298,0.062601989,0.316351204,3917.510449,39.17510449,1,ok,0.318974683,0.338235294
Tsentralniy,817,RGI2000-v7.0-G-13-33843,77.08058731,43.043653,"13: Asia, Central",LC08_L2SP_149030_20150929_20200908_02_T1,9,9/29/15,4.8,0.423340249,2.263324988,0.158432749,3.058407354,0.091752221,0.740033856,3669.936555,36.69936555,1,ok,0.25710427,0.210663286
Tsentralniy,817,RGI2000-v7.0-G-13-33843,77.08058731,43.043653,"13: Asia, Central",LC08_L2SP_149030_20190807_20200827_02_T1,9,8/7/19,2.48,2.661618257,0.756741431,0.0529719,2.026881825,0.060806455,0.373352517,3890.32045,38.9032045,1,ok,0.378497945,0.289156627
Tsentralniy,817,RGI2000-v7.0-G-13-33843,77.08058731,43.043653,"13: Asia, Central",LT05_L2SP_149030_19900807_20200915_02_T1,9,8/7/90,1,3.075207469,0.965816039,0.067607123,2.63843806,0.079153142,0.366055983,3849.967605,38.49967605,1,ok,0.3696609,0.270833333
Tsentralniy,817,RGI2000-v7.0-G-13-33843,77.08058731,43.043653,"13: Asia, Central",LC08_L2SP_149030_20210913_20210924_02_T1,9,9/13/21,5.28,9.77313278,1.544350783,0.108104555,2.300031284,0.069000939,0.671447729,3734.129861,37.34129861,1,ok,0.328239429,0.2
Tsentralniy,817,RGI2000-v7.0-G-13-33843,77.08058731,43.043653,"13: Asia, Central",LT05_L2SP_149030_19951024_20200912_02_T1,9,10/24/95,3,4.686618257,1.597544211,0.111828095,2.52439935,0.075731981,0.632841318,3694.075689,36.94075689,1,ok,0.367036958,0.545770878
Tsentralniy,817,RGI2000-v7.0-G-13-33843,77.08058731,43.043653,"13: Asia, Central",LT05_L2SP_149030_20070907_20200830_02_T1,9,9/7/07,4,4.942634855,0.65685233,0.045979663,2.338267532,0.070148026,0.280914105,3942.52263,39.4252263,1,ok,0.284662271,0.260869565
Tsentralniy,817,RGI2000-v7.0-G-13-33843,77.08058731,43.043653,"13: Asia, Central",LE07_L2SP_149030_20021003_20200916_02_T1,9,10/3/02,2,8.997925311,1.539043034,0.107733012,2.481314069,0.074439422,0.620253217,3717.770207,37.17770207,1,ok,0.374518135,0.625876578
Tsentralniy,817,RGI2000-v7.0-G-13-33843,77.08058731,43.043653,"13: Asia, Central",LC08_L2SP_149030_20230903_20230912_02_T1,9,9/3/23,2.7,6.722821577,0.68775221,0.048142655,2.039422374,0.061182671,0.337228923,3926.034319,39.26034319,1,ok,0.338056799,0.458333333
Tsentralniy,817,RGI2000-v7.0-G-13-33843,77.08058731,43.043653,"13: Asia, Central",LC08_L2SP_149030_20130923_20200912_02_T1,9,9/23/13,1.89,10.16493776,1.633075906,0.114315313,2.258781054,0.067763432,0.722989908,3701.818562,37.01818562,1,ok,0.277159767,0.214285714
Tsentralniy,817,RGI2000-v7.0-G-13-33843,77.08058731,43.043653,"13: Asia, Central",LE07_L2SP_149030_20010930_20200917_02_T1,9,9/30/01,8,12.2409751,1.135902259,0.079513158,2.997421223,0.089922637,0.378959837,3809.93044,38.0993044,1,ok,0.381369464,0.567607334
Tsentralniy,817,RGI2000-v7.0-G-13-33843,77.08058731,43.043653,"13: Asia, Central",LT05_L2SP_149030_20110918_20200820_02_T1,9,9/18/11,5,17.80404564,1.68896884,0.118227819,2.580596981,0.077417909,0.654487645,3722.013521,37.22013521,1,ok,0.341881253,0.36
Tsentralniy,817,RGI2000-v7.0-G-13-33843,77.08058731,43.043653,"13: Asia, Central",LC08_L2SP_149030_20200825_20200905_02_T1,9,8/25/20,10.31,14.64751037,0.207698479,0.014538894,1.547330565,0.046419917,0.134230192,4089.850483,40.89850483,1,ok,0.134737006,0.195121951
Tsentralniy,817,RGI2000-v7.0-G-13-33843,77.08058731,43.043653,"13: Asia, Central",LC08_L2SP_149030_20160915_20200906_02_T1,9,9/15/16,1.36,9.756327801,1.671202904,0.116984203,2.463655339,0.07390966,0.678342817,3721.967928,37.21967928,1,ok,0.319913926,0.268656716
Tsentralniy,817,RGI2000-v7.0-G-13-33843,77.08058731,43.043653,"13: Asia, Central",LC08_L2SP_149030_20180905_20200831_02_T1,9,9/5/18,5.44,8.855705394,1.606814812,0.112477037,2.409847645,0.072295429,0.66677029,3734.129861,37.34129861,1,ok,0.330812672,0.46
Tsentralniy,817,RGI2000-v7.0-G-13-33843,77.08058731,43.043653,"13: Asia, Central",LT05_L2SP_149030_19940903_20200913_02_T1,9,9/3/94,1,3.129460581,0.920505628,0.064435394,2.580001546,0.077400046,0.356784913,3849.979117,38.49979117,1,ok,0.361956116,0.282409898
Tsentralniy,817,RGI2000-v7.0-G-13-33843,77.08058731,43.043653,"13: Asia, Central",LT05_L2SP_149030_20100915_20200823_02_T1,9,9/15/10,3,14.44543568,1.751361373,0.122595296,2.711844957,0.081355349,0.645819138,3725.962604,37.25962604,1,ok,0.350004689,0.303030303
Tsentralniy,817,RGI2000-v7.0-G-13-33843,77.08058731,43.043653,"13: Asia, Central",LT05_L2SP_149030_20090912_20200825_02_T1,9,9/12/09,2,0.559958506,2.317594985,0.162231649,3.242709224,0.097281277,0.714709468,3685.872587,36.85872587,1,ok,0.28199307,0.278971246
Tsentralniy,817,RGI2000-v7.0-G-13-33843,77.08058731,43.043653,"13: Asia, Central",LT05_L2SP_149030_19930815_20200913_02_T1,9,8/15/93,6,5.412448133,2.168901284,0.15182309,3.231954849,0.096958645,0.671080317,3705.851718,37.05851718,1,ok,0.322586831,0.313435229
Tsentralniy,817,RGI2000-v7.0-G-13-33843,77.08058731,43.043653,"13: Asia, Central",LE07_L2SP_149030_19990909_20200918_02_T1,9,9/9/99,3,10.74284232,1.063063932,0.074414475,2.780901461,0.083427044,0.382273139,3830.030771,38.30030771,1,ok,0.384052964,0.559470065
Tsentralniy,817,RGI2000-v7.0-G-13-33843,77.08058731,43.043653,"13: Asia, Central",LE07_L2SP_149030_20000927_20200917_02_T1,9,9/27/00,6,42.3906639,1.316346171,0.092144232,3.029414511,0.090882435,0.434521643,3781.991145,37.81991145,1,ok,0.435986559,0.491411814
Tsentralniy,817,RGI2000-v7.0-G-13-33843,77.08058731,43.043653,"13: Asia, Central",LT05_L2SP_149030_19961010_20200911_02_T1,9,10/10/96,10,67.62510373,1.83929015,0.12875031,2.597475237,0.077924257,0.708106905,3666.059102,36.66059102,1,ok,0.289380259,0.725
Tsentralniy,817,RGI2000-v7.0-G-13-33843,77.08058731,43.043653,"13: Asia, Central",LT05_L2SP_149030_19971029_20200909_02_T1,9,10/29/97,2,9.433091286,1.187307431,0.08311152,2.078192347,0.06234577,0.571317392,3709.902,37.09902,1,ok,0.427539655,0.247619048
Tsentralniy,817,RGI2000-v7.0-G-13-33843,77.08058731,43.043653,"13: Asia, Central",LT05_L2SP_149030_19980930_20200908_02_T1,9,9/30/98,9,31.04792531,1.015695123,0.071098659,2.285356003,0.06856068,0.444436281,3745.917476,37.45917476,1,ok,0.447536123,0.928571429
Tungnaarjokull,3126,RGI2000-v7.0-G-06-00224,-17.927,64.3475,06: Iceland,LC08_L2SP_217015_20150925_20200908_02_T1,8,9/25/15,3.81,0.525410316,177.8626633,12.45038643,229.2008185,6.876024556,0.776012339,1058.006824,10.58006824,0,secondary_peak_too_small,0.222831872,0.05579998
Tungnaarjokull,3126,RGI2000-v7.0-G-06-00224,-17.927,64.3475,06: Iceland,LC08_L2SP_217015_20190702_20200827_02_T1,8,7/2/19,10.13,0.53780521,157.7373319,11.04161323,198.4504791,5.953514372,0.794844803,1101.988479,11.01988479,1,ok,0.203049272,0.149193637
Tungnaarjokull,3126,RGI2000-v7.0-G-06-00224,-17.927,64.3475,06: Iceland,LC08_L2SP_217015_20210808_20210819_02_T1,8,8/8/21,5.95,0.937919175,87.322855,6.11259985,137.0052264,4.110156793,0.637368787,1262.038225,12.62038225,1,ok,0.361195455,0.633929662
Tungnaarjokull,3126,RGI2000-v7.0-G-06-00224,-17.927,64.3475,06: Iceland,LC08_L2SP_217015_20220827_20220909_02_T1,8,8/27/22,3.16,13.91961618,29.79039578,2.085327704,105.2965897,3.15889769,0.282918904,1369.988271,13.69988271,1,ok,0.284973197,0.214210056
Tungnaarjokull,3126,RGI2000-v7.0-G-06-00224,-17.927,64.3475,06: Iceland,LC08_L2SP_217015_20230814_20230819_02_T1,8,8/14/23,9.55,1.435010521,63.71748363,4.460223854,120.944585,3.628337551,0.52683205,1322.050487,13.22050487,1,ok,0.471627237,0.66121739
Tungnaarjokull,3126,RGI2000-v7.0-G-06-00224,-17.927,64.3475,06: Iceland,LC08_L2SP_217015_20240715_20240722_02_T1,8,7/15/24,6.06,4.50252069,105.6369948,7.394589633,169.3351994,5.080055982,0.623833646,1230.040762,12.30040762,1,ok,0.372087008,0.410510737
Tungnaarjokull,3126,RGI2000-v7.0-G-06-00224,-17.927,64.3475,06: Iceland,LC08_L2SP_219015_20170710_20200903_02_T1,8,7/10/17,4.2,0.483202626,189.1412252,13.23988576,218.960076,6.568802281,0.863816037,1018.017017,10.18017017,0,secondary_peak_too_small,0.134805439,0.046946605
Tungnaarjokull,3126,RGI2000-v7.0-G-06-00224,-17.927,64.3475,06: Iceland,LC08_L2SP_219015_20200702_20200913_02_T1,8,7/2/20,5.95,0.29245302,172.7527435,12.09269204,210.8745628,6.326236883,0.819220399,1070.038421,10.70038421,0,secondary_peak_too_small,0.178811426,0.083569652
Tungnaarjokull,3126,RGI2000-v7.0-G-06-00224,-17.927,64.3475,06: Iceland,LE07_L2SP_218015_19990928_20200918_02_T1,8,9/28/99,12,0.033603168,237.3624092,16.61536864,270.3818221,8.111454662,0.877878577,852.0200715,8.520200715,0,secondary_peak_too_small,0.119520177,0.074419171
Tungnaarjokull,3126,RGI2000-v7.0-G-06-00224,-17.927,64.3475,06: Iceland,LE07_L2SP_219015_20000820_20200918_02_T1,8,8/20/00,15,0.011166077,89.55654947,6.268958463,213.5960572,6.407881717,0.419279975,1268.102371,12.68102371,1,ok,0.420310865,0.648308586
Tungnaarjokull,3126,RGI2000-v7.0-G-06-00224,-17.927,64.3475,06: Iceland,LT05_L2SP_218015_19860916_20200917_02_T1,8,9/16/86,3,0.104635172,200.433998,14.03037986,244.9452784,7.348358351,0.818280717,990.0378184,9.900378184,0,secondary_peak_too_small,0.179142228,0.053399439
Tungnaarjokull,3126,RGI2000-v7.0-G-06-00224,-17.927,64.3475,06: Iceland,LT05_L2SP_218015_19920714_20200914_02_T1,8,7/14/92,1,0.448432195,199.6586049,13.97610234,233.018942,6.990568259,0.856834227,990.0395377,9.900395377,0,secondary_peak_too_small,0.142425064,0.071309693
Tungnaarjokull,3126,RGI2000-v7.0-G-06-00224,-17.927,64.3475,06: Iceland,LT05_L2SP_219015_19880912_20200917_02_T1,8,9/12/88,15,0.013968284,121.4227183,8.499590283,213.8651049,6.415953146,0.567753764,1189.887069,11.89887069,1,ok,0.428496292,0.723254536
Tungnaarjokull,3126,RGI2000-v7.0-G-06-00224,-17.927,64.3475,06: Iceland,LT05_L2SP_219015_19940812_20200913_02_T1,8,8/12/94,6,0.348831291,183.1140594,12.81798416,226.4504167,6.793512501,0.808627611,1037.997106,10.37997106,1,ok,0.190741088,0.114558788
Tungnaarjokull,3126,RGI2000-v7.0-G-06-00224,-17.927,64.3475,06: Iceland,LT05_L2SP_219015_19960817_20200911_02_T1,8,8/17/96,1,0.004614638,114.5609668,8.019267673,204.9219627,6.147658882,0.559046796,1203.999068,12.03999068,1,ok,0.43930032,0.600878113
Tungnaarjokull,3126,RGI2000-v7.0-G-06-00224,-17.927,64.3475,06: Iceland,LT05_L2SP_219015_19980823_20241030_02_T1,8,8/23/98,1,0.027729286,61.70486309,4.319340416,236.9883324,7.109649973,0.26037089,1331.830285,13.31830285,1,ok,0.262298585,0.759110142
Urumqi No.1,853,RGI2000-v7.0-G-13-40241&42,,,"13: Asia, Central",LC08_L2SP_143030_20220805_20220818_02_T1,9,8/5/22,4.61,0.736035018,0.266997376,0.018689816,1.203387038,0.036101611,0.221871573,4161.707574,41.61707574,1,ok,0.223123125,0.169230769
Urumqi No.1,853,RGI2000-v7.0-G-13-40241&42,,,"13: Asia, Central",LT05_L2SP_143030_20100820_20200823_02_T1,9,8/20/10,1,0.767937092,0.288005493,0.020160384,1.401113269,0.042033398,0.205554753,4145.910091,41.45910091,1,ok,0.209183892,0.202898551
Urumqi No.1,853,RGI2000-v7.0-G-13-40241&42,,,"13: Asia, Central",LC08_L2SP_143030_20210802_20210810_02_T1,9,8/2/21,1.14,4.319179647,0.898096881,0.062866782,1.492307818,0.044769235,0.601817447,3998.029678,39.98029678,1,ok,0.395119542,0.615384615
Urumqi No.1,853,RGI2000-v7.0-G-13-40241&42,,,"13: Asia, Central",LT05_L2SP_143030_20110807_20200820_02_T1,9,8/7/11,0,0.83222278,0.137615676,0.009633097,1.349234399,0.040477032,0.101995381,4222.330287,42.22330287,0,secondary_peak_too_small,0.10011145,0.089552239
Urumqi No.1,853,RGI2000-v7.0-G-13-40241&42,,,"13: Asia, Central",LC08_L2SP_143030_20130828_20200913_02_T1,9,8/28/13,1.22,3.183947358,1.004447633,0.070311334,1.560603371,0.046818101,0.643627748,3978.414568,39.78414568,1,ok,0.356127688,0.566666667
Urumqi No.1,853,RGI2000-v7.0-G-13-40241&42,,,"13: Asia, Central",LC08_L2SP_143030_20150818_20200908_02_T1,9,8/18/15,1.76,6.486835278,1.090476225,0.076333336,1.612414138,0.048372424,0.676300337,3966.254219,39.66254219,1,ok,0.321499904,0.454545455
Urumqi No.1,853,RGI2000-v7.0-G-13-40241&42,,,"13: Asia, Central",LC08_L2SP_143030_20160804_20200906_02_T1,9,8/4/16,1.72,0.429775108,0.310338877,0.021723721,1.25920334,0.0377761,0.246456523,4129.903378,41.29903378,1,ok,0.248462436,0.12962963
Urumqi No.1,853,RGI2000-v7.0-G-13-40241&42,,,"13: Asia, Central",LT05_L2SP_143030_20060910_20200831_02_T1,9,9/10/06,2,19.32278518,1.158634687,0.081104428,1.898509071,0.056955272,0.610286622,3986.097158,39.86097158,1,ok,0.385561182,0.50996483
Urumqi No.1,853,RGI2000-v7.0-G-13-40241&42,,,"13: Asia, Central",LT05_L2SP_143030_20070913_20200830_02_T1,9,9/13/07,1,4.159428507,1.127898102,0.078952867,1.721376976,0.051641309,0.655230155,3969.806885,39.69806885,1,ok,0.346327373,0.466666667
Urumqi No.1,853,RGI2000-v7.0-G-13-40241&42,,,"13: Asia, Central",LC08_L2SP_143030_20170807_20200903_02_T1,9,8/7/17,10.64,6.834387306,0.791020849,0.055371459,1.441563197,0.043246896,0.548724364,4005.542777,40.05542777,1,ok,0.445257213,1
Urumqi No.1,853,RGI2000-v7.0-G-13-40241&42,,,"13: Asia, Central",LT05_L2SP_143030_19910901_20200915_02_T1,9,9/1/91,1,4.389123439,1.193572436,0.083550071,1.796295911,0.053888877,0.664463148,3946.623248,39.46623248,1,ok,0.335677488,0.340909091
Urumqi No.1,853,RGI2000-v7.0-G-13-40241&42,,,"13: Asia, Central",LT05_L2SP_143030_20040920_20200903_02_T1,9,9/20/04,3,7.510109346,1.369623985,0.095873679,2.201069832,0.066032095,0.622253763,3994.123764,39.94123764,1,ok,0.371209075,0.641812176
Urumqi No.1,853,RGI2000-v7.0-G-13-40241&42,,,"13: Asia, Central",LC08_L2SP_143030_20190813_20200827_02_T1,9,8/13/19,0.18,1.574638212,0.583513638,0.040845955,1.426632745,0.042798982,0.409014612,4065.960045,40.65960045,1,ok,0.4105013,0.476190476
Urumqi No.1,853,RGI2000-v7.0-G-13-40241&42,,,"13: Asia, Central",LT05_L2SP_143030_19940824_20200913_02_T1,9,8/24/94,0,2.633787065,0.765416922,0.053579185,1.722800361,0.051684011,0.444286488,4038.274329,40.38274329,1,ok,0.4457323,0.594594595
Urumqi No.1,853,RGI2000-v7.0-G-13-40241&42,,,"13: Asia, Central",LC08_L2SP_143030_20200831_20200906_02_T1,9,8/31/20,7.13,13.16989841,1.058949576,0.07412647,1.728331229,0.051849937,0.612700597,3998.05849,39.9805849,1,ok,0.382946517,0.457142857
Urumqi No.1,853,RGI2000-v7.0-G-13-40241&42,,,"13: Asia, Central",LC08_L2SP_143030_20140831_20200911_02_T1,9,8/31/14,1.32,1.429814836,0.630801042,0.044156073,1.476545749,0.044296372,0.427214018,4054.09728,40.5409728,1,ok,0.427735927,0.5
Urumqi No.1,853,RGI2000-v7.0-G-13-40241&42,,,"13: Asia, Central",LT05_L2SP_143030_20030817_20200904_02_T1,9,8/17/03,1,3.420745016,0.75556194,0.052889336,1.641976053,0.049259282,0.460154056,4042.049375,40.42049375,1,ok,0.46279216,0.64516129
Urumqi No.1,853,RGI2000-v7.0-G-13-40241&42,,,"13: Asia, Central",LT05_L2SP_143030_20000808_20200906_02_T1,9,8/8/00,3,18.87097959,1.06949571,0.0748647,1.647236293,0.049417089,0.649266723,3966.330292,39.66330292,1,ok,0.346377196,0.490909091
Urumqi No.1,853,RGI2000-v7.0-G-13-40241&42,,,"13: Asia, Central",LT05_L2SP_143030_20050907_20200901_02_T1,9,9/7/05,1,3.36813669,1.056986008,0.073989021,1.666327805,0.049989834,0.634320573,3978.442192,39.78442192,1,ok,0.36523913,0.533333333
Urumqi No.1,853,RGI2000-v7.0-G-13-40241&42,,,"13: Asia, Central",LT05_L2SP_143030_20090716_20200827_02_T1,9,7/16/09,12,9.184546876,0.467532175,0.032727252,2.339019215,0.070170576,0.199883854,4185.902123,41.85902123,1,ok,0.201945307,0.636363636
Urumqi No.1,853,RGI2000-v7.0-G-13-40241&42,,,"13: Asia, Central",LT05_L2SP_143030_19960829_20200911_02_T1,9,8/29/96,0,5.074115139,1.179689082,0.082578236,1.78897588,0.053669276,0.659421457,3957.339209,39.57339209,1,ok,0.341821929,0.432594436
Urumqi No.1,853,RGI2000-v7.0-G-13-40241&42,,,"13: Asia, Central",LT05_L2SP_143030_19930821_20200913_02_T1,9,8/21/93,15,6.404612197,1.40856158,0.098599311,2.396673178,0.071900195,0.587715335,4010.321308,40.10321308,1,ok,0.405982742,0.413412976
Urumqi No.1,853,RGI2000-v7.0-G-13-40241&42,,,"13: Asia, Central",LC09_L2SP_143030_20240802_20240803_02_T1,9,8/2/24,1.36,0.652246929,0.177672785,0.012437095,1.133863567,0.034015907,0.156696794,4190.270182,41.90270182,1,ok,0.155844965,0.205882353
Vernagtferner,489,RGI2000-v7.0-G-11-03124,10.818,46.8762,11: Central Europe,LC08_L2SP_193027_20230907_20230912_02_T1,9,9/7/23,0.47,11.3756392,0.238676267,0.016707339,5.024333891,0.150730017,0.047504062,3413.811248,34.13811248,0,secondary_peak_too_small,0.047874629,0.067114094
Vernagtferner,489,RGI2000-v7.0-G-11-03124,10.818,46.8762,11: Central Europe,LT05_L2SP_193027_20030916_20200904_02_T1,9,9/16/03,9,2.389594388,7.48694594,0.524086216,9.270193833,0.278105815,0.807636396,3013.910643,30.13910643,1,ok,0.191393585,0.130132053
Vernagtferner,489,RGI2000-v7.0-G-11-03124,10.818,46.8762,11: Central Europe,LT05_L2SP_193027_19910830_20200915_02_T1,9,8/30/91,1,7.675440691,3.479661758,0.243576323,8.811454116,0.264343623,0.394902103,3170.030037,31.70030037,1,ok,0.404856471,0.924583475
Vernagtferner,489,RGI2000-v7.0-G-11-03124,10.818,46.8762,11: Central Europe,LT05_L2SP_193027_20090831_20200825_02_T1,9,8/31/09,1,7.294121309,1.554555095,0.108818857,7.564804712,0.226944141,0.205498378,3253.993723,32.53993723,1,ok,0.206031212,0.190809165
Vernagtferner,489,RGI2000-v7.0-G-11-03124,10.818,46.8762,11: Central Europe,LT05_L2SP_193027_20080929_20200829_02_T1,9,9/29/08,15,8.379866535,7.403915287,0.51827407,8.765634577,0.262969037,0.844652515,3001.913499,30.01913499,0,secondary_peak_too_small,0.155036659,0.077157917
Vernagtferner,489,RGI2000-v7.0-G-11-03124,10.818,46.8762,11: Central Europe,LT05_L2SP_193027_20110906_20200820_02_T1,9,9/6/11,7,12.3438976,2.822410403,0.197568728,7.733666351,0.232009991,0.364951147,3189.973733,31.89973733,1,ok,0.371438808,0.536585366
Vernagtferner,489,RGI2000-v7.0-G-11-03124,10.818,46.8762,11: Central Europe,LC08_L2SP_193027_20200914_20200919_02_T1,9,9/14/20,0.9,16.17240502,1.244299803,0.087100986,5.886485011,0.17659455,0.211382481,3257.937651,32.57937651,1,ok,0.211190356,0.235294118
Vernagtferner,489,RGI2000-v7.0-G-11-03124,10.818,46.8762,11: Central Europe,LC08_L2SP_193027_20190827_20200826_02_T1,9,8/27/19,3.11,11.36297807,1.83648066,0.128553646,6.430233693,0.192907011,0.28560092,3233.98248,32.3398248,1,ok,0.288278292,0.212560386
Vernagtferner,489,RGI2000-v7.0-G-11-03124,10.818,46.8762,11: Central Europe,LT05_L2SP_193027_19920917_20200914_02_T1,9,9/17/92,1,9.195519373,2.274614652,0.159223026,8.681328901,0.260439867,0.262012265,3226.010022,32.26010022,1,ok,0.265463965,0.37359944
Vernagtferner,489,RGI2000-v7.0-G-11-03124,10.818,46.8762,11: Central Europe,LT05_L2SP_193027_20061010_20200831_02_T1,9,10/10/06,2,10.90675288,7.518065397,0.526264578,8.881147902,0.266434437,0.846519558,2994.005741,29.94005741,1,ok,0.153311518,0.10579133
Vernagtferner,489,RGI2000-v7.0-G-11-03124,10.818,46.8762,11: Central Europe,LT05_L2SP_193027_19980817_20200908_02_T1,9,8/17/98,11,9.318028216,1.910833689,0.133758358,8.455642262,0.253669268,0.22598327,3242.148584,32.42148584,1,ok,0.227377218,0.195238095
Vernagtferner,489,RGI2000-v7.0-G-11-03124,10.818,46.8762,11: Central Europe,LT05_L2SP_193027_20040902_20200903_02_T1,9,9/2/04,1,8.369044449,3.202593255,0.224181528,8.507188248,0.255215647,0.376457316,3182.039936,31.82039936,1,ok,0.377313611,0.694656489
Vernagtferner,489,RGI2000-v7.0-G-11-03124,10.818,46.8762,11: Central Europe,LT05_L2SP_193027_20050905_20200901_02_T1,9,9/5/05,6,10.22991274,4.842428168,0.338969972,8.682295854,0.260468876,0.557735909,3121.982541,31.21982541,1,ok,0.443094716,0.36
Vernagtferner,489,RGI2000-v7.0-G-11-03124,10.818,46.8762,11: Central Europe,LT05_L2SP_193027_19900928_20211121_02_T1,9,9/28/90,5,5.216386902,8.092348835,0.566464418,9.266780692,0.278003421,0.873264309,2970.180415,29.70180415,0,secondary_peak_too_small,0.124462175,0.082446514
Vernagtferner,489,RGI2000-v7.0-G-11-03124,10.818,46.8762,11: Central Europe,LT05_L2SP_193027_19930920_20200913_02_T1,9,9/20/93,9,2.176371001,7.987338891,0.559113722,9.397879336,0.28193638,0.849908645,2990.020089,29.90020089,1,ok,0.147623668,0.145751634
Vernagtferner,489,RGI2000-v7.0-G-11-03124,10.818,46.8762,11: Central Europe,LT05_L2SP_193027_19880922_20211118_02_T1,9,9/22/88,5,6.665061037,5.121138614,0.358479703,9.087245844,0.272617375,0.563552335,3113.988236,31.13988236,1,ok,0.432612163,0.625
Vernagtferner,489,RGI2000-v7.0-G-11-03124,10.818,46.8762,11: Central Europe,LT05_L2SP_193027_19970915_20200909_02_T1,9,9/15/97,1,7.475656496,5.740362285,0.40182536,8.964301263,0.268929038,0.640358029,3082.15895,30.8215895,1,ok,0.356194325,0.425287356
Vernagtferner,489,RGI2000-v7.0-G-11-03124,10.818,46.8762,11: Central Europe,LT05_L2SP_193027_20010825_20200906_02_T1,9,8/25/01,1,7.256173275,4.613506664,0.322945467,8.843903958,0.265317119,0.521659517,3129.993187,31.29993187,1,ok,0.477567353,0.955445545
Vernagtferner,489,RGI2000-v7.0-G-11-03124,10.818,46.8762,11: Central Europe,LE07_L2SP_193027_20000814_20200918_02_T1,9,8/14/00,10,12.9769189,5.172806955,0.362096487,9.081708189,0.272451246,0.569585242,3113.979291,31.13979291,1,ok,0.429598442,0.632496488
Vernagtferner,489,RGI2000-v7.0-G-11-03124,10.818,46.8762,11: Central Europe,LT05_L2SP_193027_19891027_20200916_02_T1,9,10/27/89,4,6.552596222,7.80522247,0.546365573,8.929656518,0.267889696,0.87407869,2965.994837,29.65994837,1,ok,0.124569486,0.128015983
Vernagtferner,489,RGI2000-v7.0-G-11-03124,10.818,46.8762,11: Central Europe,LE07_L2SP_193027_19990913_20200918_02_T1,9,9/13/99,1,6.91725808,0.859161057,0.060141274,8.847057704,0.265411731,0.097112632,3325.976625,33.25976625,1,ok,0.097922319,0.147798742
Vernagtferner,489,RGI2000-v7.0-G-11-03124,10.818,46.8762,11: Central Europe,LT05_L2SP_193027_19850813_20200918_02_T1,9,8/13/85,2,5.491076907,7.561104701,0.529277329,9.56777443,0.287033233,0.790267868,3022.020578,30.22020578,0,secondary_peak_too_small,0.205487256,0.095791767
Vernagtferner,489,RGI2000-v7.0-G-11-03124,10.818,46.8762,11: Central Europe,LC08_L2SP_193027_20150901_20200908_02_T1,9,9/1/15,6.44,16.66332455,1.987754702,0.139142829,6.46113297,0.193833989,0.30764801,3222.142845,32.22142845,1,ok,0.308278054,0.472
Vodopadniy,780,RGI2000-v7.0-G-10-01576,87.78030396,50.04769898,"10: Asia, North",LT05_L2SP_144025_19941018_20200912_02_T1,9,10/18/94,1,0,0.426711427,0.0298698,0.880797723,0.026423932,0.484460184,3390.144625,33.90144625,1,ok,0.491221559,0.31407563
Vodopadniy,780,RGI2000-v7.0-G-10-01576,87.78030396,50.04769898,"10: Asia, North",LT05_L2SP_144025_19930812_20200913_02_T1,9,8/12/93,12,2.090891789,0.828834594,0.058018422,1.101451269,0.033043538,0.752493204,3102.601904,31.02601904,1,ok,0.246752785,0.449064827
Vodopadniy,780,RGI2000-v7.0-G-10-01576,87.78030396,50.04769898,"10: Asia, North",LC08_L2SP_144025_20150825_20200908_02_T1,9,8/25/15,15.03,5.244923692,0.466206188,0.032634433,0.828267779,0.024848033,0.562868917,3349.627319,33.49627319,1,ok,0.438980268,0.6875
Vodopadniy,780,RGI2000-v7.0-G-10-01576,87.78030396,50.04769898,"10: Asia, North",LC08_L2SP_144025_20160928_20200906_02_T1,9,9/28/16,10.51,1.182092855,0.570293922,0.039920575,0.943326704,0.028299801,0.60455611,3346.127573,33.46127573,1,ok,0.391764866,0.732094943
Vodopadniy,780,RGI2000-v7.0-G-10-01576,87.78030396,50.04769898,"10: Asia, North",LC08_L2SP_144025_20170915_20200903_02_T1,9,9/15/17,6.09,1.608538428,0.653224898,0.045725743,1.027358636,0.030820759,0.635829471,3294.531891,32.94531891,1,ok,0.360828504,0.625376884
Vodopadniy,780,RGI2000-v7.0-G-10-01576,87.78030396,50.04769898,"10: Asia, North",LC08_L2SP_144025_20181004_20200830_02_T1,9,10/4/18,13.94,17.65199186,0.552120297,0.038648421,1.015032503,0.030450975,0.543943465,3350.059504,33.50059504,1,ok,0.454491144,0.857142857
Vodopadniy,780,RGI2000-v7.0-G-10-01576,87.78030396,50.04769898,"10: Asia, North",LC08_L2SP_144025_20191007_20200825_02_T1,9,10/7/19,5.13,0.597142755,0.476517389,0.033356217,0.852021977,0.025560659,0.559278284,3373.914793,33.73914793,1,ok,0.428852487,0.738518825
Vodopadniy,780,RGI2000-v7.0-G-10-01576,87.78030396,50.04769898,"10: Asia, North",LC08_L2SP_144025_20201025_20201106_02_T1,9,10/25/20,9.37,0.404141934,0.310960101,0.021767207,0.620307179,0.018609215,0.50130018,3425.896851,34.25896851,1,ok,0.489570311,0.995717345
Vodopadniy,780,RGI2000-v7.0-G-10-01576,87.78030396,50.04769898,"10: Asia, North",LC08_L2SP_144025_20210825_20210901_02_T1,9,8/25/21,0.56,9.661638931,0.466346789,0.032644275,0.919469401,0.027584082,0.5071912,3361.951692,33.61951692,1,ok,0.487275057,0.976688453
Vodopadniy,780,RGI2000-v7.0-G-10-01576,87.78030396,50.04769898,"10: Asia, North",LC08_L2SP_144025_20221015_20221021_02_T1,9,10/15/22,3.6,1.340002617,0.379891909,0.026592434,0.721670195,0.021650106,0.526406538,3406.045306,34.06045306,1,ok,0.467217991,0.829846583
Vodopadniy,780,RGI2000-v7.0-G-10-01576,87.78030396,50.04769898,"10: Asia, North",LC08_L2SP_144025_20231018_20231103_02_T1,9,10/18/23,0.26,0,0.359435777,0.025160504,0.720222087,0.021606663,0.499062419,3413.881076,34.13881076,1,ok,0.497565056,0.944444444
Vodopadniy,780,RGI2000-v7.0-G-10-01576,87.78030396,50.04769898,"10: Asia, North",LC09_L2SP_144025_20240910_20240911_02_T1,9,9/10/24,7.82,2.07988866,0.67521206,0.047264844,1.027953744,0.030838612,0.656850626,3266.601318,32.66601318,1,ok,0.340913585,0.694995045
Vodopadniy,780,RGI2000-v7.0-G-10-01576,87.78030396,50.04769898,"10: Asia, North",LE07_L2SP_144025_20001010_20200918_02_T1,9,10/10/00,1,0,0.50048561,0.035033993,0.96719686,0.029015906,0.517459921,3366.059897,33.66059897,1,ok,0.476021761,0.84
Vodopadniy,780,RGI2000-v7.0-G-10-01576,87.78030396,50.04769898,"10: Asia, North",LE07_L2SP_144025_20010927_20200917_02_T1,9,9/27/01,13,0,0.031808494,0.002226595,1.04850951,0.031455285,0.030336867,3506.241812,35.06241812,1,ok,0.029828591,0.311018775
Vodopadniy,780,RGI2000-v7.0-G-10-01576,87.78030396,50.04769898,"10: Asia, North",LE07_L2SP_144025_20020930_20200916_02_T1,9,9/30/02,6,0,0.524292199,0.036700454,1.030143207,0.030904296,0.50895079,3361.951692,33.61951692,1,ok,0.476164985,0.983753501
Vodopadniy,780,RGI2000-v7.0-G-10-01576,87.78030396,50.04769898,"10: Asia, North",LT05_L2SP_144025_19960820_20200911_02_T1,9,8/20/96,4,6.975983442,0.739815389,0.051787077,1.050623825,0.031518715,0.704167725,3142.234484,31.42234484,1,ok,0.290851787,0.611111111
Vodopadniy,780,RGI2000-v7.0-G-10-01576,87.78030396,50.04769898,"10: Asia, North",LT05_L2SP_144025_19980826_20200909_02_T1,9,8/26/98,0,2.376675747,0.751060282,0.05257422,1.105635408,0.033169062,0.679301944,3178.057465,31.78057465,1,ok,0.313522204,0.580745342
Vodopadniy,780,RGI2000-v7.0-G-10-01576,87.78030396,50.04769898,"10: Asia, North",LT05_L2SP_144025_20060917_20200831_02_T1,9,9/17/06,1,0.448749212,0.693116475,0.048518153,1.054132609,0.031623978,0.657523038,3249.958794,32.49958794,1,ok,0.340338413,0.500294291
Vodopadniy,780,RGI2000-v7.0-G-10-01576,87.78030396,50.04769898,"10: Asia, North",LT05_L2SP_144025_20081008_20200828_02_T1,9,10/8/08,8,1.641250431,0.48626406,0.034038484,0.969782249,0.029093467,0.501415715,3370.995779,33.70995779,1,ok,0.489032776,0.565217391
Vodopadniy,780,RGI2000-v7.0-G-10-01576,87.78030396,50.04769898,"10: Asia, North",LT05_L2SP_144025_20090925_20200825_02_T1,9,9/25/09,1,0,0.589562255,0.041269358,1.060590888,0.031817727,0.555880936,3341.790724,33.41790724,1,ok,0.439171211,0.904683065
Vodopadniy,780,RGI2000-v7.0-G-10-01576,87.78030396,50.04769898,"10: Asia, North",LT05_L2SP_144025_20101030_20200823_02_T1,9,10/30/10,4,0.681004437,0.345687387,0.024198117,0.791144399,0.023734332,0.436946008,3418.415578,34.18415578,1,ok,0.448160975,0.297254902
Vodopadniy,780,RGI2000-v7.0-G-10-01576,87.78030396,50.04769898,"10: Asia, North",LT05_L2SP_144025_20110915_20200820_02_T1,9,9/15/11,3,0.312250943,0.671017977,0.046971258,1.082680393,0.032480412,0.619774757,3285.6619,32.856619,1,ok,0.371769843,0.617705351
White,0,RGI2000-v7.0-G-03-02830,-90.87697,79.5146,"03: Arctic Canada, North",LC08_L2SP_056002_20150816_20200908_02_T1,8,8/16/15,0.97,0.915676174,20.9373821,1.465616747,37.35095206,1.120528562,0.56055819,1132.049311,11.32049311,1,ok,0.439495859,0.719366922
White,0,RGI2000-v7.0-G-03-02830,-90.87697,79.5146,"03: Arctic Canada, North",LC08_L2SP_053003_20200808_20200916_02_T1,8,8/8/20,0.56,0.640848876,21.2793253,1.489552771,37.23158449,1.116947535,0.57153961,1132.032385,11.32032385,1,ok,0.43053297,0.835466794
White,0,RGI2000-v7.0-G-03-02830,-90.87697,79.5146,"03: Arctic Canada, North",LC08_L2SP_056002_20140813_20200911_02_T1,8,8/13/14,0.74,1.026523086,19.05938302,1.334156811,37.14545141,1.114363542,0.513101397,1171.934989,11.71934989,1,ok,0.489168872,0.966766726
White,0,RGI2000-v7.0-G-03-02830,-90.87697,79.5146,"03: Arctic Canada, North",LT05_L2SP_056002_20070810_20200830_02_T1,8,8/10/07,1,1.758742998,20.54070428,1.4378493,38.71919291,1.161575787,0.530504454,1156.002656,11.56002656,1,ok,0.47086012,0.953540929
White,0,RGI2000-v7.0-G-03-02830,-90.87697,79.5146,"03: Arctic Canada, North",LC08_L2SP_052003_20190815_20200828_02_T1,8,8/15/19,1.12,1.513434326,20.40882074,1.428617452,36.12063274,1.083618982,0.565018362,1140.003629,11.40003629,1,ok,0.438936061,0.935958472
White,0,RGI2000-v7.0-G-03-02830,-90.87697,79.5146,"03: Arctic Canada, North",LC08_L2SP_051003_20170818_20200903_02_T1,8,8/18/17,0.45,0.108678717,31.15574952,2.180902466,39.46393025,1.183917908,0.789474067,852.0857043,8.520857043,1,ok,0.207675931,0.316781812
White,0,RGI2000-v7.0-G-03-02830,-90.87697,79.5146,"03: Arctic Canada, North",LC08_L2SP_052003_20160822_20200906_02_T1,8,8/22/16,9.28,0.118729733,29.84298856,2.0890092,37.81047337,1.134314201,0.789278364,836.1108791,8.361108791,1,ok,0.20840413,0.26569718
White,0,RGI2000-v7.0-G-03-02830,-90.87697,79.5146,"03: Arctic Canada, North",LC08_L2SP_051003_20210813_20210819_02_T1,8,8/13/21,2.17,1.434269966,22.71700781,1.590190547,37.01427886,1.110428366,0.613736334,1099.995982,10.99995982,1,ok,0.389646441,0.542510922
White,0,RGI2000-v7.0-G-03-02830,-90.87697,79.5146,"03: Arctic Canada, North",LT05_L2SP_051003_20060804_20200831_02_T1,8,8/4/06,7,0.419974496,25.38911353,1.777237947,39.50791761,1.185237528,0.642633555,1060.026882,10.60026882,1,ok,0.357967669,0.502062274
White,0,RGI2000-v7.0-G-03-02830,-90.87697,79.5146,"03: Arctic Canada, North",LC08_L2SP_051003_20180821_20200831_02_T1,8,8/21/18,0.7,0.173993516,27.67609633,1.937326743,37.99594329,1.139878299,0.728396085,972.2348941,9.722348941,1,ok,0.275544799,0.260554885
White,0,RGI2000-v7.0-G-03-02830,-90.87697,79.5146,"03: Arctic Canada, North",LE07_L2SP_051003_20020801_20200916_02_T1,8,8/1/02,13,10.06039518,20.75578535,1.452904974,36.57634184,1.097290255,0.567464768,1115.988585,11.15988585,1,ok,0.431913064,0.676256524
White,0,RGI2000-v7.0-G-03-02830,-90.87697,79.5146,"03: Arctic Canada, North",LC08_L2SP_051003_20130823_20200912_02_T1,8,8/23/13,0.18,0.043943784,28.94100777,2.025870544,36.23069782,1.086920935,0.798797967,795.9770102,7.959770102,1,ok,0.203012594,0.252961654
White,0,RGI2000-v7.0-G-03-02830,-90.87697,79.5146,"03: Arctic Canada, North",LC08_L2SP_058002_20220801_20220805_02_T1,8,8/1/22,3.14,3.494689695,19.52256481,1.366579537,35.95894385,1.078768316,0.542912631,1163.874823,11.63874823,1,ok,0.458678181,0.907234387
White,0,RGI2000-v7.0-G-03-02830,-90.87697,79.5146,"03: Arctic Canada, North",LC09_L2SP_055002_20240809_20240810_02_T1,8,8/9/24,3.44,0.309085564,25.31584727,1.772109309,36.9791276,1.109373828,0.684598283,1020.002515,10.20002515,1,ok,0.317613092,0.421961884
White,0,RGI2000-v7.0-G-03-02830,-90.87697,79.5146,"03: Arctic Canada, North",LC09_L2SP_059002_20230819_20230821_02_T1,8,8/19/23,0.76,3.243922378,16.34653657,1.14425756,34.69544729,1.040863419,0.471143561,1220.007354,12.20007354,1,ok,0.468926205,0.677792978
White,0,RGI2000-v7.0-G-03-02830,-90.87697,79.5146,"03: Arctic Canada, North",LE07_L2SP_051003_19990708_20200918_02_T1,8,7/8/99,1,0.710605184,24.83160527,1.738212369,40.11795398,1.203538619,0.618964897,1076.058536,10.76058536,1,ok,0.380124664,0.5822551
White,0,RGI2000-v7.0-G-03-02830,-90.87697,79.5146,"03: Arctic Canada, North",LE07_L2SP_056002_20000729_20200918_02_T1,8,7/29/00,2,10.35431178,24.0557379,1.683901653,39.46694538,1.184008361,0.609516082,1092.001919,10.92001919,1,ok,0.392417576,0.727847171
White,0,RGI2000-v7.0-G-03-02830,-90.87697,79.5146,"03: Arctic Canada, North",LT05_L2SP_053003_19910708_20200915_02_T1,8,7/8/91,11,0.154618974,32.21598348,2.255118843,40.52886274,1.215865882,0.794889896,844.0831684,8.440831684,1,ok,0.20340073,0.237132458
White,0,RGI2000-v7.0-G-03-02830,-90.87697,79.5146,"03: Arctic Canada, North",LT05_L2SP_055003_20090824_20200825_02_T1,8,8/24/09,0,0.304733095,25.33157064,1.773209945,37.52839994,1.125851998,0.674997354,1003.937408,10.03937408,1,ok,0.323537717,0.52248375
White,0,RGI2000-v7.0-G-03-02830,-90.87697,79.5146,"03: Arctic Canada, North",LT05_L2SP_057002_20080702_20200829_02_T1,8,7/2/08,2,2.468877647,21.63131889,1.514192322,39.03500356,1.171050107,0.554151836,1140.022969,11.40022969,1,ok,0.447080959,0.786423329
Wolverine,94,RGI2000-v7.0-G-01-11350,-148.908,60.412,01: Alaska,LC08_L2SP_067018_20160831_20200906_02_T1,9,8/31/16,0.71,1.159378533,9.847172466,0.689302073,15.98148353,0.479444506,0.61616135,1228.156894,12.28156894,1,ok,0.383501667,0.174306831
Wolverine,94,RGI2000-v7.0-G-01-11350,-148.908,60.412,01: Alaska,LC08_L2SP_067018_20170919_20200903_02_T1,9,9/19/17,16.72,2.920196108,9.181384041,0.642696883,15.58664675,0.467599403,0.589054476,1252.068673,12.52068673,1,ok,0.409426025,0.371013154
Wolverine,94,RGI2000-v7.0-G-01-11350,-148.908,60.412,01: Alaska,LC08_L2SP_067018_20190808_20200827_02_T1,9,8/8/19,0.78,1.337435351,9.203279108,0.644229538,15.39864181,0.461959254,0.597668237,1252.078235,12.52078235,1,ok,0.401673999,0.383992836
Wolverine,94,RGI2000-v7.0-G-01-11350,-148.908,60.412,01: Alaska,LC08_L2SP_067018_20210829_20210909_02_T1,9,8/29/21,0.72,1.48625806,8.423301278,0.589631089,15.21246588,0.456373976,0.553710447,1275.870017,12.75870017,1,ok,0.444909358,0.326409496
Wolverine,94,RGI2000-v7.0-G-01-11350,-148.908,60.412,01: Alaska,LC08_L2SP_068018_20130915_20200913_02_T1,9,9/15/13,2.86,1.428794452,9.130153673,0.639110757,15.90876321,0.477262896,0.573907195,1252.069634,12.52069634,1,ok,0.425393708,0.444355607
Wolverine,94,RGI2000-v7.0-G-01-11350,-148.908,60.412,01: Alaska,LC08_L2SP_068018_20150804_20200908_02_T1,9,8/4/15,3.42,0.924239858,10.55135866,0.738595106,16.12629958,0.483788987,0.654295091,1187.778777,11.87778777,1,ok,0.344953278,0.131535944
Wolverine,94,RGI2000-v7.0-G-01-11350,-148.908,60.412,01: Alaska,LC08_L2SP_068018_20180828_20200831_02_T1,9,8/28/18,3.65,4.401511494,8.096739557,0.566771769,15.45035088,0.463510526,0.524048911,1284.023405,12.84023405,1,ok,0.474559765,0.698281564
Wolverine,94,RGI2000-v7.0-G-01-11350,-148.908,60.412,01: Alaska,LC08_L2SP_068018_20200817_20200920_02_T1,9,8/17/20,7.22,1.676048706,7.649553121,0.535468718,15.21172667,0.4563518,0.502872112,1291.886307,12.91886307,1,ok,0.49635298,0.384802207
Wolverine,94,RGI2000-v7.0-G-01-11350,-148.908,60.412,01: Alaska,LC09_L2SP_068018_20230818_20230822_02_T1,9,8/18/23,13.31,2.894960341,8.054326283,0.56380284,15.03124595,0.450937379,0.535838899,1284.003211,12.84003211,1,ok,0.461898069,0.370018864
Wolverine,94,RGI2000-v7.0-G-01-11350,-148.908,60.412,01: Alaska,LC09_L2SP_068018_20240820_20240821_02_T1,9,8/20/24,1.01,2.621787187,9.485399814,0.663977987,15.25161772,0.457548532,0.621927456,1244.176924,12.44176924,1,ok,0.376811416,0.292617671
Wolverine,94,RGI2000-v7.0-G-01-11350,-148.908,60.412,01: Alaska,LE07_L2SP_067018_19990926_20200918_02_T1,9,9/26/99,1,0.649399053,13.61620365,0.953134255,17.06781615,0.512034485,0.797770701,1036.38684,10.3638684,1,ok,0.199282009,0.166025523
Wolverine,94,RGI2000-v7.0-G-01-11350,-148.908,60.412,01: Alaska,LE07_L2SP_067018_20000726_20200917_02_T1,9,7/26/00,14,0.168553221,14.48028229,1.01361976,17.17006921,0.515102076,0.843344433,996.1619122,9.961619122,0,secondary_peak_too_small,0.155209984,0.0579447
Wolverine,94,RGI2000-v7.0-G-01-11350,-148.908,60.412,01: Alaska,LE07_L2SP_067018_20020801_20200916_02_T1,9,8/1/02,3,0.172933314,12.44521391,0.871164974,17.01821566,0.51054647,0.731287825,1075.818282,10.75818282,1,ok,0.26784368,0.137137137
Wolverine,94,RGI2000-v7.0-G-01-11350,-148.908,60.412,01: Alaska,LT05_L2SP_067018_19860728_20200917_02_T1,9,7/28/86,0,0.056599645,13.5170372,0.946192604,17.27187423,0.518156227,0.782603962,1036.372541,10.36372541,1,ok,0.215360956,0.110198989
Wolverine,94,RGI2000-v7.0-G-01-11350,-148.908,60.412,01: Alaska,LT05_L2SP_067018_20030913_20200904_02_T1,9,9/13/03,7,1.40600993,10.25209775,0.717646843,16.72776541,0.501832962,0.612879097,1212.071549,12.12071549,1,ok,0.384937987,0.389192041
Wolverine,94,RGI2000-v7.0-G-01-11350,-148.908,60.412,01: Alaska,LT05_L2SP_068018_20050808_20200902_02_T1,9,8/8/05,4,1.790172236,9.19260371,0.64348226,16.64168903,0.499250671,0.552384057,1260.024086,12.60024086,1,ok,0.447008859,0.282326788
Wolverine,94,RGI2000-v7.0-G-01-11350,-148.908,60.412,01: Alaska,LT05_L2SP_068018_20060827_20200831_02_T1,9,8/27/06,14,0.989177754,10.39931329,0.72795193,16.60830191,0.498249057,0.626151508,1204.146624,12.04146624,1,ok,0.371601845,0.315254331
Wolverine,94,RGI2000-v7.0-G-01-11350,-148.908,60.412,01: Alaska,LT05_L2SP_068018_20090803_20200827_02_T1,9,8/3/09,14,0.57041673,10.68302436,0.747811705,16.60032429,0.498009729,0.643543112,1187.78914,11.8778914,1,ok,0.355971677,0.138404653
Wurtenkees,545,RGI2000-v7.0-G-11-03703,13.0049,47.0385,11: Central Europe,LC08_L2SP_191028_20180927_20200830_02_T1,9,9/27/18,0.32,92.6686217,0.001841128,0.000128879,0.004909686,0.000147291,0.374999049,2609.445068,26.09445068,1,ok,0.333333333,1
Wurtenkees,545,RGI2000-v7.0-G-11-03703,13.0049,47.0385,11: Central Europe,LT05_L2SP_191027_19860903_20200918_02_T1,9,9/3/86,2,29.24501179,0.032399071,0.002267935,0.039715438,0.001191463,0.815780259,2594.506348,25.94506348,1,ok,0.188887906,0.468627451
Wurtenkees,545,RGI2000-v7.0-G-11-03703,13.0049,47.0385,11: Central Europe,LC08_L2SP_192027_20190921_20200826_02_T1,9,9/21/19,0.74,30.95854177,0.006750807,0.000472557,0.012226047,0.000366781,0.552165957,2606.364746,26.06364746,1,ok,0.326979472,0.667539267
Wurtenkees,545,RGI2000-v7.0-G-11-03703,13.0049,47.0385,11: Central Europe,LT05_L2SP_191027_20030918_20200904_02_T1,9,9/18/03,1,32.44781784,0.030021183,0.002101483,0.040885138,0.001226554,0.734281069,2600.295874,26.00295874,1,ok,0.285380218,0.648366013
Wurtenkees,545,RGI2000-v7.0-G-11-03703,13.0049,47.0385,11: Central Europe,LT05_L2SP_192027_19940815_20200913_02_T1,9,8/15/94,14,63.23385659,0.007364489,0.000515514,0.02393472,0.000718042,0.30769062,2633.068604,26.33068604,1,ok,0.285714286,1
Wurtenkees,545,RGI2000-v7.0-G-11-03703,13.0049,47.0385,11: Central Europe,LC08_L2SP_192027_20210910_20210916_02_T1,9,9/10/21,2.96,73.94054396,0.00613711,0.000429598,0.010433093,0.000312993,0.588234983,2604.828613,26.04828613,1,ok,0.384615385,1
Wurtenkees,545,RGI2000-v7.0-G-11-03703,13.0049,47.0385,11: Central Europe,LT05_L2SP_191027_19920919_20200914_02_T1,9,9/19/92,7,47.714335,0.010433093,0.000730317,0.018411309,0.000552339,0.566667626,2609.845703,26.09845703,1,ok,0.454545455,1
Wurtenkees,545,RGI2000-v7.0-G-11-03703,13.0049,47.0385,11: Central Europe,LT05_L2SP_192027_19980810_20200908_02_T1,9,8/10/98,1,51.69340463,0.018976858,0.00132838,0.031862353,0.000955871,0.595588707,2614.366455,26.14366455,1,ok,0.392230855,0.5
Wurtenkees,545,RGI2000-v7.0-G-11-03703,13.0049,47.0385,11: Central Europe,LC08_L2SP_192027_20130904_20200913_02_T1,9,9/4/13,1.95,59.13978495,0.01529219,0.001070453,0.0202019,0.000606057,0.75696789,2597.399902,25.97399902,1,ok,0.222396651,1
Wurtenkees,545,RGI2000-v7.0-G-11-03703,13.0049,47.0385,11: Central Europe,LT05_L2SP_192027_19850923_20200918_02_T1,9,9/23/85,8,37.43890518,0.023934674,0.001675427,0.037876702,0.001136301,0.631910185,2609.845703,26.09845703,1,ok,0.346511011,0.996078431
Wurtenkees,545,RGI2000-v7.0-G-11-03703,13.0049,47.0385,11: Central Europe,LT05_L2SP_191027_19960930_20200911_02_T1,9,9/30/96,3,0,0.037258086,0.002608066,0.053537118,0.001606114,0.69592999,2609.645386,26.09645386,1,ok,0.296268957,0.5
Wurtenkees,545,RGI2000-v7.0-G-11-03703,13.0049,47.0385,11: Central Europe,LT05_L2SP_192027_19990914_20200907_02_T1,9,9/14/99,2,50.11212696,0.005523361,0.000386635,0.022093592,0.000662808,0.249998332,2633.575195,26.33575195,1,ok,0.28,0.5
Wurtenkees,545,RGI2000-v7.0-G-11-03703,13.0049,47.0385,11: Central Europe,LC08_L2SP_192027_20141009_20200910_02_T1,9,10/9/14,16.15,63.57886263,0.0226567,0.001585969,0.030021266,0.000900638,0.754688371,2595.928711,25.95928711,1,ok,0.243364441,0.5
Wurtenkees,545,RGI2000-v7.0-G-11-03703,13.0049,47.0385,11: Central Europe,LT05_L2SP_191027_19880807_20200917_02_T1,9,8/7/88,1,33.55758726,0.031123507,0.002178645,0.037874305,0.001136229,0.821757834,2594.506348,25.94506348,1,ok,0.189011396,0.333333333
Wurtenkees,545,RGI2000-v7.0-G-11-03703,13.0049,47.0385,11: Central Europe,LT05_L2SP_191027_20050907_20200901_02_T1,9,9/7/05,4,55.18371572,0.014112877,0.000987901,0.026338964,0.000790169,0.535817463,2614.366455,26.14366455,1,ok,0.455872229,1
Wurtenkees,545,RGI2000-v7.0-G-11-03703,13.0049,47.0385,11: Central Europe,LT05_L2SP_191027_20060910_20200831_02_T1,9,9/10/06,1,53.78644126,0.003068561,0.000214799,0.008591962,0.000257759,0.35714325,2614.366455,26.14366455,1,ok,0.3,1
Wurtenkees,545,RGI2000-v7.0-G-11-03703,13.0049,47.0385,11: Central Europe,LT05_L2SP_192027_20100912_20200823_02_T1,9,9/12/10,2,39.87119775,0.02572524,0.001800767,0.037260596,0.001117818,0.690414086,2602.618652,26.02618652,1,ok,0.334978174,0.624836601
Wurtenkees,545,RGI2000-v7.0-G-11-03703,13.0049,47.0385,11: Central Europe,LT05_L2SP_191027_19930821_20200913_02_T1,9,8/21/93,3,48.76660342,0.022707283,0.00158951,0.033628902,0.001008867,0.675231181,2608.203369,26.08203369,1,ok,0.331246845,0.996078431
Wurtenkees,545,RGI2000-v7.0-G-11-03703,13.0049,47.0385,11: Central Europe,LT05_L2SP_191027_19870922_20201014_02_T1,9,9/22/87,6,43.02800299,0.00859188,0.000601432,0.02810551,0.000843165,0.305700899,2632.502441,26.32502441,1,ok,0.323135535,0.5
Wurtenkees,545,RGI2000-v7.0-G-11-03703,13.0049,47.0385,11: Central Europe,LT05_L2SP_191027_19910901_20200915_02_T1,9,9/1/91,9,33.70708987,0.025775835,0.001804308,0.040942851,0.001228286,0.629556436,2609.445068,26.09445068,1,ok,0.352916279,0.666666667
Wurtenkees,545,RGI2000-v7.0-G-11-03703,13.0049,47.0385,11: Central Europe,LE07_L2SP_192027_20020930_20200916_02_T1,9,9/30/02,1,0,0.028228164,0.001975971,0.053537118,0.001606114,0.527263421,2624.223022,26.24223022,1,ok,0.469802711,1
Wurtenkees,545,RGI2000-v7.0-G-11-03703,13.0049,47.0385,11: Central Europe,LT05_L2SP_191027_19900914_20200915_02_T1,9,9/14/90,6,14.77200851,0.038488011,0.002694161,0.047635915,0.001429077,0.807962043,2597.502197,25.97502197,1,ok,0.205579273,0.25
Wurtenkees,545,RGI2000-v7.0-G-11-03703,13.0049,47.0385,11: Central Europe,LT05_L2SP_191027_20091004_20200825_02_T1,9,10/4/09,4,39.34793859,0.012887942,0.000902156,0.020866232,0.000625987,0.617645872,2609.445068,26.09445068,1,ok,0.36,1
Wurtenkees,545,RGI2000-v7.0-G-11-03703,13.0049,47.0385,11: Central Europe,LT05_L2SP_191027_20000909_20200907_02_T1,9,9/9/00,5,0,0.034805765,0.002436404,0.052309687,0.001569291,0.66537895,2612.481283,26.12481283,1,ok,0.350174097,0.75
Wurtenkees,545,RGI2000-v7.0-G-11-03703,13.0049,47.0385,11: Central Europe,LT05_L2SP_192027_19890918_20211121_02_T1,9,9/18/89,2,25.6799494,0.034317169,0.002402202,0.042784006,0.00128352,0.802102749,2597.399902,25.97399902,1,ok,0.168876367,0.5
Wurtenkees,545,RGI2000-v7.0-G-11-03703,13.0049,47.0385,11: Central Europe,LT05_L2SP_191027_19950811_20211122_02_T1,9,8/11/95,4,35.20211604,0.030634953,0.002144447,0.038488011,0.00115464,0.79596094,2595.928711,25.95928711,1,ok,0.2118966,0.958169935
Wurtenkees,545,RGI2000-v7.0-G-11-03703,13.0049,47.0385,11: Central Europe,LT05_L2SP_191027_19970917_20200910_02_T1,9,9/17/97,0,39.53194181,0.021479849,0.001503589,0.039763593,0.001192908,0.540188845,2612.684082,26.12684082,1,ok,0.40730136,1
Zongo,26615,RGI2000-v7.0-G-16-03370,-68.1439,-16.274,16: Low Latitudes,LT05_L2SP_001071_20050904_20200901_02_T1,9,9/4/05,1,18.09481134,0.992469729,0.069472881,2.243811449,0.067314343,0.442314228,5444.192472,54.44192472,1,ok,0.447717231,0.654092795
Zongo,26615,RGI2000-v7.0-G-16-03370,-68.1439,-16.274,16: Low Latitudes,LT05_L2SP_001071_19920730_20200914_02_T1,9,7/30/92,10,8.099202884,1.247518377,0.087326286,2.517799825,0.075533995,0.495479571,5355.998761,53.55998761,1,ok,0.496845025,0.970700196
Zongo,26615,RGI2000-v7.0-G-16-03370,-68.1439,-16.274,16: Low Latitudes,LC08_L2SP_001071_20160817_20200906_02_T1,9,8/17/16,3.27,21.97328309,1.036228228,0.072535976,2.153390265,0.064601708,0.481207817,5427.664695,54.27664695,1,ok,0.487899649,1
Zongo,26615,RGI2000-v7.0-G-16-03370,-68.1439,-16.274,16: Low Latitudes,LT05_L2SP_001071_19950808_20200912_02_T1,9,8/8/95,6,10.64425448,1.115936766,0.078115574,2.408185326,0.07224556,0.463393226,5403.896713,54.03896713,1,ok,0.472199398,0.604651163
Zongo,26615,RGI2000-v7.0-G-16-03370,-68.1439,-16.274,16: Low Latitudes,LT05_L2SP_001071_20100817_20200824_02_T1,9,8/17/10,2,21.39395703,0.918549595,0.064298472,2.112209164,0.063366275,0.434876248,5468.016825,54.68016825,1,ok,0.442091752,0.419354839
Zongo,26615,RGI2000-v7.0-G-16-03370,-68.1439,-16.274,16: Low Latitudes,LT05_L2SP_001071_19940720_20200913_02_T1,9,7/20/94,12,7.437918409,1.413653965,0.098955778,2.498446157,0.074953385,0.56581326,5291.174526,52.91174526,1,ok,0.425959111,0.869565217
Zongo,26615,RGI2000-v7.0-G-16-03370,-68.1439,-16.274,16: Low Latitudes,LC08_L2SP_001071_20150831_20200908_02_T1,9,8/31/15,3.13,19.01422655,1.507756551,0.105542959,2.304755288,0.069142659,0.65419377,5260.426947,52.60426947,1,ok,0.340457072,0.58974359
Zongo,26615,RGI2000-v7.0-G-16-03370,-68.1439,-16.274,16: Low Latitudes,LC08_L2SP_001071_20190826_20200826_02_T1,9,8/26/19,13,20.63692674,1.339540683,0.093767848,2.159276641,0.064778299,0.620365477,5324.62672,53.2462672,1,ok,0.375197438,0.65625
Zongo,26615,RGI2000-v7.0-G-16-03370,-68.1439,-16.274,16: Low Latitudes,LC08_L2SP_001071_20200828_20200906_02_T1,9,8/28/20,2.89,19.9548335,1.172732301,0.082091261,1.856383815,0.055691514,0.631729437,5380.199808,53.80199808,1,ok,0.36110553,0.676763979
Zongo,26615,RGI2000-v7.0-G-16-03370,-68.1439,-16.274,16: Low Latitudes,LT05_L2SP_001071_20060721_20200831_02_T1,9,7/21/06,2,15.23890497,1.162191529,0.081353407,2.247019367,0.067410581,0.517214736,5388.469512,53.88469512,1,ok,0.473360662,0.911764706
Zongo,26615,RGI2000-v7.0-G-16-03370,-68.1439,-16.274,16: Low Latitudes,LE07_L2SP_001071_20020819_20200916_02_T1,9,8/19/02,6,31.42850213,0.138925064,0.009724754,2.529908976,0.075897269,0.054913068,5819.968928,58.19968928,1,ok,0.056660652,0.144444444
Zongo,26615,RGI2000-v7.0-G-16-03370,-68.1439,-16.274,16: Low Latitudes,LC08_L2SP_001071_20180908_20200831_02_T1,9,9/8/18,6.64,16.8660733,1.506003608,0.105420253,2.303586726,0.069107602,0.653764667,5260.563366,52.60563366,1,ok,0.338807366,0.691048593
Zongo,26615,RGI2000-v7.0-G-16-03370,-68.1439,-16.274,16: Low Latitudes,LT05_L2SP_001071_20080827_20200829_02_T1,9,8/27/08,4,15.04409414,1.506613811,0.105462967,2.301018619,0.069030559,0.654759505,5260.551351,52.60551351,1,ok,0.339812688,0.630434783
Zongo,26615,RGI2000-v7.0-G-16-03370,-68.1439,-16.274,16: Low Latitudes,LT05_L2SP_001071_20030830_20200904_02_T1,9,8/30/03,11,10.34667647,0.144848726,0.010139411,2.422632446,0.072678973,0.059789807,5819.968928,58.19968928,1,ok,0.062243564,0.23880597
Zongo,26615,RGI2000-v7.0-G-16-03370,-68.1439,-16.274,16: Low Latitudes,LT05_L2SP_001071_19930802_20200913_02_T1,9,8/2/93,6,8.542442208,1.535729812,0.107501087,2.525706867,0.075771206,0.608039608,5251.773809,52.51773809,1,ok,0.386231603,0.757575758
Zongo,26615,RGI2000-v7.0-G-16-03370,-68.1439,-16.274,16: Low Latitudes,LC09_L2SP_001071_20220826_20230401_02_T1,9,8/26/22,9.06,21.09510241,1.212153699,0.084850759,2.010044652,0.06030134,0.603048145,5364.519058,53.64519058,1,ok,0.388671837,0.743589744
Zongo,26615,RGI2000-v7.0-G-16-03370,-68.1439,-16.274,16: Low Latitudes,LC09_L2SP_001071_20230829_20230831_02_T1,9,8/29/23,2.3,22.42060756,0.982018223,0.068741276,1.932022344,0.05796067,0.508285127,5452.131673,54.52131673,1,ok,0.485115238,0.763157895
Zongo,26615,RGI2000-v7.0-G-16-03370,-68.1439,-16.274,16: Low Latitudes,LC09_L2SP_001071_20240815_20240816_02_T1,9,8/15/24,7.53,21.20489095,1.012962241,0.070907357,1.890787802,0.056723634,0.535735549,5436.194151,54.36194151,1,ok,0.45538526,0.918918919
Zongo,26615,RGI2000-v7.0-G-16-03370,-68.1439,-16.274,16: Low Latitudes,LT05_L2SP_001071_19860730_20200917_02_T1,9,7/30/86,7,44.44738065,1.775590404,0.124291328,2.50785404,0.075235621,0.70801186,5140.067344,51.40067344,1,ok,0.285675766,0.557627991
Zongo,26615,RGI2000-v7.0-G-16-03370,-68.1439,-16.274,16: Low Latitudes,LT05_L2SP_001071_19870802_20201014_02_T1,9,8/2/87,3,6.088668291,1.444757674,0.101133037,2.569457458,0.077083724,0.56228122,5282.974101,52.82974101,1,ok,0.427913425,0.864556079
Zongo,26615,RGI2000-v7.0-G-16-03370,-68.1439,-16.274,16: Low Latitudes,LT05_L2SP_001071_19900725_20200916_02_T1,9,7/25/90,11,5.392532337,1.384972353,0.096948065,2.564825262,0.076944758,0.539987021,5307.854004,53.07854004,1,ok,0.449378388,0.851851852
Zongo,26615,RGI2000-v7.0-G-16-03370,-68.1439,-16.274,16: Low Latitudes,LT05_L2SP_001071_19910813_20230523_02_T1,9,8/13/91,10,2.934417942,1.653992876,0.115779501,2.598539947,0.077956198,0.636508543,5204.318587,52.04318587,1,ok,0.349715526,0.823119015
Zongo,26615,RGI2000-v7.0-G-16-03370,-68.1439,-16.274,16: Low Latitudes,LT05_L2SP_001071_19970829_20240106_02_T1,9,8/29/97,3,6.64093019,0.154341786,0.010803925,2.509951825,0.075298555,0.061491932,5804.390695,58.04390695,1,ok,0.063580724,0.2
Zongo,26615,RGI2000-v7.0-G-16-03370,-68.1439,-16.274,16: Low Latitudes,LT05_L2SP_001071_19990819_20200907_02_T1,9,8/19/99,3,14.26676573,1.693219727,0.118525381,2.414581038,0.072437431,0.701247836,5187.489766,51.87489766,1,ok,0.292632874,0.435897436